stage9_run_id,source_training_run_id,phase,checkpoint_step,checkpoint_sha256,fidelity_threshold,search_status,retained_heads,retained_neurons,total_retained_components,retained_proportion,final_exact_fidelity,masked_ground_truth_accuracy,masked_cross_entropy,mean_kl_divergence,mean_jensen_shannon_divergence,accepted_removals,exact_evaluations_used,ranking_passes,budget_exhausted,locally_single_deletion_minimal,meaningfully_sparse,threshold_calibration_eligibility,final_mask_path,final_mask_sha256,raw_trajectory_path,raw_trajectory_sha256,candidate_log_path,candidate_log_sha256,cell_summary_path,cell_summary_sha256
stage9-sparse-s1-27fffed087e6,modular-addition-training-s1-5f1bc9dee7ab,stable post-grokking,9050,5b449db5ff9a62d5b621450c013bc25949499ed767e6db1723561a4e87ab8d70,0.99,valid_sparse_circuit,4,142,146,0.28294573643410853,0.9900540371211528,0.9895841491111285,0.09248444461917989,0.08904151091864036,0.028397875863744284,370,6098,371,False,True,True,eligible_for_later_stage11_primary_threshold_calibration,results/raw/stage9-sparse-s1-27fffed087e6/step_00009050/threshold_09900/final_mask.json,f61240e67b41fa8f60cbe20d22bb6182b9a226f984a4aa7d219ec7bc27758446,results/raw/stage9-sparse-s1-27fffed087e6/step_00009050/threshold_09900/accepted_removals.jsonl,dc824a0a054cb76c0b106d39f0c07b566159682ebadc43c18518c69186b4c6a1,results/raw/stage9-sparse-s1-27fffed087e6/step_00009050/threshold_09900/candidate_evaluations.jsonl,2d9d9b32be14e1e0812a0c4e3cd96fcfa74bc8f9fd73daa51e0d27d64b19e32a,results/raw/stage9-sparse-s1-27fffed087e6/step_00009050/threshold_09900/cell_summary.json,b8b9d912912f9bcfacb5db7021893f47bbe4173cc86bbbfae9e3b66a7a027805
stage9-sparse-s1-27fffed087e6,modular-addition-training-s1-5f1bc9dee7ab,stable post-grokking,9050,5b449db5ff9a62d5b621450c013bc25949499ed767e6db1723561a4e87ab8d70,0.975,valid_sparse_circuit,4,115,119,0.23062015503875968,0.9750176208003759,0.974626047458689,0.15900301516753323,0.15566163742202505,0.04811356763209893,397,6599,398,False,True,True,eligible_for_later_stage11_primary_threshold_calibration,results/raw/stage9-sparse-s1-27fffed087e6/step_00009050/threshold_09750/final_mask.json,443c313d15fdcba61fe5ec0caa74c517a080e2216d493c9c064cec2461d1c60f,results/raw/stage9-sparse-s1-27fffed087e6/step_00009050/threshold_09750/accepted_removals.jsonl,8e98319db8ca0cdf4248adb0e0f4125869e15a6c60c1702a7824be7e48c958fb,results/raw/stage9-sparse-s1-27fffed087e6/step_00009050/threshold_09750/candidate_evaluations.jsonl,e4f720a66f446f2c4ee8e35c71da76420442a4765857c5777086933af796892e,results/raw/stage9-sparse-s1-27fffed087e6/step_00009050/threshold_09750/cell_summary.json,f5e7f2954131728bc04c6abb478c12e739ab3d43654e4a720b4805ab0ce74c66
stage9-sparse-s1-27fffed087e6,modular-addition-training-s1-5f1bc9dee7ab,stable post-grokking,9050,5b449db5ff9a62d5b621450c013bc25949499ed767e6db1723561a4e87ab8d70,0.95,valid_sparse_circuit,4,104,108,0.20930232558139536,0.950896702952463,0.9505834442791135,0.23088000813250406,0.22737808174101037,0.06777957392772437,408,6780,409,False,True,True,eligible_for_later_stage11_primary_threshold_calibration,results/raw/stage9-sparse-s1-27fffed087e6/step_00009050/threshold_09500/final_mask.json,be465e02768cf7eda8127f8c0c91b0905eefd6c6942941c6116ba0dd15c03898,results/raw/stage9-sparse-s1-27fffed087e6/step_00009050/threshold_09500/accepted_removals.jsonl,ff12a607acf7534be95a5cb60e128d66e8900e71a0d508e53475829a08ff0345,results/raw/stage9-sparse-s1-27fffed087e6/step_00009050/threshold_09500/candidate_evaluations.jsonl,aa0e83912d0ba7995e827c61dd3d3c4ad84c33cae20d143526df12291a7c124d,results/raw/stage9-sparse-s1-27fffed087e6/step_00009050/threshold_09500/cell_summary.json,4d98e43bb441b39c04541fcffb77cccf52265578758b1b4cb93341ee49ae6fd0
stage9-sparse-s1-27fffed087e6,modular-addition-training-s1-5f1bc9dee7ab,stable post-grokking,9050,5b449db5ff9a62d5b621450c013bc25949499ed767e6db1723561a4e87ab8d70,0.9,valid_sparse_circuit,4,78,82,0.15891472868217055,0.9003054272065157,0.8999921685331662,0.3809693600525678,0.3772179271599095,0.10761764985579339,434,7042,435,False,True,True,eligible_for_later_stage11_primary_threshold_calibration,results/raw/stage9-sparse-s1-27fffed087e6/step_00009050/threshold_09000/final_mask.json,91e2f13a982f3cd5632a9ae17900c6ca64184af5aee1a50a30af792392ee060b,results/raw/stage9-sparse-s1-27fffed087e6/step_00009050/threshold_09000/accepted_removals.jsonl,500d0d17566760eb489fed2907a696f0b07f3a7af7c06014cb061739ef4b957f,results/raw/stage9-sparse-s1-27fffed087e6/step_00009050/threshold_09000/candidate_evaluations.jsonl,cc12089342a2606e3cf8874c141eda3560518aa9157412e4083664e64944a0ed,results/raw/stage9-sparse-s1-27fffed087e6/step_00009050/threshold_09000/cell_summary.json,eda71ccef0f1517d6e98b6b9fb977d712743bbb268cb492510fc75837977235e
stage9-sparse-s1-27fffed087e6,modular-addition-training-s1-5f1bc9dee7ab,stable post-grokking,9050,5b449db5ff9a62d5b621450c013bc25949499ed767e6db1723561a4e87ab8d70,0.85,valid_sparse_circuit,4,73,77,0.14922480620155038,0.8512021301589788,0.8508888714856293,0.4973451098711865,0.4937716457098281,0.1341619761603891,439,7101,440,False,True,True,eligible_for_later_stage11_primary_threshold_calibration,results/raw/stage9-sparse-s1-27fffed087e6/step_00009050/threshold_08500/final_mask.json,3309027cc538ad67a7dc602b43a72f66c5f9e06269b322144766d1e09f437c3a,results/raw/stage9-sparse-s1-27fffed087e6/step_00009050/threshold_08500/accepted_removals.jsonl,35e822756008e7b8007c7e764d918fedd1d5a31879e5d01190821cbaae4161af,results/raw/stage9-sparse-s1-27fffed087e6/step_00009050/threshold_08500/candidate_evaluations.jsonl,d7bc3b47748fb6a6603b5f71134ff76548e95b46c264a72d58a577081dac9888,results/raw/stage9-sparse-s1-27fffed087e6/step_00009050/threshold_08500/cell_summary.json,2dd120ab8404ea74f393248305a2f75910f8e01a8723f1294275bf20533391dd
stage9-sparse-s1-27fffed087e6,modular-addition-training-s1-5f1bc9dee7ab,stable post-grokking,9050,5b449db5ff9a62d5b621450c013bc25949499ed767e6db1723561a4e87ab8d70,0.8,valid_sparse_circuit,4,60,64,0.12403100775193798,0.8010024277547184,0.8006891690813689,0.6440917372098328,0.640452293960197,0.16964068560844742,452,7328,453,False,True,True,eligible_for_later_stage11_primary_threshold_calibration,results/raw/stage9-sparse-s1-27fffed087e6/step_00009050/threshold_08000/final_mask.json,12aa85d7ae7daeb18aa6a18d1709a76ad10c2bb373531fbc0a710934e1a5b08a,results/raw/stage9-sparse-s1-27fffed087e6/step_00009050/threshold_08000/accepted_removals.jsonl,6cf023e457b44d5bca6ec9f1a644e47a3bf4181fe41d11693af06f95cd9dfdf4,results/raw/stage9-sparse-s1-27fffed087e6/step_00009050/threshold_08000/candidate_evaluations.jsonl,c505c3cafa62a238ec1854a97bc61e93919996ac4e4c1c6e7fb3b13113dc381f,results/raw/stage9-sparse-s1-27fffed087e6/step_00009050/threshold_08000/cell_summary.json,17723505a12e95704ede73fd2cf09deadebbe230ae63ff1a354c4d11421df7cf
stage9-sparse-s1-27fffed087e6,modular-addition-training-s1-5f1bc9dee7ab,pre-grokking,200,815265490d13d24a0d6d29eb99a900ee186f78cd0a63593de1a62af7ce710f7a,0.99,valid_but_not_meaningfully_sparse,4,511,515,0.998062015503876,0.9916203304879004,0.3338554311222492,12.789400000909776,0.003793700060677007,0.0009095350201231025,1,611,2,False,True,False,excluded_from_primary_threshold_calibration,results/raw/stage9-sparse-s1-27fffed087e6/step_00000200/threshold_09900/final_mask.json,63623939ed03805cb033ed348ebf48c00e66d6ce2e25795b3556ec1b37c3009f,results/raw/stage9-sparse-s1-27fffed087e6/step_00000200/threshold_09900/accepted_removals.jsonl,90540532f5208999af0261e38175c2cb659d5b4b745a3119519980842248bf95,results/raw/stage9-sparse-s1-27fffed087e6/step_00000200/threshold_09900/candidate_evaluations.jsonl,4b1e0fc0c07216fda7587ae6d547c270f075fd5f08f819ff4cb08cdd0a01a764,results/raw/stage9-sparse-s1-27fffed087e6/step_00000200/threshold_09900/cell_summary.json,e5561d1c3469c85650add4a6ff35a08503ca8dfda145e4fe33c3d5bde9c0b424
stage9-sparse-s1-27fffed087e6,modular-addition-training-s1-5f1bc9dee7ab,pre-grokking,200,815265490d13d24a0d6d29eb99a900ee186f78cd0a63593de1a62af7ce710f7a,0.975,valid_but_not_meaningfully_sparse,4,510,514,0.9961240310077519,0.9770538021771478,0.33401206045892395,12.795231346184083,0.015862393325226466,0.0037023249245232074,2,690,3,False,True,False,excluded_from_primary_threshold_calibration,results/raw/stage9-sparse-s1-27fffed087e6/step_00000200/threshold_09750/final_mask.json,2c167cbcb419cdb5908408b66759daf1a15e3d715d82c76cb55fc92a20237b6d,results/raw/stage9-sparse-s1-27fffed087e6/step_00000200/threshold_09750/accepted_removals.jsonl,6df77f027d81aedb75f0a1a1c1ebef5420dc4dcee3b74d918306069a5d3c62be,results/raw/stage9-sparse-s1-27fffed087e6/step_00000200/threshold_09750/candidate_evaluations.jsonl,423b69560ee4f361d5375cc88ad1d728e7a09b3b23d49eaef8a83c4bfee09abc,results/raw/stage9-sparse-s1-27fffed087e6/step_00000200/threshold_09750/cell_summary.json,a23050d49006b3e780e7a2f979ba320495df2a1ed4c280a398945af2a9c80932
stage9-sparse-s1-27fffed087e6,modular-addition-training-s1-5f1bc9dee7ab,pre-grokking,200,815265490d13d24a0d6d29eb99a900ee186f78cd0a63593de1a62af7ce710f7a,0.95,valid_but_not_meaningfully_sparse,4,508,512,0.9922480620155039,0.9501135562690892,0.3327590257655259,12.807985035962103,0.04426248105274699,0.009722768161903076,4,864,5,False,True,False,excluded_from_primary_threshold_calibration,results/raw/stage9-sparse-s1-27fffed087e6/step_00000200/threshold_09500/final_mask.json,6a9bf434dbbd445284813b15c4e19b6da6520bbdc500c6bd65074646b3642f63,results/raw/stage9-sparse-s1-27fffed087e6/step_00000200/threshold_09500/accepted_removals.jsonl,d1654e366775bc7bdc1e88af642816b04458839582fc563e3f15742f20746b59,results/raw/stage9-sparse-s1-27fffed087e6/step_00000200/threshold_09500/candidate_evaluations.jsonl,b327a860b7a5042ce751092331fb3fbcb1205a79c4a7460f0081b8bfa6904007,results/raw/stage9-sparse-s1-27fffed087e6/step_00000200/threshold_09500/cell_summary.json,f6482c58643f9b8258c89444548cd4bc9e97ad589aa6674150a3e00de70ee8fe
stage9-sparse-s1-27fffed087e6,modular-addition-training-s1-5f1bc9dee7ab,pre-grokking,200,815265490d13d24a0d6d29eb99a900ee186f78cd0a63593de1a62af7ce710f7a,0.9,valid_but_not_meaningfully_sparse,4,505,509,0.9864341085271318,0.9002271125381784,0.33291565510220067,12.801054809810779,0.08404777587408367,0.01906293406745441,7,1053,8,False,True,False,excluded_from_primary_threshold_calibration,results/raw/stage9-sparse-s1-27fffed087e6/step_00000200/threshold_09000/final_mask.json,ad1b734ad7acb95b0a57cbfb387bde5199e06914cd45f3938572c113f1144d98,results/raw/stage9-sparse-s1-27fffed087e6/step_00000200/threshold_09000/accepted_removals.jsonl,e684cffa2d9680970d8133dd6ecfe2e324fb68a04db42d966b14358c65db3924,results/raw/stage9-sparse-s1-27fffed087e6/step_00000200/threshold_09000/candidate_evaluations.jsonl,4f494f9edebd9c78a4e1497fd306a849edc68394f1ecff2aba681c3531b934b7,results/raw/stage9-sparse-s1-27fffed087e6/step_00000200/threshold_09000/cell_summary.json,9bfc9a876c4966a17717f97cc37278a138f5dbdec16ca90a63350285a1717cee
stage9-sparse-s1-27fffed087e6,modular-addition-training-s1-5f1bc9dee7ab,pre-grokking,200,815265490d13d24a0d6d29eb99a900ee186f78cd0a63593de1a62af7ce710f7a,0.85,valid_but_not_meaningfully_sparse,4,500,504,0.9767441860465116,0.8501057248022554,0.3304095857154045,12.785978109730937,0.1622574344288814,0.035762718407372204,12,1416,13,False,True,False,excluded_from_primary_threshold_calibration,results/raw/stage9-sparse-s1-27fffed087e6/step_00000200/threshold_08500/final_mask.json,b9817b29ecf09b7ccc904e4f5e5cba7c59dd47f3e3789e83ad9a2a7b766d077b,results/raw/stage9-sparse-s1-27fffed087e6/step_00000200/threshold_08500/accepted_removals.jsonl,559d837adfdf8f62d3cef966a7f1eba3e3597821c264c7edc8ba271e0a0fa2bc,results/raw/stage9-sparse-s1-27fffed087e6/step_00000200/threshold_08500/candidate_evaluations.jsonl,c74e79dcca7e16814f2da7a97f60f1714ff00d2c41f9b783f0b8e5562253a778,results/raw/stage9-sparse-s1-27fffed087e6/step_00000200/threshold_08500/cell_summary.json,ed4db0dc7722aa3328433f4fd7ade348e661d4466405d62a57edc98e8b11c58d
stage9-sparse-s1-27fffed087e6,modular-addition-training-s1-5f1bc9dee7ab,pre-grokking,200,815265490d13d24a0d6d29eb99a900ee186f78cd0a63593de1a62af7ce710f7a,0.8,valid_but_not_meaningfully_sparse,4,492,496,0.9612403100775194,0.80006265173467,0.3262589082935234,12.756791189245485,0.2642451059805196,0.057051169719920046,20,1424,21,False,True,False,excluded_from_primary_threshold_calibration,results/raw/stage9-sparse-s1-27fffed087e6/step_00000200/threshold_08000/final_mask.json,bbbac5e5f29472ae0cd59f0972d76f35dc90fb8319a31b0cb8cdc02f11cc2437,results/raw/stage9-sparse-s1-27fffed087e6/step_00000200/threshold_08000/accepted_removals.jsonl,413ee0dc064f2b070e0f4bce8f2971b703531dbbcc1d2639b7273240cb0892bb,results/raw/stage9-sparse-s1-27fffed087e6/step_00000200/threshold_08000/candidate_evaluations.jsonl,11d3cfcbe484f08737983a62d00867f1b7cfb8ea240d90afd728af33e096a35c,results/raw/stage9-sparse-s1-27fffed087e6/step_00000200/threshold_08000/cell_summary.json,a83f7e21fa03091f5649411072667e7a65530d1d72616196c3658d16642310a2
stage9-sparse-s1-27fffed087e6,modular-addition-training-s1-5f1bc9dee7ab,50%,8150,94d77d3cfefba5700b9f1fcf6f393cc7a6f94e0447d55be1e8d6d786ce7d5810,0.99,valid_but_not_meaningfully_sparse,4,510,514,0.9961240310077519,0.9911504424778761,0.639987469653066,2.684512511221824,0.0021472218888847244,0.0005323254119856051,2,754,3,False,True,False,excluded_from_primary_threshold_calibration,results/raw/stage9-sparse-s1-27fffed087e6/step_00008150/threshold_09900/final_mask.json,10ac9068fbb0e63f445f7b54d1817ec90bac38ba5c918d2e6c6ffa92e9c61d85,results/raw/stage9-sparse-s1-27fffed087e6/step_00008150/threshold_09900/accepted_removals.jsonl,92efd7c564a5e061c7509f0df56d1388318bf6eefc42e4244bb5d4948178b974,results/raw/stage9-sparse-s1-27fffed087e6/step_00008150/threshold_09900/candidate_evaluations.jsonl,404a50dff8080e091cec93ae4e6981ed971624425ada05446ab96aabab4f41d3,results/raw/stage9-sparse-s1-27fffed087e6/step_00008150/threshold_09900/cell_summary.json,cababcdfd652dc875b9d8cb66e183f9ea61f312425911030f44262bf536c4db5
stage9-sparse-s1-27fffed087e6,modular-addition-training-s1-5f1bc9dee7ab,50%,8150,94d77d3cfefba5700b9f1fcf6f393cc7a6f94e0447d55be1e8d6d786ce7d5810,0.975,valid_but_not_meaningfully_sparse,4,508,512,0.9922480620155039,0.9755658234787375,0.641632077688151,2.6752398106705395,0.016826949762827642,0.003882635219840773,4,592,5,False,True,False,excluded_from_primary_threshold_calibration,results/raw/stage9-sparse-s1-27fffed087e6/step_00008150/threshold_09750/final_mask.json,0711593c84da8f12158afcd5395248617f6d7230e5ad4373704c7fb68feaac2a,results/raw/stage9-sparse-s1-27fffed087e6/step_00008150/threshold_09750/accepted_removals.jsonl,4decb45e7c5d4c14fa70a82610ba85d2e28de8c677334c32839e37dab89af43e,results/raw/stage9-sparse-s1-27fffed087e6/step_00008150/threshold_09750/candidate_evaluations.jsonl,5814c69be1d2a8cdba2d9ed26695c5e02a29b94dd980d22a60dbbb8597f4343e,results/raw/stage9-sparse-s1-27fffed087e6/step_00008150/threshold_09750/cell_summary.json,94ffe793d3ba14776b5bddee7be0db7c1acd1a1fed6fda70046b6592e7e8341b
stage9-sparse-s1-27fffed087e6,modular-addition-training-s1-5f1bc9dee7ab,50%,8150,94d77d3cfefba5700b9f1fcf6f393cc7a6f94e0447d55be1e8d6d786ce7d5810,0.95,valid_but_not_meaningfully_sparse,4,495,499,0.9670542635658915,0.9503485002741013,0.6390476936330175,2.68396324039849,0.049274159603519635,0.011105932143100109,17,1523,18,False,True,False,excluded_from_primary_threshold_calibration,results/raw/stage9-sparse-s1-27fffed087e6/step_00008150/threshold_09500/final_mask.json,7f67e02de4c525e55248be9615dc2df556dcb47c34a3cb3f49c0c9581a9e39bf,results/raw/stage9-sparse-s1-27fffed087e6/step_00008150/threshold_09500/accepted_removals.jsonl,db456d7453f7864e49b8bdbfd203e72634f304e27c5916ce4341e31f491a4f6d,results/raw/stage9-sparse-s1-27fffed087e6/step_00008150/threshold_09500/candidate_evaluations.jsonl,ef128bc927d809a3c423e074ec603077e435ac3ea2751578214c5f93ae006fab,results/raw/stage9-sparse-s1-27fffed087e6/step_00008150/threshold_09500/cell_summary.json,33d07ca63159e3da364f679ce354ff2cb8696461e59f4e23a80334f000123abe
stage9-sparse-s1-27fffed087e6,modular-addition-training-s1-5f1bc9dee7ab,50%,8150,94d77d3cfefba5700b9f1fcf6f393cc7a6f94e0447d55be1e8d6d786ce7d5810,0.9,valid_but_not_meaningfully_sparse,4,469,473,0.9166666666666666,0.9000704832015036,0.6361500509045345,2.679494616828537,0.15648265931933844,0.03171572392949591,43,2713,44,False,True,False,excluded_from_primary_threshold_calibration,results/raw/stage9-sparse-s1-27fffed087e6/step_00008150/threshold_09000/final_mask.json,14b0f2445de458779b8e389baf2b32aeede255659e92cba664de23fb4a873d0c,results/raw/stage9-sparse-s1-27fffed087e6/step_00008150/threshold_09000/accepted_removals.jsonl,bf7659a93beee1b11d773e0acc0325ba93a4f9082f34785bd0110d9b80091f3f,results/raw/stage9-sparse-s1-27fffed087e6/step_00008150/threshold_09000/candidate_evaluations.jsonl,ce40a1c2cf8dfafca4a26bae29f153f17d4ecb256cea3ae260d68b624679ea38,results/raw/stage9-sparse-s1-27fffed087e6/step_00008150/threshold_09000/cell_summary.json,f361aa3382d7d68e5990bf19b46f83514d04205582457b0fce59b51d0a4d0d2b
stage9-sparse-s1-27fffed087e6,modular-addition-training-s1-5f1bc9dee7ab,50%,8150,94d77d3cfefba5700b9f1fcf6f393cc7a6f94e0447d55be1e8d6d786ce7d5810,0.85,valid_but_not_meaningfully_sparse,4,416,420,0.813953488372093,0.8500274101339181,0.6366199389145587,2.483436807879104,0.3234534681486969,0.061125479329782864,96,4788,97,False,True,False,excluded_from_primary_threshold_calibration,results/raw/stage9-sparse-s1-27fffed087e6/step_00008150/threshold_08500/final_mask.json,a8f49c075fec12d429fc5b7195c4697afad150a5f6b2c1158e18fc4dcc4317ea,results/raw/stage9-sparse-s1-27fffed087e6/step_00008150/threshold_08500/accepted_removals.jsonl,8bdb8f1bc822d57831b096279937f0d5e8fc722dc88d5ba2a50d4f7d4deb6ffd,results/raw/stage9-sparse-s1-27fffed087e6/step_00008150/threshold_08500/candidate_evaluations.jsonl,558abbbf252355212a9328849ad85e47499ba0c3d9e7acd1e43cace6d9f6682e,results/raw/stage9-sparse-s1-27fffed087e6/step_00008150/threshold_08500/cell_summary.json,525ffdeaed7c5a37f9e00db1d6d4c7b2aa1fb2408865484d8816af6ad1b15e7f
stage9-sparse-s1-27fffed087e6,modular-addition-training-s1-5f1bc9dee7ab,50%,8150,94d77d3cfefba5700b9f1fcf6f393cc7a6f94e0447d55be1e8d6d786ce7d5810,0.8,valid_but_not_meaningfully_sparse,4,379,383,0.7422480620155039,0.8002975957396821,0.6069386796146918,2.6403550037792365,0.5127704674233652,0.09252087888106329,133,5087,134,False,True,False,excluded_from_primary_threshold_calibration,results/raw/stage9-sparse-s1-27fffed087e6/step_00008150/threshold_08000/final_mask.json,bf4ed5cfeec66da17a2a14be5075b236c99bdd00e28cd942884d4d0098a2b753,results/raw/stage9-sparse-s1-27fffed087e6/step_00008150/threshold_08000/accepted_removals.jsonl,0150e22d8afe4ceb10a5756272bfddfa0b776f817bfc49e7170bbba4614c669e,results/raw/stage9-sparse-s1-27fffed087e6/step_00008150/threshold_08000/candidate_evaluations.jsonl,e5c5ae89ed0831d3aec34b65e738bd95e6e00806620d83b3a3f7dc4887b0f754,results/raw/stage9-sparse-s1-27fffed087e6/step_00008150/threshold_08000/cell_summary.json,a162923f9f82a1f460f8a9761897f2633daf31d2a69a6391c2ad791e7116cadc
