stage17_run_id,cell_index,cell_id,fidelity_numerator,fidelity_denominator,distinctness_numerator,distinctness_denominator,transfer_execution_mode,source_stage,source_run_id,circuit_id,q1_fidelity,q2_fidelity,q3_fidelity,q4_fidelity,q1_accuracy,q2_accuracy,q3_accuracy,q4_accuracy,q1_cross_entropy,q2_cross_entropy,q3_cross_entropy,q4_cross_entropy,q1_kl_divergence,q2_kl_divergence,q3_kl_divergence,q4_kl_divergence,q1_jensen_shannon_divergence,q2_jensen_shannon_divergence,q3_jensen_shannon_divergence,q4_jensen_shannon_divergence
stage17-sensitivity-s1-7801e7938531,1,s1-step9050-f4of5-d1of4,4,5,1,4,fresh_execution,,,C1,0.8242536164973838,0.8295739348370927,0.8292606516290727,0.7190688775510204,0.8230224684518314,0.8295739348370927,0.8292606516290727,0.7190688775510204,0.5703096366513785,0.5677980161600353,0.5676859268784965,0.8759587489709925,0.5650870101340315,0.5648718978153804,0.5647983289001813,0.8724682021607824,0.1517530146702061,0.15648754912240578,0.1564544937108169,0.21498257944742308
stage17-sensitivity-s1-7801e7938531,1,s1-step9050-f4of5-d1of4,4,5,1,4,fresh_execution,,,C2,0.8184056632810095,0.8220551378446115,0.8242481203007519,0.7388392857142857,0.8177900892582333,0.8220551378446115,0.8242481203007519,0.7388392857142857,0.6850475570929465,0.6954240015025165,0.6918092135067109,0.8769482006194137,0.679661704803663,0.6919444934813289,0.6884072886820277,0.8732801888468296,0.18056603764743587,0.1863200775141694,0.185325140681196,0.21665330764447352
stage17-sensitivity-s1-7801e7938531,1,s1-step9050-f4of5-d1of4,4,5,1,4,fresh_execution,,,C3,0.7897814712219144,0.8088972431077694,0.8092105263157895,0.7927295918367347,0.7900892582333026,0.8088972431077694,0.8092105263157895,0.7920918367346939,0.6951208348871116,0.6673548744813325,0.6657655404980327,0.723464391064616,0.6907542599950148,0.6642180332742271,0.6625878580413511,0.7197820459083715,0.18351234679078024,0.17968989213358372,0.17925224034381226,0.1906999540227825
stage17-sensitivity-s1-7801e7938531,2,s1-step9050-f4of5-d1of2,4,5,1,2,fresh_execution,,,C1,0.8242536164973838,0.8295739348370927,0.8292606516290727,0.7190688775510204,0.8230224684518314,0.8295739348370927,0.8292606516290727,0.7190688775510204,0.5703096366513785,0.5677980161600353,0.5676859268784965,0.8759587489709925,0.5650870101340315,0.5648718978153804,0.5647983289001813,0.8724682021607824,0.1517530146702061,0.15648754912240578,0.1564544937108169,0.21498257944742308
stage17-sensitivity-s1-7801e7938531,2,s1-step9050-f4of5-d1of2,4,5,1,2,fresh_execution,,,C2,0.8184056632810095,0.8220551378446115,0.8242481203007519,0.7388392857142857,0.8177900892582333,0.8220551378446115,0.8242481203007519,0.7388392857142857,0.6850475570929465,0.6954240015025165,0.6918092135067109,0.8769482006194137,0.679661704803663,0.6919444934813289,0.6884072886820277,0.8732801888468296,0.18056603764743587,0.1863200775141694,0.185325140681196,0.21665330764447352
stage17-sensitivity-s1-7801e7938531,2,s1-step9050-f4of5-d1of2,4,5,1,2,fresh_execution,,,C3,0.7897814712219144,0.8088972431077694,0.8092105263157895,0.7927295918367347,0.7900892582333026,0.8088972431077694,0.8092105263157895,0.7920918367346939,0.6951208348871116,0.6673548744813325,0.6657655404980327,0.723464391064616,0.6907542599950148,0.6642180332742271,0.6625878580413511,0.7197820459083715,0.18351234679078024,0.17968989213358372,0.17925224034381226,0.1906999540227825
stage17-sensitivity-s1-7801e7938531,2,s1-step9050-f4of5-d1of2,4,5,1,2,fresh_execution,,,C4,0.8291782086795937,0.8057644110275689,0.8057644110275689,0.7621173469387755,0.8279470606340412,0.8057644110275689,0.8057644110275689,0.7621173469387755,0.6171651440833323,0.6951127240510372,0.6920580746119598,0.8018580489153873,0.6129925666562214,0.6921401775055103,0.6891241823141103,0.7985577627796931,0.16764426497431045,0.18556499251296582,0.18479907660147624,0.20200630113545137
stage17-sensitivity-s1-7801e7938531,2,s1-step9050-f4of5-d1of2,4,5,1,2,fresh_execution,,,C5,0.8100954139735304,0.8038847117794486,0.8057644110275689,0.782844387755102,0.8100954139735304,0.8038847117794486,0.8057644110275689,0.782844387755102,0.6578544308753512,0.6749163343912167,0.6715535290717626,0.7396376280547122,0.6541270369157639,0.6714040759319309,0.6679866458533225,0.7364682029633699,0.17478366642712856,0.1803550672333116,0.17959706917728435,0.19338213024223813
stage17-sensitivity-s1-7801e7938531,2,s1-step9050-f4of5-d1of2,4,5,1,2,fresh_execution,,,C6,0.8088642659279779,0.8157894736842105,0.8161027568922306,0.7611607142857143,0.8076331178824253,0.8157894736842105,0.8161027568922306,0.7611607142857143,0.6597152944619309,0.6553850245735814,0.6534815142671537,0.8259526673602281,0.6546863520759859,0.6516004372765781,0.6496794625451084,0.821175196431647,0.177649584712097,0.17864302358697146,0.17819318497963546,0.21160095856273808
stage17-sensitivity-s1-7801e7938531,3,s1-step9050-f4of5-d3of4,4,5,3,4,fresh_execution,,,C1,0.8242536164973838,0.8295739348370927,0.8292606516290727,0.7190688775510204,0.8230224684518314,0.8295739348370927,0.8292606516290727,0.7190688775510204,0.5703096366513785,0.5677980161600353,0.5676859268784965,0.8759587489709925,0.5650870101340315,0.5648718978153804,0.5647983289001813,0.8724682021607824,0.1517530146702061,0.15648754912240578,0.1564544937108169,0.21498257944742308
stage17-sensitivity-s1-7801e7938531,3,s1-step9050-f4of5-d3of4,4,5,3,4,fresh_execution,,,C2,0.8184056632810095,0.8220551378446115,0.8242481203007519,0.7388392857142857,0.8177900892582333,0.8220551378446115,0.8242481203007519,0.7388392857142857,0.6850475570929465,0.6954240015025165,0.6918092135067109,0.8769482006194137,0.679661704803663,0.6919444934813289,0.6884072886820277,0.8732801888468296,0.18056603764743587,0.1863200775141694,0.185325140681196,0.21665330764447352
stage17-sensitivity-s1-7801e7938531,3,s1-step9050-f4of5-d3of4,4,5,3,4,fresh_execution,,,C3,0.7897814712219144,0.8088972431077694,0.8092105263157895,0.7927295918367347,0.7900892582333026,0.8088972431077694,0.8092105263157895,0.7920918367346939,0.6951208348871116,0.6673548744813325,0.6657655404980327,0.723464391064616,0.6907542599950148,0.6642180332742271,0.6625878580413511,0.7197820459083715,0.18351234679078024,0.17968989213358372,0.17925224034381226,0.1906999540227825
stage17-sensitivity-s1-7801e7938531,3,s1-step9050-f4of5-d3of4,4,5,3,4,fresh_execution,,,C4,0.8291782086795937,0.8057644110275689,0.8057644110275689,0.7621173469387755,0.8279470606340412,0.8057644110275689,0.8057644110275689,0.7621173469387755,0.6171651440833323,0.6951127240510372,0.6920580746119598,0.8018580489153873,0.6129925666562214,0.6921401775055103,0.6891241823141103,0.7985577627796931,0.16764426497431045,0.18556499251296582,0.18479907660147624,0.20200630113545137
stage17-sensitivity-s1-7801e7938531,3,s1-step9050-f4of5-d3of4,4,5,3,4,fresh_execution,,,C5,0.8100954139735304,0.8038847117794486,0.8057644110275689,0.782844387755102,0.8100954139735304,0.8038847117794486,0.8057644110275689,0.782844387755102,0.6578544308753512,0.6749163343912167,0.6715535290717626,0.7396376280547122,0.6541270369157639,0.6714040759319309,0.6679866458533225,0.7364682029633699,0.17478366642712856,0.1803550672333116,0.17959706917728435,0.19338213024223813
stage17-sensitivity-s1-7801e7938531,3,s1-step9050-f4of5-d3of4,4,5,3,4,fresh_execution,,,C6,0.8088642659279779,0.8157894736842105,0.8161027568922306,0.7611607142857143,0.8076331178824253,0.8157894736842105,0.8161027568922306,0.7611607142857143,0.6597152944619309,0.6553850245735814,0.6534815142671537,0.8259526673602281,0.6546863520759859,0.6516004372765781,0.6496794625451084,0.821175196431647,0.177649584712097,0.17864302358697146,0.17819318497963546,0.21160095856273808
stage17-sensitivity-s1-7801e7938531,4,s1-step9050-f17of20-d1of4,17,20,1,4,fresh_execution,,,C1,0.8805786395814097,0.8771929824561403,0.87531328320802,0.7697704081632653,0.8793474915358572,0.8771929824561403,0.87531328320802,0.7697704081632653,0.4018967853017242,0.43281711534745454,0.43336128767036836,0.7270394100978917,0.39650246476316336,0.4301282823308893,0.4306934006753145,0.723530237212205,0.11169203991981587,0.12322110376513173,0.12328528782258193,0.1796487353139492
stage17-sensitivity-s1-7801e7938531,4,s1-step9050-f17of20-d1of4,17,20,1,4,fresh_execution,,,C2,0.8716528162511542,0.8612155388471178,0.8637218045112782,0.8042091836734694,0.871037242228378,0.8612155388471178,0.8637218045112782,0.8042091836734694,0.47938674590091634,0.5225035359666559,0.5206653197513477,0.7001006238593822,0.4743418122025483,0.5191468740320712,0.5172464898222959,0.6965907793296352,0.13313935990519038,0.14463294006072874,0.144215060462094,0.18175227550926007
stage17-sensitivity-s1-7801e7938531,5,s1-step9050-f17of20-d1of2,17,20,1,2,fresh_execution,,,C1,0.8805786395814097,0.8771929824561403,0.87531328320802,0.7697704081632653,0.8793474915358572,0.8771929824561403,0.87531328320802,0.7697704081632653,0.4018967853017242,0.43281711534745454,0.43336128767036836,0.7270394100978917,0.39650246476316336,0.4301282823308893,0.4306934006753145,0.723530237212205,0.11169203991981587,0.12322110376513173,0.12328528782258193,0.1796487353139492
stage17-sensitivity-s1-7801e7938531,5,s1-step9050-f17of20-d1of2,17,20,1,2,fresh_execution,,,C2,0.8716528162511542,0.8612155388471178,0.8637218045112782,0.8042091836734694,0.871037242228378,0.8612155388471178,0.8637218045112782,0.8042091836734694,0.47938674590091634,0.5225035359666559,0.5206653197513477,0.7001006238593822,0.4743418122025483,0.5191468740320712,0.5172464898222959,0.6965907793296352,0.13313935990519038,0.14463294006072874,0.144215060462094,0.18175227550926007
stage17-sensitivity-s1-7801e7938531,5,s1-step9050-f17of20-d1of2,17,20,1,2,fresh_execution,,,C3,0.8279470606340412,0.8637218045112782,0.8640350877192983,0.8466198979591837,0.8285626346568175,0.8637218045112782,0.8640350877192983,0.8466198979591837,0.5971343396477244,0.5113254720790826,0.5095204434080717,0.5747884536107988,0.593207603357896,0.5077466317483502,0.5059710535430284,0.5717145592898584,0.16088267256135186,0.14413794724221207,0.14377456377211015,0.15645892080075954
stage17-sensitivity-s1-7801e7938531,5,s1-step9050-f17of20-d1of2,17,20,1,2,fresh_execution,,,C4,0.8627269929208987,0.8627819548872181,0.8602756892230576,0.8185586734693877,0.8614958448753463,0.8627819548872181,0.8602756892230576,0.8185586734693877,0.5251243229064935,0.5522092596556353,0.5503632123545025,0.6582639906816105,0.5192964418228598,0.5490848528327655,0.5471732250915986,0.6551672813522406,0.14335173035322782,0.15289861481663816,0.1523067490665629,0.17346712856487548
stage17-sensitivity-s1-7801e7938531,5,s1-step9050-f17of20-d1of2,17,20,1,2,fresh_execution,,,C5,0.8744228993536473,0.8546365914786967,0.8533834586466166,0.8176020408163265,0.8750384733764235,0.8546365914786967,0.8533834586466166,0.8176020408163265,0.4499109678601297,0.5307516279346742,0.5323614271324654,0.6170242676425357,0.4462382945018325,0.5278833903167129,0.5295146808060949,0.612989357060449,0.12323786380040525,0.14748455954620904,0.14759195471461317,0.16403949832431175
stage17-sensitivity-s1-7801e7938531,5,s1-step9050-f17of20-d1of2,17,20,1,2,fresh_execution,,,C6,0.8734995383194829,0.8540100250626567,0.856829573934837,0.8258928571428571,0.8728839642967067,0.8540100250626567,0.856829573934837,0.8258928571428571,0.49388136667229604,0.5525787376604727,0.5518177572300481,0.5978111890862868,0.4883583225956466,0.549312845552061,0.5485042469529395,0.5951295944245597,0.13395218988550106,0.15309379817153967,0.15268832721025283,0.16114717305209775
stage17-sensitivity-s1-7801e7938531,6,s1-step9050-f17of20-d3of4,17,20,3,4,fresh_execution,,,C1,0.8805786395814097,0.8771929824561403,0.87531328320802,0.7697704081632653,0.8793474915358572,0.8771929824561403,0.87531328320802,0.7697704081632653,0.4018967853017242,0.43281711534745454,0.43336128767036836,0.7270394100978917,0.39650246476316336,0.4301282823308893,0.4306934006753145,0.723530237212205,0.11169203991981587,0.12322110376513173,0.12328528782258193,0.1796487353139492
stage17-sensitivity-s1-7801e7938531,6,s1-step9050-f17of20-d3of4,17,20,3,4,fresh_execution,,,C2,0.8716528162511542,0.8612155388471178,0.8637218045112782,0.8042091836734694,0.871037242228378,0.8612155388471178,0.8637218045112782,0.8042091836734694,0.47938674590091634,0.5225035359666559,0.5206653197513477,0.7001006238593822,0.4743418122025483,0.5191468740320712,0.5172464898222959,0.6965907793296352,0.13313935990519038,0.14463294006072874,0.144215060462094,0.18175227550926007
stage17-sensitivity-s1-7801e7938531,6,s1-step9050-f17of20-d3of4,17,20,3,4,fresh_execution,,,C3,0.8279470606340412,0.8637218045112782,0.8640350877192983,0.8466198979591837,0.8285626346568175,0.8637218045112782,0.8640350877192983,0.8466198979591837,0.5971343396477244,0.5113254720790826,0.5095204434080717,0.5747884536107988,0.593207603357896,0.5077466317483502,0.5059710535430284,0.5717145592898584,0.16088267256135186,0.14413794724221207,0.14377456377211015,0.15645892080075954
stage17-sensitivity-s1-7801e7938531,6,s1-step9050-f17of20-d3of4,17,20,3,4,fresh_execution,,,C4,0.8627269929208987,0.8627819548872181,0.8602756892230576,0.8185586734693877,0.8614958448753463,0.8627819548872181,0.8602756892230576,0.8185586734693877,0.5251243229064935,0.5522092596556353,0.5503632123545025,0.6582639906816105,0.5192964418228598,0.5490848528327655,0.5471732250915986,0.6551672813522406,0.14335173035322782,0.15289861481663816,0.1523067490665629,0.17346712856487548
stage17-sensitivity-s1-7801e7938531,6,s1-step9050-f17of20-d3of4,17,20,3,4,fresh_execution,,,C5,0.8744228993536473,0.8546365914786967,0.8533834586466166,0.8176020408163265,0.8750384733764235,0.8546365914786967,0.8533834586466166,0.8176020408163265,0.4499109678601297,0.5307516279346742,0.5323614271324654,0.6170242676425357,0.4462382945018325,0.5278833903167129,0.5295146808060949,0.612989357060449,0.12323786380040525,0.14748455954620904,0.14759195471461317,0.16403949832431175
stage17-sensitivity-s1-7801e7938531,6,s1-step9050-f17of20-d3of4,17,20,3,4,fresh_execution,,,C6,0.8734995383194829,0.8540100250626567,0.856829573934837,0.8258928571428571,0.8728839642967067,0.8540100250626567,0.856829573934837,0.8258928571428571,0.49388136667229604,0.5525787376604727,0.5518177572300481,0.5978111890862868,0.4883583225956466,0.549312845552061,0.5485042469529395,0.5951295944245597,0.13395218988550106,0.15309379817153967,0.15268832721025283,0.16114717305209775
stage17-sensitivity-s1-7801e7938531,7,s1-step9050-f9of10-d1of4,9,10,1,4,fresh_execution,,,C1,0.8984302862419206,0.9191729323308271,0.9154135338345865,0.8676658163265306,0.8971991381963681,0.9191729323308271,0.9154135338345865,0.8676658163265306,0.36943446521268997,0.33870360575360053,0.33954362181110154,0.4781058771201148,0.36374731611581834,0.3359095893335406,0.3367769386699656,0.474383062645854,0.10340080487015023,0.09916182191970031,0.09939565987823014,0.1289620771959546
stage17-sensitivity-s1-7801e7938531,7,s1-step9050-f9of10-d1of4,9,10,1,4,fresh_execution,,,C2,0.90181594336719,0.9050751879699248,0.9082080200501254,0.8848852040816326,0.9024315173899662,0.9050751879699248,0.9082080200501254,0.8848852040816326,0.3905900711510455,0.40767815562211307,0.40706571661087,0.46570419577454103,0.3873089122983212,0.40425957658169265,0.4036259569130245,0.46236053865415705,0.11026878108392435,0.11857750732097681,0.11824885879463852,0.1278499581977434
stage17-sensitivity-s1-7801e7938531,7,s1-step9050-f9of10-d1of4,9,10,1,4,fresh_execution,,,C3,0.917513080947984,0.9010025062656641,0.900062656641604,0.8816964285714286,0.9168975069252078,0.9010025062656641,0.900062656641604,0.8816964285714286,0.34108464454203435,0.40551539988782764,0.4033460076577003,0.4513803678845789,0.33617425518762245,0.40256762967056564,0.4003726169189912,0.4489435088675589,0.09720011079256557,0.11560884979838303,0.11496457635060149,0.1229190912325087
stage17-sensitivity-s1-7801e7938531,8,s1-step9050-f9of10-d1of2,9,10,1,2,fresh_execution,,,C1,0.8984302862419206,0.9191729323308271,0.9154135338345865,0.8676658163265306,0.8971991381963681,0.9191729323308271,0.9154135338345865,0.8676658163265306,0.36943446521268997,0.33870360575360053,0.33954362181110154,0.4781058771201148,0.36374731611581834,0.3359095893335406,0.3367769386699656,0.474383062645854,0.10340080487015023,0.09916182191970031,0.09939565987823014,0.1289620771959546
stage17-sensitivity-s1-7801e7938531,8,s1-step9050-f9of10-d1of2,9,10,1,2,fresh_execution,,,C2,0.90181594336719,0.9050751879699248,0.9082080200501254,0.8848852040816326,0.9024315173899662,0.9050751879699248,0.9082080200501254,0.8848852040816326,0.3905900711510455,0.40767815562211307,0.40706571661087,0.46570419577454103,0.3873089122983212,0.40425957658169265,0.4036259569130245,0.46236053865415705,0.11026878108392435,0.11857750732097681,0.11824885879463852,0.1278499581977434
stage17-sensitivity-s1-7801e7938531,8,s1-step9050-f9of10-d1of2,9,10,1,2,fresh_execution,,,C3,0.917513080947984,0.9010025062656641,0.900062656641604,0.8816964285714286,0.9168975069252078,0.9010025062656641,0.900062656641604,0.8816964285714286,0.34108464454203435,0.40551539988782764,0.4033460076577003,0.4513803678845789,0.33617425518762245,0.40256762967056564,0.4003726169189912,0.4489435088675589,0.09720011079256557,0.11560884979838303,0.11496457635060149,0.1229190912325087
stage17-sensitivity-s1-7801e7938531,8,s1-step9050-f9of10-d1of2,9,10,1,2,fresh_execution,,,C4,0.8879655278547245,0.9179197994987469,0.9172932330827067,0.8772321428571429,0.8879655278547245,0.9179197994987469,0.9172932330827067,0.8772321428571429,0.3989249650503846,0.3647426066944137,0.36420260022035716,0.46214368775196946,0.39514361147551263,0.36157391095477515,0.36108722962451867,0.45881521158330263,0.11213320221938192,0.10480037419838843,0.1044593737264484,0.12809526268197446
stage17-sensitivity-s1-7801e7938531,8,s1-step9050-f9of10-d1of2,9,10,1,2,fresh_execution,,,C5,0.9208987380732533,0.9122807017543859,0.9107142857142857,0.8558673469387755,0.9196675900277008,0.9122807017543859,0.9107142857142857,0.8558673469387755,0.3577651103171448,0.4009257088406791,0.39877941657656185,0.5287722713346391,0.3534685550570179,0.39762215856238237,0.39554145084648806,0.5250621165159943,0.10270941020983494,0.1160261069665291,0.11551818934918072,0.1430242619419477
stage17-sensitivity-s1-7801e7938531,8,s1-step9050-f9of10-d1of2,9,10,1,2,fresh_execution,,,C6,0.9101261926746691,0.9078947368421053,0.9088345864661654,0.8730867346938775,0.9101261926746691,0.9078947368421053,0.9088345864661654,0.8730867346938775,0.3674623356079052,0.391087566330981,0.3867322272958438,0.4945797766932461,0.36269184660053244,0.3878759009245975,0.38354732008443115,0.4915092363460004,0.10216822587850057,0.11254167717806454,0.11143128350234595,0.13564662667289207
stage17-sensitivity-s1-7801e7938531,8,s1-step9050-f9of10-d1of2,9,10,1,2,fresh_execution,,,C7,0.9239766081871345,0.9025689223057645,0.9041353383458647,0.8727678571428571,0.9233610341643582,0.9022556390977443,0.9041353383458647,0.8727678571428571,0.34838204597267125,0.4087392054199302,0.40879721119076357,0.47478503962992485,0.34347224417416367,0.4051066508417535,0.40518825105973866,0.4714040501388349,0.09930425588210627,0.11563262541564474,0.11558582947657699,0.1297304204280935
stage17-sensitivity-s1-7801e7938531,9,s1-step9050-f9of10-d3of4,9,10,3,4,fresh_execution,,,C1,0.8984302862419206,0.9191729323308271,0.9154135338345865,0.8676658163265306,0.8971991381963681,0.9191729323308271,0.9154135338345865,0.8676658163265306,0.36943446521268997,0.33870360575360053,0.33954362181110154,0.4781058771201148,0.36374731611581834,0.3359095893335406,0.3367769386699656,0.474383062645854,0.10340080487015023,0.09916182191970031,0.09939565987823014,0.1289620771959546
stage17-sensitivity-s1-7801e7938531,9,s1-step9050-f9of10-d3of4,9,10,3,4,fresh_execution,,,C2,0.90181594336719,0.9050751879699248,0.9082080200501254,0.8848852040816326,0.9024315173899662,0.9050751879699248,0.9082080200501254,0.8848852040816326,0.3905900711510455,0.40767815562211307,0.40706571661087,0.46570419577454103,0.3873089122983212,0.40425957658169265,0.4036259569130245,0.46236053865415705,0.11026878108392435,0.11857750732097681,0.11824885879463852,0.1278499581977434
stage17-sensitivity-s1-7801e7938531,9,s1-step9050-f9of10-d3of4,9,10,3,4,fresh_execution,,,C3,0.917513080947984,0.9010025062656641,0.900062656641604,0.8816964285714286,0.9168975069252078,0.9010025062656641,0.900062656641604,0.8816964285714286,0.34108464454203435,0.40551539988782764,0.4033460076577003,0.4513803678845789,0.33617425518762245,0.40256762967056564,0.4003726169189912,0.4489435088675589,0.09720011079256557,0.11560884979838303,0.11496457635060149,0.1229190912325087
stage17-sensitivity-s1-7801e7938531,9,s1-step9050-f9of10-d3of4,9,10,3,4,fresh_execution,,,C4,0.8879655278547245,0.9179197994987469,0.9172932330827067,0.8772321428571429,0.8879655278547245,0.9179197994987469,0.9172932330827067,0.8772321428571429,0.3989249650503846,0.3647426066944137,0.36420260022035716,0.46214368775196946,0.39514361147551263,0.36157391095477515,0.36108722962451867,0.45881521158330263,0.11213320221938192,0.10480037419838843,0.1044593737264484,0.12809526268197446
stage17-sensitivity-s1-7801e7938531,9,s1-step9050-f9of10-d3of4,9,10,3,4,fresh_execution,,,C5,0.9208987380732533,0.9122807017543859,0.9107142857142857,0.8558673469387755,0.9196675900277008,0.9122807017543859,0.9107142857142857,0.8558673469387755,0.3577651103171448,0.4009257088406791,0.39877941657656185,0.5287722713346391,0.3534685550570179,0.39762215856238237,0.39554145084648806,0.5250621165159943,0.10270941020983494,0.1160261069665291,0.11551818934918072,0.1430242619419477
stage17-sensitivity-s1-7801e7938531,9,s1-step9050-f9of10-d3of4,9,10,3,4,fresh_execution,,,C6,0.9101261926746691,0.9078947368421053,0.9088345864661654,0.8730867346938775,0.9101261926746691,0.9078947368421053,0.9088345864661654,0.8730867346938775,0.3674623356079052,0.391087566330981,0.3867322272958438,0.4945797766932461,0.36269184660053244,0.3878759009245975,0.38354732008443115,0.4915092363460004,0.10216822587850057,0.11254167717806454,0.11143128350234595,0.13564662667289207
stage17-sensitivity-s1-7801e7938531,9,s1-step9050-f9of10-d3of4,9,10,3,4,fresh_execution,,,C7,0.9239766081871345,0.9025689223057645,0.9041353383458647,0.8727678571428571,0.9233610341643582,0.9022556390977443,0.9041353383458647,0.8727678571428571,0.34838204597267125,0.4087392054199302,0.40879721119076357,0.47478503962992485,0.34347224417416367,0.4051066508417535,0.40518825105973866,0.4714040501388349,0.09930425588210627,0.11563262541564474,0.11558582947657699,0.1297304204280935
stage17-sensitivity-s1-7801e7938531,10,s1-step9050-f19of20-d1of4,19,20,1,4,fresh_execution,,,C1,0.9569098184056632,0.9539473684210527,0.9526942355889725,0.9397321428571429,0.9556786703601108,0.9539473684210527,0.9526942355889725,0.9397321428571429,0.21829143249062266,0.21934422541713433,0.2204909174013243,0.2662385790195763,0.21287827563826506,0.21651230607876645,0.21766129657488892,0.26335046828181446,0.06309063556381334,0.06578201353111471,0.06604059795697079,0.07644072980430931
stage17-sensitivity-s1-7801e7938531,10,s1-step9050-f19of20-d1of4,19,20,1,4,fresh_execution,,,C2,0.9504462911665128,0.9573934837092731,0.9533208020050126,0.939094387755102,0.9492151431209603,0.9573934837092731,0.9533208020050126,0.939094387755102,0.274490044159578,0.26880059028155273,0.2712298244075777,0.29891877651628385,0.26970397155726,0.26564963748219705,0.26811661560146377,0.29645718615026395,0.0809921762466119,0.08069811731890786,0.08118581439584362,0.08787758817458771
stage17-sensitivity-s1-7801e7938531,10,s1-step9050-f19of20-d1of4,19,20,1,4,fresh_execution,,,C3,0.9556786703601108,0.9555137844611529,0.956453634085213,0.9320790816326531,0.9550630963373345,0.9552005012531328,0.956140350877193,0.9320790816326531,0.2142501388456757,0.22153857703404956,0.21895117947171325,0.26317469390023596,0.20985911835655968,0.21842813507497022,0.21594109744302545,0.26001892563202517,0.06284557462705861,0.06584936603626713,0.0651709256936794,0.07508610176349678
stage17-sensitivity-s1-7801e7938531,10,s1-step9050-f19of20-d1of4,19,20,1,4,fresh_execution,,,C4,0.9569098184056632,0.956453634085213,0.9580200501253133,0.9317602040816326,0.9575253924284395,0.956453634085213,0.9580200501253133,0.9317602040816326,0.21789938024684744,0.2503226377005748,0.2496482092237385,0.30761216118335305,0.21344228190348968,0.24765678594669344,0.24705944875448718,0.30519318245176097,0.06536664331248869,0.07513792949998617,0.07489141706089829,0.08918760015191361
stage17-sensitivity-s1-7801e7938531,11,s1-step9050-f19of20-d1of2,19,20,1,2,fresh_execution,,,C1,0.9569098184056632,0.9539473684210527,0.9526942355889725,0.9397321428571429,0.9556786703601108,0.9539473684210527,0.9526942355889725,0.9397321428571429,0.21829143249062266,0.21934422541713433,0.2204909174013243,0.2662385790195763,0.21287827563826506,0.21651230607876645,0.21766129657488892,0.26335046828181446,0.06309063556381334,0.06578201353111471,0.06604059795697079,0.07644072980430931
stage17-sensitivity-s1-7801e7938531,11,s1-step9050-f19of20-d1of2,19,20,1,2,fresh_execution,,,C2,0.9504462911665128,0.9573934837092731,0.9533208020050126,0.939094387755102,0.9492151431209603,0.9573934837092731,0.9533208020050126,0.939094387755102,0.274490044159578,0.26880059028155273,0.2712298244075777,0.29891877651628385,0.26970397155726,0.26564963748219705,0.26811661560146377,0.29645718615026395,0.0809921762466119,0.08069811731890786,0.08118581439584362,0.08787758817458771
stage17-sensitivity-s1-7801e7938531,11,s1-step9050-f19of20-d1of2,19,20,1,2,fresh_execution,,,C3,0.9556786703601108,0.9555137844611529,0.956453634085213,0.9320790816326531,0.9550630963373345,0.9552005012531328,0.956140350877193,0.9320790816326531,0.2142501388456757,0.22153857703404956,0.21895117947171325,0.26317469390023596,0.20985911835655968,0.21842813507497022,0.21594109744302545,0.26001892563202517,0.06284557462705861,0.06584936603626713,0.0651709256936794,0.07508610176349678
stage17-sensitivity-s1-7801e7938531,11,s1-step9050-f19of20-d1of2,19,20,1,2,fresh_execution,,,C4,0.9569098184056632,0.956453634085213,0.9580200501253133,0.9317602040816326,0.9575253924284395,0.956453634085213,0.9580200501253133,0.9317602040816326,0.21789938024684744,0.2503226377005748,0.2496482092237385,0.30761216118335305,0.21344228190348968,0.24765678594669344,0.24705944875448718,0.30519318245176097,0.06536664331248869,0.07513792949998617,0.07489141706089829,0.08918760015191361
stage17-sensitivity-s1-7801e7938531,11,s1-step9050-f19of20-d1of2,19,20,1,2,fresh_execution,,,C5,0.9461372730070791,0.9614661654135338,0.9602130325814536,0.9327168367346939,0.9461372730070791,0.9617794486215538,0.9605263157894737,0.9320790816326531,0.2416400605525711,0.22123011383182029,0.22018092393879266,0.2550788765909744,0.23776027013274986,0.2186762564672425,0.2176313217988195,0.25251449528068476,0.07079955774720025,0.0669957870198738,0.06664292019527301,0.07386671669759988
stage17-sensitivity-s1-7801e7938531,11,s1-step9050-f19of20-d1of2,19,20,1,2,fresh_execution,,,C6,0.9538319482917821,0.949874686716792,0.9473684210526315,0.9492984693877551,0.9544475223145583,0.949874686716792,0.9473684210526315,0.9492984693877551,0.21939454117846963,0.25460991411298295,0.2548243445318446,0.2629698310283996,0.21669628879255395,0.2514181945273634,0.25155959559200575,0.26043530514940655,0.06566324140386469,0.07546458327545254,0.07551511875473509,0.07774491633234235
stage17-sensitivity-s1-7801e7938531,11,s1-step9050-f19of20-d1of2,19,20,1,2,fresh_execution,,,C7,0.9578331794398276,0.956766917293233,0.956140350877193,0.9308035714285714,0.9572176054170514,0.956453634085213,0.9558270676691729,0.9308035714285714,0.23493336902215894,0.25542601749206006,0.2544804951403301,0.3033545257920002,0.23190499043962717,0.25208646907719584,0.2510527652113611,0.3001642515098573,0.07037875482604924,0.07668143062718798,0.07640302580688256,0.08824125556887119
stage17-sensitivity-s1-7801e7938531,12,s1-step9050-f19of20-d3of4,19,20,3,4,fresh_execution,,,C1,0.9569098184056632,0.9539473684210527,0.9526942355889725,0.9397321428571429,0.9556786703601108,0.9539473684210527,0.9526942355889725,0.9397321428571429,0.21829143249062266,0.21934422541713433,0.2204909174013243,0.2662385790195763,0.21287827563826506,0.21651230607876645,0.21766129657488892,0.26335046828181446,0.06309063556381334,0.06578201353111471,0.06604059795697079,0.07644072980430931
stage17-sensitivity-s1-7801e7938531,12,s1-step9050-f19of20-d3of4,19,20,3,4,fresh_execution,,,C2,0.9504462911665128,0.9573934837092731,0.9533208020050126,0.939094387755102,0.9492151431209603,0.9573934837092731,0.9533208020050126,0.939094387755102,0.274490044159578,0.26880059028155273,0.2712298244075777,0.29891877651628385,0.26970397155726,0.26564963748219705,0.26811661560146377,0.29645718615026395,0.0809921762466119,0.08069811731890786,0.08118581439584362,0.08787758817458771
stage17-sensitivity-s1-7801e7938531,12,s1-step9050-f19of20-d3of4,19,20,3,4,fresh_execution,,,C3,0.9556786703601108,0.9555137844611529,0.956453634085213,0.9320790816326531,0.9550630963373345,0.9552005012531328,0.956140350877193,0.9320790816326531,0.2142501388456757,0.22153857703404956,0.21895117947171325,0.26317469390023596,0.20985911835655968,0.21842813507497022,0.21594109744302545,0.26001892563202517,0.06284557462705861,0.06584936603626713,0.0651709256936794,0.07508610176349678
stage17-sensitivity-s1-7801e7938531,12,s1-step9050-f19of20-d3of4,19,20,3,4,fresh_execution,,,C4,0.9569098184056632,0.956453634085213,0.9580200501253133,0.9317602040816326,0.9575253924284395,0.956453634085213,0.9580200501253133,0.9317602040816326,0.21789938024684744,0.2503226377005748,0.2496482092237385,0.30761216118335305,0.21344228190348968,0.24765678594669344,0.24705944875448718,0.30519318245176097,0.06536664331248869,0.07513792949998617,0.07489141706089829,0.08918760015191361
stage17-sensitivity-s1-7801e7938531,12,s1-step9050-f19of20-d3of4,19,20,3,4,fresh_execution,,,C5,0.9461372730070791,0.9614661654135338,0.9602130325814536,0.9327168367346939,0.9461372730070791,0.9617794486215538,0.9605263157894737,0.9320790816326531,0.2416400605525711,0.22123011383182029,0.22018092393879266,0.2550788765909744,0.23776027013274986,0.2186762564672425,0.2176313217988195,0.25251449528068476,0.07079955774720025,0.0669957870198738,0.06664292019527301,0.07386671669759988
stage17-sensitivity-s1-7801e7938531,12,s1-step9050-f19of20-d3of4,19,20,3,4,fresh_execution,,,C6,0.9538319482917821,0.949874686716792,0.9473684210526315,0.9492984693877551,0.9544475223145583,0.949874686716792,0.9473684210526315,0.9492984693877551,0.21939454117846963,0.25460991411298295,0.2548243445318446,0.2629698310283996,0.21669628879255395,0.2514181945273634,0.25155959559200575,0.26043530514940655,0.06566324140386469,0.07546458327545254,0.07551511875473509,0.07774491633234235
stage17-sensitivity-s1-7801e7938531,12,s1-step9050-f19of20-d3of4,19,20,3,4,fresh_execution,,,C7,0.9578331794398276,0.956766917293233,0.956140350877193,0.9308035714285714,0.9572176054170514,0.956453634085213,0.9558270676691729,0.9308035714285714,0.23493336902215894,0.25542601749206006,0.2544804951403301,0.3033545257920002,0.23190499043962717,0.25208646907719584,0.2510527652113611,0.3001642515098573,0.07037875482604924,0.07668143062718798,0.07640302580688256,0.08824125556887119
stage17-sensitivity-s1-7801e7938531,13,s1-step9050-f39of40-d1of4,39,40,1,4,fresh_execution,,,C1,0.9775315481686673,0.9796365914786967,0.9777568922305765,0.9649234693877551,0.9763004001231148,0.9796365914786967,0.9774436090225563,0.9649234693877551,0.14286938112719857,0.15063075308088222,0.15333293646380508,0.19001109195322763,0.13797774458997977,0.1479305586032609,0.15058640991439154,0.18701772721959395,0.04288822949499066,0.04649516640615679,0.04727649167383057,0.05602651622248945
stage17-sensitivity-s1-7801e7938531,13,s1-step9050-f39of40-d1of4,39,40,1,4,fresh_execution,,,C2,0.9775315481686673,0.9771303258145363,0.9777568922305765,0.9677933673469388,0.9763004001231148,0.9771303258145363,0.9777568922305765,0.9677933673469388,0.1556274183592151,0.16657755003253705,0.16599532661802868,0.18442615704854773,0.15073311580636634,0.1642651667063692,0.16370126495595277,0.18079348475585597,0.04673352466157229,0.05139582670049142,0.051281053698080906,0.05442967881549637
stage17-sensitivity-s1-7801e7938531,13,s1-step9050-f39of40-d1of4,39,40,1,4,fresh_execution,,,C3,0.9735303170206218,0.9768170426065163,0.9765037593984962,0.9738520408163265,0.9732225300092336,0.9765037593984962,0.9761904761904762,0.9738520408163265,0.15569102493079026,0.15066386380194707,0.1507405234781037,0.15846318818834118,0.15189488446591293,0.14708240117708538,0.14730637954194709,0.1555706267301911,0.04666685754563428,0.0455977652946117,0.04561222239776523,0.047104146986545546
stage17-sensitivity-s1-7801e7938531,13,s1-step9050-f39of40-d1of4,39,40,1,4,fresh_execution,,,C4,0.9799938442597722,0.975250626566416,0.9758771929824561,0.96875,0.979378270236996,0.9755639097744361,0.9761904761904762,0.9681122448979592,0.1436425416889683,0.154553036058708,0.1547960816740665,0.17196543889777885,0.14066145606334993,0.15222124823979238,0.15233456512609528,0.16864774380520609,0.04347187731655946,0.04711497651891663,0.04709993674884728,0.05129000487098871
stage17-sensitivity-s1-7801e7938531,14,s1-step9050-f39of40-d1of2,39,40,1,2,fresh_execution,,,C1,0.9775315481686673,0.9796365914786967,0.9777568922305765,0.9649234693877551,0.9763004001231148,0.9796365914786967,0.9774436090225563,0.9649234693877551,0.14286938112719857,0.15063075308088222,0.15333293646380508,0.19001109195322763,0.13797774458997977,0.1479305586032609,0.15058640991439154,0.18701772721959395,0.04288822949499066,0.04649516640615679,0.04727649167383057,0.05602651622248945
stage17-sensitivity-s1-7801e7938531,14,s1-step9050-f39of40-d1of2,39,40,1,2,fresh_execution,,,C2,0.9775315481686673,0.9771303258145363,0.9777568922305765,0.9677933673469388,0.9763004001231148,0.9771303258145363,0.9777568922305765,0.9677933673469388,0.1556274183592151,0.16657755003253705,0.16599532661802868,0.18442615704854773,0.15073311580636634,0.1642651667063692,0.16370126495595277,0.18079348475585597,0.04673352466157229,0.05139582670049142,0.051281053698080906,0.05442967881549637
stage17-sensitivity-s1-7801e7938531,14,s1-step9050-f39of40-d1of2,39,40,1,2,fresh_execution,,,C3,0.9735303170206218,0.9768170426065163,0.9765037593984962,0.9738520408163265,0.9732225300092336,0.9765037593984962,0.9761904761904762,0.9738520408163265,0.15569102493079026,0.15066386380194707,0.1507405234781037,0.15846318818834118,0.15189488446591293,0.14708240117708538,0.14730637954194709,0.1555706267301911,0.04666685754563428,0.0455977652946117,0.04561222239776523,0.047104146986545546
stage17-sensitivity-s1-7801e7938531,14,s1-step9050-f39of40-d1of2,39,40,1,2,fresh_execution,,,C4,0.9799938442597722,0.975250626566416,0.9758771929824561,0.96875,0.979378270236996,0.9755639097744361,0.9761904761904762,0.9681122448979592,0.1436425416889683,0.154553036058708,0.1547960816740665,0.17196543889777885,0.14066145606334993,0.15222124823979238,0.15233456512609528,0.16864774380520609,0.04347187731655946,0.04711497651891663,0.04709993674884728,0.05129000487098871
stage17-sensitivity-s1-7801e7938531,14,s1-step9050-f39of40-d1of2,39,40,1,2,fresh_execution,,,C5,0.9695290858725761,0.981829573934837,0.9802631578947368,0.96875,0.9682979378270237,0.981516290726817,0.9799498746867168,0.96875,0.1681035422708164,0.15534856212856057,0.1563046187516207,0.18221371554389346,0.16374159631019397,0.1522776283272249,0.1531406073967854,0.17963185419100983,0.050714174040074965,0.04800254474926568,0.048238726571782777,0.055123756268357034
stage17-sensitivity-s1-7801e7938531,14,s1-step9050-f39of40-d1of2,39,40,1,2,fresh_execution,,,C6,0.9716835949522931,0.9758771929824561,0.9765037593984962,0.9760841836734694,0.9716835949522931,0.9758771929824561,0.9765037593984962,0.9754464285714286,0.1658806996718107,0.16371999418565733,0.16326584007456968,0.16338094879845078,0.16068161086880048,0.16113450421933953,0.1605968437917134,0.16041606060875035,0.04936130148496771,0.050417590157585915,0.05023835174232578,0.04917393674158554
stage17-sensitivity-s1-7801e7938531,14,s1-step9050-f39of40-d1of2,39,40,1,2,fresh_execution,,,C7,0.9830717143736535,0.9739974937343359,0.974937343358396,0.9677933673469388,0.9818405663281009,0.9739974937343359,0.974937343358396,0.9677933673469388,0.13505561011871758,0.16103106004658993,0.15988912712408584,0.18637079491614458,0.1309356235501684,0.15834643067363185,0.1571905850218202,0.18279938140598995,0.04060231198878158,0.049008157677456636,0.04862292321620239,0.05523730183974625
stage17-sensitivity-s1-7801e7938531,15,s1-step9050-f39of40-d3of4,39,40,3,4,fresh_execution,,,C1,0.9775315481686673,0.9796365914786967,0.9777568922305765,0.9649234693877551,0.9763004001231148,0.9796365914786967,0.9774436090225563,0.9649234693877551,0.14286938112719857,0.15063075308088222,0.15333293646380508,0.19001109195322763,0.13797774458997977,0.1479305586032609,0.15058640991439154,0.18701772721959395,0.04288822949499066,0.04649516640615679,0.04727649167383057,0.05602651622248945
stage17-sensitivity-s1-7801e7938531,15,s1-step9050-f39of40-d3of4,39,40,3,4,fresh_execution,,,C2,0.9775315481686673,0.9771303258145363,0.9777568922305765,0.9677933673469388,0.9763004001231148,0.9771303258145363,0.9777568922305765,0.9677933673469388,0.1556274183592151,0.16657755003253705,0.16599532661802868,0.18442615704854773,0.15073311580636634,0.1642651667063692,0.16370126495595277,0.18079348475585597,0.04673352466157229,0.05139582670049142,0.051281053698080906,0.05442967881549637
stage17-sensitivity-s1-7801e7938531,15,s1-step9050-f39of40-d3of4,39,40,3,4,fresh_execution,,,C3,0.9735303170206218,0.9768170426065163,0.9765037593984962,0.9738520408163265,0.9732225300092336,0.9765037593984962,0.9761904761904762,0.9738520408163265,0.15569102493079026,0.15066386380194707,0.1507405234781037,0.15846318818834118,0.15189488446591293,0.14708240117708538,0.14730637954194709,0.1555706267301911,0.04666685754563428,0.0455977652946117,0.04561222239776523,0.047104146986545546
stage17-sensitivity-s1-7801e7938531,15,s1-step9050-f39of40-d3of4,39,40,3,4,fresh_execution,,,C4,0.9799938442597722,0.975250626566416,0.9758771929824561,0.96875,0.979378270236996,0.9755639097744361,0.9761904761904762,0.9681122448979592,0.1436425416889683,0.154553036058708,0.1547960816740665,0.17196543889777885,0.14066145606334993,0.15222124823979238,0.15233456512609528,0.16864774380520609,0.04347187731655946,0.04711497651891663,0.04709993674884728,0.05129000487098871
stage17-sensitivity-s1-7801e7938531,15,s1-step9050-f39of40-d3of4,39,40,3,4,fresh_execution,,,C5,0.9695290858725761,0.981829573934837,0.9802631578947368,0.96875,0.9682979378270237,0.981516290726817,0.9799498746867168,0.96875,0.1681035422708164,0.15534856212856057,0.1563046187516207,0.18221371554389346,0.16374159631019397,0.1522776283272249,0.1531406073967854,0.17963185419100983,0.050714174040074965,0.04800254474926568,0.048238726571782777,0.055123756268357034
stage17-sensitivity-s1-7801e7938531,15,s1-step9050-f39of40-d3of4,39,40,3,4,fresh_execution,,,C6,0.9716835949522931,0.9758771929824561,0.9765037593984962,0.9760841836734694,0.9716835949522931,0.9758771929824561,0.9765037593984962,0.9754464285714286,0.1658806996718107,0.16371999418565733,0.16326584007456968,0.16338094879845078,0.16068161086880048,0.16113450421933953,0.1605968437917134,0.16041606060875035,0.04936130148496771,0.050417590157585915,0.05023835174232578,0.04917393674158554
stage17-sensitivity-s1-7801e7938531,15,s1-step9050-f39of40-d3of4,39,40,3,4,fresh_execution,,,C7,0.9830717143736535,0.9739974937343359,0.974937343358396,0.9677933673469388,0.9818405663281009,0.9739974937343359,0.974937343358396,0.9677933673469388,0.13505561011871758,0.16103106004658993,0.15988912712408584,0.18637079491614458,0.1309356235501684,0.15834643067363185,0.1571905850218202,0.18279938140598995,0.04060231198878158,0.049008157677456636,0.04862292321620239,0.05523730183974625
stage17-sensitivity-s1-7801e7938531,16,s1-step9050-f99of100-d1of4,99,100,1,4,fresh_execution,,,C1,0.9886118805786396,0.9915413533834586,0.9909147869674185,0.9891581632653061,0.9873807325330871,0.9912280701754386,0.9906015037593985,0.9891581632653061,0.09520783633942835,0.08920941009743076,0.09010181380765796,0.09542161555180553,0.09012902368458031,0.08655156976316496,0.08738687537857395,0.0921333986213287,0.02845344558917954,0.027859839633907955,0.028121717808605746,0.029169037253954942
stage17-sensitivity-s1-7801e7938531,16,s1-step9050-f99of100-d1of4,99,100,1,4,fresh_execution,,,C2,0.9910741766697445,0.9918546365914787,0.9906015037593985,0.9866071428571429,0.989843028624192,0.9918546365914787,0.9906015037593985,0.9866071428571429,0.087679269251121,0.0883059585237949,0.08824419096138508,0.08910440140135385,0.08225108510985228,0.08536231177147674,0.0853786386709459,0.08683696830104165,0.025582735178935744,0.02737411357720962,0.0273815321943004,0.027154503725718804
stage17-sensitivity-s1-7801e7938531,16,s1-step9050-f99of100-d1of4,99,100,1,4,fresh_execution,,,C3,0.9932286857494613,0.9893483709273183,0.9893483709273183,0.9885204081632653,0.9938442597722376,0.9890350877192983,0.9890350877192983,0.9878826530612245,0.07056300461695388,0.08262192481011728,0.08257652827020888,0.0928731212089902,0.06807735697504046,0.07946112522489995,0.07947517307582364,0.08936090580114904,0.022010012715579678,0.02528131051660437,0.025284848223598527,0.02836385600603674
stage17-sensitivity-s1-7801e7938531,17,s1-step9050-f99of100-d1of2,99,100,1,2,reference_existing_result,16,stage16-transfer-s1-cc55bd4162c8,C1,0.9886118805786396,0.9915413533834586,0.9909147869674185,0.9891581632653061,0.9873807325330871,0.9912280701754386,0.9906015037593985,0.9891581632653061,0.09520783633942835,0.08920941009743076,0.09010181380765796,0.09542161555180553,0.09012902368458031,0.08655156976316496,0.08738687537857395,0.0921333986213287,0.02845344558917954,0.027859839633907955,0.028121717808605746,0.029169037253954942
stage17-sensitivity-s1-7801e7938531,17,s1-step9050-f99of100-d1of2,99,100,1,2,reference_existing_result,16,stage16-transfer-s1-cc55bd4162c8,C2,0.9910741766697445,0.9918546365914787,0.9906015037593985,0.9866071428571429,0.989843028624192,0.9918546365914787,0.9906015037593985,0.9866071428571429,0.087679269251121,0.0883059585237949,0.08824419096138508,0.08910440140135385,0.08225108510985228,0.08536231177147674,0.0853786386709459,0.08683696830104165,0.025582735178935744,0.02737411357720962,0.0273815321943004,0.027154503725718804
stage17-sensitivity-s1-7801e7938531,17,s1-step9050-f99of100-d1of2,99,100,1,2,reference_existing_result,16,stage16-transfer-s1-cc55bd4162c8,C3,0.9932286857494613,0.9893483709273183,0.9893483709273183,0.9885204081632653,0.9938442597722376,0.9890350877192983,0.9890350877192983,0.9878826530612245,0.07056300461695388,0.08262192481011728,0.08257652827020888,0.0928731212089902,0.06807735697504046,0.07946112522489995,0.07947517307582364,0.08936090580114904,0.022010012715579678,0.02528131051660437,0.025284848223598527,0.02836385600603674
stage17-sensitivity-s1-7801e7938531,17,s1-step9050-f99of100-d1of2,99,100,1,2,reference_existing_result,16,stage16-transfer-s1-cc55bd4162c8,C4,0.9919975377039089,0.9902882205513784,0.9902882205513784,0.9875637755102041,0.9913819636811326,0.9902882205513784,0.9902882205513784,0.9869260204081632,0.07842905269397207,0.08569803929075442,0.08612439023189643,0.09349342445946225,0.07404225810522663,0.08307220166644447,0.08340981134756675,0.09060250949858246,0.02393456852447804,0.026611594109357713,0.026631505594282106,0.028692330620009414
stage17-sensitivity-s1-7801e7938531,17,s1-step9050-f99of100-d1of2,99,100,1,2,reference_existing_result,16,stage16-transfer-s1-cc55bd4162c8,C5,0.9926131117266851,0.9931077694235589,0.9921679197994987,0.9821428571428571,0.9913819636811326,0.9927944862155389,0.9918546365914787,0.9821428571428571,0.07894088706561779,0.08527420280691238,0.08674960969836948,0.10559343704422339,0.07400001103873362,0.08255323658725768,0.08403607620901164,0.1024667760543742,0.02318950842244695,0.026603623718968215,0.02702874669288069,0.03114496033548135
stage17-sensitivity-s1-7801e7938531,17,s1-step9050-f99of100-d1of2,99,100,1,2,reference_existing_result,16,stage16-transfer-s1-cc55bd4162c8,C6,0.9932286857494613,0.9921679197994987,0.9912280701754386,0.9834183673469388,0.9919975377039089,0.9918546365914787,0.9915413533834586,0.9834183673469388,0.0752142319884161,0.0835657948155749,0.08346221613499268,0.10638295822794515,0.07072921658917299,0.08105549050674826,0.08101250389874347,0.10409377495503178,0.02254468400011674,0.026089858423262842,0.02609793821114111,0.03231506501123191
stage17-sensitivity-s1-7801e7938531,17,s1-step9050-f99of100-d1of2,99,100,1,2,reference_existing_result,16,stage16-transfer-s1-cc55bd4162c8,C7,0.9907663896583564,0.9912280701754386,0.9912280701754386,0.9872448979591837,0.9895352416128039,0.9909147869674185,0.9909147869674185,0.9872448979591837,0.08706688671274407,0.09196678719408033,0.09232177753588708,0.09896791837920205,0.08277781882113883,0.08906596921852163,0.0893817181987122,0.0952903297490868,0.026428264004243158,0.02841752779481136,0.028506602789348176,0.03004815741797041
stage17-sensitivity-s1-7801e7938531,18,s1-step9050-f99of100-d3of4,99,100,3,4,fresh_execution,,,C1,0.9886118805786396,0.9915413533834586,0.9909147869674185,0.9891581632653061,0.9873807325330871,0.9912280701754386,0.9906015037593985,0.9891581632653061,0.09520783633942835,0.08920941009743076,0.09010181380765796,0.09542161555180553,0.09012902368458031,0.08655156976316496,0.08738687537857395,0.0921333986213287,0.02845344558917954,0.027859839633907955,0.028121717808605746,0.029169037253954942
stage17-sensitivity-s1-7801e7938531,18,s1-step9050-f99of100-d3of4,99,100,3,4,fresh_execution,,,C2,0.9910741766697445,0.9918546365914787,0.9906015037593985,0.9866071428571429,0.989843028624192,0.9918546365914787,0.9906015037593985,0.9866071428571429,0.087679269251121,0.0883059585237949,0.08824419096138508,0.08910440140135385,0.08225108510985228,0.08536231177147674,0.0853786386709459,0.08683696830104165,0.025582735178935744,0.02737411357720962,0.0273815321943004,0.027154503725718804
stage17-sensitivity-s1-7801e7938531,18,s1-step9050-f99of100-d3of4,99,100,3,4,fresh_execution,,,C3,0.9932286857494613,0.9893483709273183,0.9893483709273183,0.9885204081632653,0.9938442597722376,0.9890350877192983,0.9890350877192983,0.9878826530612245,0.07056300461695388,0.08262192481011728,0.08257652827020888,0.0928731212089902,0.06807735697504046,0.07946112522489995,0.07947517307582364,0.08936090580114904,0.022010012715579678,0.02528131051660437,0.025284848223598527,0.02836385600603674
stage17-sensitivity-s1-7801e7938531,18,s1-step9050-f99of100-d3of4,99,100,3,4,fresh_execution,,,C4,0.9919975377039089,0.9902882205513784,0.9902882205513784,0.9875637755102041,0.9913819636811326,0.9902882205513784,0.9902882205513784,0.9869260204081632,0.07842905269397207,0.08569803929075442,0.08612439023189643,0.09349342445946225,0.07404225810522663,0.08307220166644447,0.08340981134756675,0.09060250949858246,0.02393456852447804,0.026611594109357713,0.026631505594282106,0.028692330620009414
stage17-sensitivity-s1-7801e7938531,18,s1-step9050-f99of100-d3of4,99,100,3,4,fresh_execution,,,C5,0.9926131117266851,0.9931077694235589,0.9921679197994987,0.9821428571428571,0.9913819636811326,0.9927944862155389,0.9918546365914787,0.9821428571428571,0.07894088706561779,0.08527420280691238,0.08674960969836948,0.10559343704422339,0.07400001103873362,0.08255323658725768,0.08403607620901164,0.1024667760543742,0.02318950842244695,0.026603623718968215,0.02702874669288069,0.03114496033548135
stage17-sensitivity-s1-7801e7938531,18,s1-step9050-f99of100-d3of4,99,100,3,4,fresh_execution,,,C6,0.9932286857494613,0.9921679197994987,0.9912280701754386,0.9834183673469388,0.9919975377039089,0.9918546365914787,0.9915413533834586,0.9834183673469388,0.0752142319884161,0.0835657948155749,0.08346221613499268,0.10638295822794515,0.07072921658917299,0.08105549050674826,0.08101250389874347,0.10409377495503178,0.02254468400011674,0.026089858423262842,0.02609793821114111,0.03231506501123191
stage17-sensitivity-s1-7801e7938531,18,s1-step9050-f99of100-d3of4,99,100,3,4,fresh_execution,,,C7,0.9907663896583564,0.9912280701754386,0.9912280701754386,0.9872448979591837,0.9895352416128039,0.9909147869674185,0.9909147869674185,0.9872448979591837,0.08706688671274407,0.09196678719408033,0.09232177753588708,0.09896791837920205,0.08277781882113883,0.08906596921852163,0.0893817181987122,0.0952903297490868,0.026428264004243158,0.02841752779481136,0.028506602789348176,0.03004815741797041
