stage17_run_id,cell_index,cell_id,fidelity_numerator,fidelity_denominator,displayed_fidelity,distinctness_numerator,distinctness_denominator,displayed_jaccard_cutoff,search_execution_mode,source_stage,source_run_id,circuit_id,family_member_index,retained_heads,retained_neurons,retained_components,retained_proportion,fidelity,agreement_count,evaluated_example_count,threshold_pass,ground_truth_accuracy,cross_entropy,kl_divergence,jensen_shannon_divergence,local_single_deletion_minimality,maximum_prior_overlap_numerator,maximum_prior_overlap_denominator,maximum_prior_overlap,mean_prior_overlap,mask_sha256,exact_evaluation_count,ranking_passes,selected_restart
stage17-sensitivity-s1-7801e7938531,1,s1-step9050-f4of5-d1of4,4,5,0.800,1,4,0.25,fresh_execution,,,C1,1,4,60,64,0.12403100775193798,0.8010024277547184,10228,12769,True,0.8006891690813689,0.6440917372098328,0.640452293960197,0.16964068560844742,True,0,1,0.0,,12aa85d7ae7daeb18aa6a18d1709a76ad10c2bb373531fbc0a710934e1a5b08a,7328,453,0
stage17-sensitivity-s1-7801e7938531,1,s1-step9050-f4of5-d1of4,4,5,0.800,1,4,0.25,fresh_execution,,,C2,2,4,60,64,0.12403100775193798,0.8012373717597306,10231,12769,True,0.8010807424230558,0.7364615469063293,0.7324700790818539,0.1920569633933115,True,17,111,0.15315315315315314,0.15315315315315314,a97f5dcb020dada47008c5a2850f0c772bddc6e0cb4150d880de325bdda27ac8,7296,453,0
stage17-sensitivity-s1-7801e7938531,1,s1-step9050-f4of5-d1of4,4,5,0.800,1,4,0.25,fresh_execution,,,C3,3,4,82,86,0.16666666666666666,0.8001409664030072,10217,12769,True,0.80006265173467,0.6878026695544674,0.6842087471040631,0.18325710372045884,True,1,5,0.2,0.15970149253731344,4f7c8048d4426ec9574931218c076e4764c64c81f56194000be02dff8e3badbd,7158,431,0
stage17-sensitivity-s1-7801e7938531,2,s1-step9050-f4of5-d1of2,4,5,0.800,1,2,0.50,fresh_execution,,,C1,1,4,60,64,0.12403100775193798,0.8010024277547184,10228,12769,True,0.8006891690813689,0.6440917372098328,0.640452293960197,0.16964068560844742,True,0,1,0.0,,12aa85d7ae7daeb18aa6a18d1709a76ad10c2bb373531fbc0a710934e1a5b08a,7328,453,0
stage17-sensitivity-s1-7801e7938531,2,s1-step9050-f4of5-d1of2,4,5,0.800,1,2,0.50,fresh_execution,,,C2,2,4,60,64,0.12403100775193798,0.8012373717597306,10231,12769,True,0.8010807424230558,0.7364615469063293,0.7324700790818539,0.1920569633933115,True,17,111,0.15315315315315314,0.15315315315315314,a97f5dcb020dada47008c5a2850f0c772bddc6e0cb4150d880de325bdda27ac8,7296,453,0
stage17-sensitivity-s1-7801e7938531,2,s1-step9050-f4of5-d1of2,4,5,0.800,1,2,0.50,fresh_execution,,,C3,3,4,82,86,0.16666666666666666,0.8001409664030072,10217,12769,True,0.80006265173467,0.6878026695544674,0.6842087471040631,0.18325710372045884,True,1,5,0.2,0.15970149253731344,4f7c8048d4426ec9574931218c076e4764c64c81f56194000be02dff8e3badbd,7158,431,0
stage17-sensitivity-s1-7801e7938531,2,s1-step9050-f4of5-d1of2,4,5,0.800,1,2,0.50,fresh_execution,,,C4,4,4,78,82,0.15891472868217055,0.8010024277547184,10228,12769,True,0.8006891690813689,0.700731896300234,0.6973831803342008,0.1848516004288205,True,15,58,0.25862068965517243,0.20090223705351626,4b11f7f078e7c22afc5e2f03366a1af78d4826eb8a1725fe82c2115681c4d3ad,7058,435,0
stage17-sensitivity-s1-7801e7938531,2,s1-step9050-f4of5-d1of2,4,5,0.800,1,2,0.50,fresh_execution,,,C5,5,4,67,71,0.1375968992248062,0.8007674837497063,10225,12769,True,0.8007674837497063,0.6856296069909487,0.6821331514896213,0.18194734999483295,True,28,107,0.2616822429906542,0.23373678753163227,d227a6888fa67226ec3f0db4af9f0b9d5ce4c44c545c6b024599136347eea5ab,7207,446,0
stage17-sensitivity-s1-7801e7938531,2,s1-step9050-f4of5-d1of2,4,5,0.800,1,2,0.50,fresh_execution,,,C6,6,4,67,71,0.1375968992248062,0.8006891690813689,10224,12769,True,0.8003759104080195,0.697901523105029,0.6935521038558499,0.18637209527190532,True,31,104,0.2980769230769231,0.23565577159327158,f0067b1ba11abd3fcfa4b052d77893d3648ce2c3105c40c7b5ed5535f4c83187,7207,446,0
stage17-sensitivity-s1-7801e7938531,3,s1-step9050-f4of5-d3of4,4,5,0.800,3,4,0.75,fresh_execution,,,C1,1,4,60,64,0.12403100775193798,0.8010024277547184,10228,12769,True,0.8006891690813689,0.6440917372098328,0.640452293960197,0.16964068560844742,True,0,1,0.0,,12aa85d7ae7daeb18aa6a18d1709a76ad10c2bb373531fbc0a710934e1a5b08a,7328,453,0
stage17-sensitivity-s1-7801e7938531,3,s1-step9050-f4of5-d3of4,4,5,0.800,3,4,0.75,fresh_execution,,,C2,2,4,60,64,0.12403100775193798,0.8012373717597306,10231,12769,True,0.8010807424230558,0.7364615469063293,0.7324700790818539,0.1920569633933115,True,17,111,0.15315315315315314,0.15315315315315314,a97f5dcb020dada47008c5a2850f0c772bddc6e0cb4150d880de325bdda27ac8,7296,453,0
stage17-sensitivity-s1-7801e7938531,3,s1-step9050-f4of5-d3of4,4,5,0.800,3,4,0.75,fresh_execution,,,C3,3,4,82,86,0.16666666666666666,0.8001409664030072,10217,12769,True,0.80006265173467,0.6878026695544674,0.6842087471040631,0.18325710372045884,True,1,5,0.2,0.15970149253731344,4f7c8048d4426ec9574931218c076e4764c64c81f56194000be02dff8e3badbd,7158,431,0
stage17-sensitivity-s1-7801e7938531,3,s1-step9050-f4of5-d3of4,4,5,0.800,3,4,0.75,fresh_execution,,,C4,4,4,78,82,0.15891472868217055,0.8010024277547184,10228,12769,True,0.8006891690813689,0.700731896300234,0.6973831803342008,0.1848516004288205,True,15,58,0.25862068965517243,0.20090223705351626,4b11f7f078e7c22afc5e2f03366a1af78d4826eb8a1725fe82c2115681c4d3ad,7058,435,0
stage17-sensitivity-s1-7801e7938531,3,s1-step9050-f4of5-d3of4,4,5,0.800,3,4,0.75,fresh_execution,,,C5,5,4,67,71,0.1375968992248062,0.8007674837497063,10225,12769,True,0.8007674837497063,0.6856296069909487,0.6821331514896213,0.18194734999483295,True,28,107,0.2616822429906542,0.23373678753163227,d227a6888fa67226ec3f0db4af9f0b9d5ce4c44c545c6b024599136347eea5ab,7207,446,0
stage17-sensitivity-s1-7801e7938531,3,s1-step9050-f4of5-d3of4,4,5,0.800,3,4,0.75,fresh_execution,,,C6,6,4,67,71,0.1375968992248062,0.8006891690813689,10224,12769,True,0.8003759104080195,0.697901523105029,0.6935521038558499,0.18637209527190532,True,31,104,0.2980769230769231,0.23565577159327158,f0067b1ba11abd3fcfa4b052d77893d3648ce2c3105c40c7b5ed5535f4c83187,7207,446,0
stage17-sensitivity-s1-7801e7938531,4,s1-step9050-f17of20-d1of4,17,20,0.850,1,4,0.25,fresh_execution,,,C1,1,4,73,77,0.14922480620155038,0.8512021301589788,10869,12769,True,0.8508888714856293,0.4973451098711865,0.4937716457098281,0.1341619761603891,True,0,1,0.0,,3309027cc538ad67a7dc602b43a72f66c5f9e06269b322144766d1e09f437c3a,7101,440,0
stage17-sensitivity-s1-7801e7938531,4,s1-step9050-f17of20-d1of4,17,20,0.850,1,4,0.25,fresh_execution,,,C2,2,4,78,82,0.15891472868217055,0.8504972981439424,10860,12769,True,0.8503406688072676,0.5546901152249172,0.5508507204359743,0.1507203174874973,True,20,139,0.14388489208633093,0.14388489208633093,1ce209177d8aeb50723ee6c2eaaccd8e3bb43714a6d36523d8d67feac624ace0,7154,435,0
stage17-sensitivity-s1-7801e7938531,5,s1-step9050-f17of20-d1of2,17,20,0.850,1,2,0.50,fresh_execution,,,C1,1,4,73,77,0.14922480620155038,0.8512021301589788,10869,12769,True,0.8508888714856293,0.4973451098711865,0.4937716457098281,0.1341619761603891,True,0,1,0.0,,3309027cc538ad67a7dc602b43a72f66c5f9e06269b322144766d1e09f437c3a,7101,440,0
stage17-sensitivity-s1-7801e7938531,5,s1-step9050-f17of20-d1of2,17,20,0.850,1,2,0.50,fresh_execution,,,C2,2,4,78,82,0.15891472868217055,0.8504972981439424,10860,12769,True,0.8503406688072676,0.5546901152249172,0.5508507204359743,0.1507203174874973,True,20,139,0.14388489208633093,0.14388489208633093,1ce209177d8aeb50723ee6c2eaaccd8e3bb43714a6d36523d8d67feac624ace0,7154,435,0
stage17-sensitivity-s1-7801e7938531,5,s1-step9050-f17of20-d1of2,17,20,0.850,1,2,0.50,fresh_execution,,,C3,3,4,63,67,0.1298449612403101,0.8504972981439424,10860,12769,True,0.8506539274806171,0.5482940106722467,0.5447580243318099,0.15133367639914877,True,5,19,0.2631578947368421,0.21361019736842105,bf04f9c2243a262f16942e211f442bcd2ff507d839d44564dd2753591c8b9446,7315,450,0
stage17-sensitivity-s1-7801e7938531,5,s1-step9050-f17of20-d1of2,17,20,0.850,1,2,0.50,fresh_execution,,,C4,4,4,67,71,0.1375968992248062,0.8512804448273161,10870,12769,True,0.8509671861539666,0.5709026650917917,0.5670807830321614,0.15537302910269124,True,8,29,0.27586206896551724,0.2375764451857311,7f87ca7f80455fc60d3235894da35eec35d3471ba40c1617c788bc11c7b26585,7207,446,0
stage17-sensitivity-s1-7801e7938531,5,s1-step9050-f17of20-d1of2,17,20,0.850,1,2,0.50,fresh_execution,,,C5,5,4,68,72,0.13953488372093023,0.8502623541389303,10857,12769,True,0.850418983475605,0.5317727080960813,0.5284186299320248,0.1454077781935236,True,35,114,0.30701754385964913,0.2207655804075131,439c0776efa775d86fe8b3147d57882f137cede8cefb64970db1dcbb2ce7b1c4,7176,445,0
stage17-sensitivity-s1-7801e7938531,5,s1-step9050-f17of20-d1of2,17,20,0.850,1,2,0.50,fresh_execution,,,C6,6,4,64,68,0.13178294573643412,0.8527684235257263,10889,12769,True,0.8526117941890516,0.5485621474652227,0.5448535325792652,0.1500998311416754,True,30,109,0.27522935779816515,0.24443454315169447,cbde2d9a3cc687e1a09b29d9febbfe9d6cbeda8a572763b75d7e33ad71c76226,7300,449,0
stage17-sensitivity-s1-7801e7938531,6,s1-step9050-f17of20-d3of4,17,20,0.850,3,4,0.75,fresh_execution,,,C1,1,4,73,77,0.14922480620155038,0.8512021301589788,10869,12769,True,0.8508888714856293,0.4973451098711865,0.4937716457098281,0.1341619761603891,True,0,1,0.0,,3309027cc538ad67a7dc602b43a72f66c5f9e06269b322144766d1e09f437c3a,7101,440,0
stage17-sensitivity-s1-7801e7938531,6,s1-step9050-f17of20-d3of4,17,20,0.850,3,4,0.75,fresh_execution,,,C2,2,4,78,82,0.15891472868217055,0.8504972981439424,10860,12769,True,0.8503406688072676,0.5546901152249172,0.5508507204359743,0.1507203174874973,True,20,139,0.14388489208633093,0.14388489208633093,1ce209177d8aeb50723ee6c2eaaccd8e3bb43714a6d36523d8d67feac624ace0,7154,435,0
stage17-sensitivity-s1-7801e7938531,6,s1-step9050-f17of20-d3of4,17,20,0.850,3,4,0.75,fresh_execution,,,C3,3,4,63,67,0.1298449612403101,0.8504972981439424,10860,12769,True,0.8506539274806171,0.5482940106722467,0.5447580243318099,0.15133367639914877,True,5,19,0.2631578947368421,0.21361019736842105,bf04f9c2243a262f16942e211f442bcd2ff507d839d44564dd2753591c8b9446,7315,450,0
stage17-sensitivity-s1-7801e7938531,6,s1-step9050-f17of20-d3of4,17,20,0.850,3,4,0.75,fresh_execution,,,C4,4,4,67,71,0.1375968992248062,0.8512804448273161,10870,12769,True,0.8509671861539666,0.5709026650917917,0.5670807830321614,0.15537302910269124,True,8,29,0.27586206896551724,0.2375764451857311,7f87ca7f80455fc60d3235894da35eec35d3471ba40c1617c788bc11c7b26585,7207,446,0
stage17-sensitivity-s1-7801e7938531,6,s1-step9050-f17of20-d3of4,17,20,0.850,3,4,0.75,fresh_execution,,,C5,5,4,68,72,0.13953488372093023,0.8502623541389303,10857,12769,True,0.850418983475605,0.5317727080960813,0.5284186299320248,0.1454077781935236,True,35,114,0.30701754385964913,0.2207655804075131,439c0776efa775d86fe8b3147d57882f137cede8cefb64970db1dcbb2ce7b1c4,7176,445,0
stage17-sensitivity-s1-7801e7938531,6,s1-step9050-f17of20-d3of4,17,20,0.850,3,4,0.75,fresh_execution,,,C6,6,4,64,68,0.13178294573643412,0.8527684235257263,10889,12769,True,0.8526117941890516,0.5485621474652227,0.5448535325792652,0.1500998311416754,True,30,109,0.27522935779816515,0.24443454315169447,cbde2d9a3cc687e1a09b29d9febbfe9d6cbeda8a572763b75d7e33ad71c76226,7300,449,0
stage17-sensitivity-s1-7801e7938531,7,s1-step9050-f9of10-d1of4,9,10,0.900,1,4,0.25,fresh_execution,,,C1,1,4,78,82,0.15891472868217055,0.9003054272065157,11496,12769,True,0.8999921685331662,0.3809693600525678,0.3772179271599095,0.10761764985579339,True,0,1,0.0,,91e2f13a982f3cd5632a9ae17900c6ca64184af5aee1a50a30af792392ee060b,7042,435,0
stage17-sensitivity-s1-7801e7938531,7,s1-step9050-f9of10-d1of4,9,10,0.900,1,4,0.25,fresh_execution,,,C2,2,4,82,86,0.16666666666666666,0.9000704832015036,11493,12769,True,0.9002271125381784,0.4174279849076975,0.4140574773429258,0.11865850883317704,True,11,73,0.1506849315068493,0.1506849315068493,b3398f90acd93975ed112fbba0a34d47aada96a664076dbba2ebce9f59d60c8d,6982,431,0
stage17-sensitivity-s1-7801e7938531,7,s1-step9050-f9of10-d1of4,9,10,0.900,1,4,0.25,fresh_execution,,,C3,3,4,105,109,0.21124031007751937,0.9002271125381784,11495,12769,True,0.9000704832015036,0.39984324979939184,0.3965151747221486,0.11255915156533412,True,30,161,0.18633540372670807,0.14401515949047267,4d2ceb926f318071d7f8b35cc38fd88506d0bbb50cd00665313aff453b742b4d,6621,408,0
stage17-sensitivity-s1-7801e7938531,8,s1-step9050-f9of10-d1of2,9,10,0.900,1,2,0.50,fresh_execution,,,C1,1,4,78,82,0.15891472868217055,0.9003054272065157,11496,12769,True,0.8999921685331662,0.3809693600525678,0.3772179271599095,0.10761764985579339,True,0,1,0.0,,91e2f13a982f3cd5632a9ae17900c6ca64184af5aee1a50a30af792392ee060b,7042,435,0
stage17-sensitivity-s1-7801e7938531,8,s1-step9050-f9of10-d1of2,9,10,0.900,1,2,0.50,fresh_execution,,,C2,2,4,82,86,0.16666666666666666,0.9000704832015036,11493,12769,True,0.9002271125381784,0.4174279849076975,0.4140574773429258,0.11865850883317704,True,11,73,0.1506849315068493,0.1506849315068493,b3398f90acd93975ed112fbba0a34d47aada96a664076dbba2ebce9f59d60c8d,6982,431,0
stage17-sensitivity-s1-7801e7938531,8,s1-step9050-f9of10-d1of2,9,10,0.900,1,2,0.50,fresh_execution,,,C3,3,4,105,109,0.21124031007751937,0.9002271125381784,11495,12769,True,0.9000704832015036,0.39984324979939184,0.3965151747221486,0.11255915156533412,True,30,161,0.18633540372670807,0.14401515949047267,4d2ceb926f318071d7f8b35cc38fd88506d0bbb50cd00665313aff453b742b4d,6621,408,0
stage17-sensitivity-s1-7801e7938531,8,s1-step9050-f9of10-d1of2,9,10,0.900,1,2,0.50,fresh_execution,,,C4,4,4,87,91,0.17635658914728683,0.900148797869841,11494,12769,True,0.900148797869841,0.3972263228687309,0.3938758287993017,0.11230203094663035,True,39,134,0.291044776119403,0.2112784912646072,1dca603526d31b23704e24e277dd698840c8b4eff3f295dcc7588d66564a2039,6955,426,0
stage17-sensitivity-s1-7801e7938531,8,s1-step9050-f9of10-d1of2,9,10,0.900,1,2,0.50,fresh_execution,,,C5,5,4,85,89,0.17248062015503876,0.9002271125381784,11495,12769,True,0.8999138538648289,0.4208056579730335,0.4171659780724821,0.11914138562623913,True,2,7,0.2857142857142857,0.23200295704625243,78051e649e97b047ab710834bdaeaf6284d25e7c54a5639b9cb34b0114c85569,7033,428,0
stage17-sensitivity-s1-7801e7938531,8,s1-step9050-f9of10-d1of2,9,10,0.900,1,2,0.50,fresh_execution,,,C6,6,4,82,86,0.16666666666666666,0.900148797869841,11494,12769,True,0.900148797869841,0.4094046588892575,0.40583770821889004,0.1152990897969542,True,17,69,0.2463768115942029,0.19928180658960964,aec64f3580fa816c22c08952f7257539b27fba4ccc77f333e092658c0140686b,7030,431,0
stage17-sensitivity-s1-7801e7938531,8,s1-step9050-f9of10-d1of2,9,10,0.900,1,2,0.50,fresh_execution,,,C7,7,4,86,90,0.1744186046511628,0.9010885738898896,11506,12769,True,0.9008536298848774,0.4096166805126468,0.4057268188132827,0.11492861099846786,True,35,137,0.25547445255474455,0.21748409215144515,2012d728213ca65da964c22ab6b975233f93bf186209ac34bc4879f2ac5aca74,6922,427,0
stage17-sensitivity-s1-7801e7938531,9,s1-step9050-f9of10-d3of4,9,10,0.900,3,4,0.75,fresh_execution,,,C1,1,4,78,82,0.15891472868217055,0.9003054272065157,11496,12769,True,0.8999921685331662,0.3809693600525678,0.3772179271599095,0.10761764985579339,True,0,1,0.0,,91e2f13a982f3cd5632a9ae17900c6ca64184af5aee1a50a30af792392ee060b,7042,435,0
stage17-sensitivity-s1-7801e7938531,9,s1-step9050-f9of10-d3of4,9,10,0.900,3,4,0.75,fresh_execution,,,C2,2,4,82,86,0.16666666666666666,0.9000704832015036,11493,12769,True,0.9002271125381784,0.4174279849076975,0.4140574773429258,0.11865850883317704,True,11,73,0.1506849315068493,0.1506849315068493,b3398f90acd93975ed112fbba0a34d47aada96a664076dbba2ebce9f59d60c8d,6982,431,0
stage17-sensitivity-s1-7801e7938531,9,s1-step9050-f9of10-d3of4,9,10,0.900,3,4,0.75,fresh_execution,,,C3,3,4,105,109,0.21124031007751937,0.9002271125381784,11495,12769,True,0.9000704832015036,0.39984324979939184,0.3965151747221486,0.11255915156533412,True,30,161,0.18633540372670807,0.14401515949047267,4d2ceb926f318071d7f8b35cc38fd88506d0bbb50cd00665313aff453b742b4d,6621,408,0
stage17-sensitivity-s1-7801e7938531,9,s1-step9050-f9of10-d3of4,9,10,0.900,3,4,0.75,fresh_execution,,,C4,4,4,87,91,0.17635658914728683,0.900148797869841,11494,12769,True,0.900148797869841,0.3972263228687309,0.3938758287993017,0.11230203094663035,True,39,134,0.291044776119403,0.2112784912646072,1dca603526d31b23704e24e277dd698840c8b4eff3f295dcc7588d66564a2039,6955,426,0
stage17-sensitivity-s1-7801e7938531,9,s1-step9050-f9of10-d3of4,9,10,0.900,3,4,0.75,fresh_execution,,,C5,5,4,85,89,0.17248062015503876,0.9002271125381784,11495,12769,True,0.8999138538648289,0.4208056579730335,0.4171659780724821,0.11914138562623913,True,2,7,0.2857142857142857,0.23200295704625243,78051e649e97b047ab710834bdaeaf6284d25e7c54a5639b9cb34b0114c85569,7033,428,0
stage17-sensitivity-s1-7801e7938531,9,s1-step9050-f9of10-d3of4,9,10,0.900,3,4,0.75,fresh_execution,,,C6,6,4,82,86,0.16666666666666666,0.900148797869841,11494,12769,True,0.900148797869841,0.4094046588892575,0.40583770821889004,0.1152990897969542,True,17,69,0.2463768115942029,0.19928180658960964,aec64f3580fa816c22c08952f7257539b27fba4ccc77f333e092658c0140686b,7030,431,0
stage17-sensitivity-s1-7801e7938531,9,s1-step9050-f9of10-d3of4,9,10,0.900,3,4,0.75,fresh_execution,,,C7,7,4,86,90,0.1744186046511628,0.9010885738898896,11506,12769,True,0.9008536298848774,0.4096166805126468,0.4057268188132827,0.11492861099846786,True,35,137,0.25547445255474455,0.21748409215144515,2012d728213ca65da964c22ab6b975233f93bf186209ac34bc4879f2ac5aca74,6922,427,0
stage17-sensitivity-s1-7801e7938531,10,s1-step9050-f19of20-d1of4,19,20,0.950,1,4,0.25,fresh_execution,,,C1,1,4,104,108,0.20930232558139536,0.950896702952463,12142,12769,True,0.9505834442791135,0.23088000813250406,0.22737808174101037,0.06777957392772437,True,0,1,0.0,,be465e02768cf7eda8127f8c0c91b0905eefd6c6942941c6116ba0dd15c03898,6780,409,0
stage17-sensitivity-s1-7801e7938531,10,s1-step9050-f19of20-d1of4,19,20,0.950,1,4,0.25,fresh_execution,,,C2,2,4,101,105,0.20348837209302326,0.9501135562690892,12132,12769,True,0.9498002975957397,0.2782523706098551,0.2748641098911278,0.08265809438282057,True,22,191,0.11518324607329843,0.11518324607329843,2d095c35800672218887626f482460a5a5a0f7c45a0d92f9cc694b152358d52c,6793,412,0
stage17-sensitivity-s1-7801e7938531,10,s1-step9050-f19of20-d1of4,19,20,0.950,1,4,0.25,fresh_execution,,,C3,3,4,111,115,0.22286821705426357,0.9500352416007518,12131,12769,True,0.9497219829274023,0.22926289012038023,0.22584056829195204,0.06718396572132733,True,30,193,0.15544041450777202,0.1447305165322365,cd8333e808d2dbf2898bdff722843c2be87163fc0d6eef631911b33cf7f923cd,6579,402,0
stage17-sensitivity-s1-7801e7938531,10,s1-step9050-f19of20-d1of4,19,20,0.950,1,4,0.25,fresh_execution,,,C4,4,4,88,92,0.17829457364341086,0.950896702952463,12142,12769,True,0.9510533322891378,0.2559741379336996,0.2529324156346878,0.0760405836338805,True,9,41,0.21951219512195122,0.18260908331914824,f3eb38db988b8e14db8182582e21ce9e23a6a8371e14a578450d6f9aa1830491,7020,425,0
stage17-sensitivity-s1-7801e7938531,11,s1-step9050-f19of20-d1of2,19,20,0.950,1,2,0.50,fresh_execution,,,C1,1,4,104,108,0.20930232558139536,0.950896702952463,12142,12769,True,0.9505834442791135,0.23088000813250406,0.22737808174101037,0.06777957392772437,True,0,1,0.0,,be465e02768cf7eda8127f8c0c91b0905eefd6c6942941c6116ba0dd15c03898,6780,409,0
stage17-sensitivity-s1-7801e7938531,11,s1-step9050-f19of20-d1of2,19,20,0.950,1,2,0.50,fresh_execution,,,C2,2,4,101,105,0.20348837209302326,0.9501135562690892,12132,12769,True,0.9498002975957397,0.2782523706098551,0.2748641098911278,0.08265809438282057,True,22,191,0.11518324607329843,0.11518324607329843,2d095c35800672218887626f482460a5a5a0f7c45a0d92f9cc694b152358d52c,6793,412,0
stage17-sensitivity-s1-7801e7938531,11,s1-step9050-f19of20-d1of2,19,20,0.950,1,2,0.50,fresh_execution,,,C3,3,4,111,115,0.22286821705426357,0.9500352416007518,12131,12769,True,0.9497219829274023,0.22926289012038023,0.22584056829195204,0.06718396572132733,True,30,193,0.15544041450777202,0.1447305165322365,cd8333e808d2dbf2898bdff722843c2be87163fc0d6eef631911b33cf7f923cd,6579,402,0
stage17-sensitivity-s1-7801e7938531,11,s1-step9050-f19of20-d1of2,19,20,0.950,1,2,0.50,fresh_execution,,,C4,4,4,88,92,0.17829457364341086,0.950896702952463,12142,12769,True,0.9510533322891378,0.2559741379336996,0.2529324156346878,0.0760405836338805,True,9,41,0.21951219512195122,0.18260908331914824,f3eb38db988b8e14db8182582e21ce9e23a6a8371e14a578450d6f9aa1830491,7020,425,0
stage17-sensitivity-s1-7801e7938531,11,s1-step9050-f19of20-d1of2,19,20,0.950,1,2,0.50,fresh_execution,,,C5,5,4,119,123,0.23837209302325582,0.9501918709374266,12133,12769,True,0.9501918709374266,0.234474112795708,0.23158135834339427,0.06956288982027374,True,17,60,0.2833333333333333,0.19529364868034818,3f2c459c8c1be86c073150095cce0b63dbce78281bd06e0853aaec478e9db952,6459,394,0
stage17-sensitivity-s1-7801e7938531,11,s1-step9050-f19of20-d1of2,19,20,0.950,1,2,0.50,fresh_execution,,,C6,6,4,95,99,0.19186046511627908,0.9501135562690892,12132,12769,True,0.9502701856057639,0.24775631670359455,0.24483330451065655,0.07354335796223203,True,47,160,0.29375,0.21262813832435956,f9c9b86ab4f8b6c56c579b8c49f34078e9a0892fecb64d309a9543c5c837bb6b,6803,418,0
stage17-sensitivity-s1-7801e7938531,11,s1-step9050-f19of20-d1of2,19,20,0.950,1,2,0.50,fresh_execution,,,C7,7,4,91,95,0.18410852713178294,0.950505129610776,12137,12769,True,0.9501918709374266,0.26174640904998797,0.2585006533418698,0.07784718747210959,True,48,155,0.3096774193548387,0.2278608543445173,da39f63452a165d5382fdd4db096ad7254ca457076ad81c4571453ff8dbb3deb,6927,422,0
stage17-sensitivity-s1-7801e7938531,12,s1-step9050-f19of20-d3of4,19,20,0.950,3,4,0.75,fresh_execution,,,C1,1,4,104,108,0.20930232558139536,0.950896702952463,12142,12769,True,0.9505834442791135,0.23088000813250406,0.22737808174101037,0.06777957392772437,True,0,1,0.0,,be465e02768cf7eda8127f8c0c91b0905eefd6c6942941c6116ba0dd15c03898,6780,409,0
stage17-sensitivity-s1-7801e7938531,12,s1-step9050-f19of20-d3of4,19,20,0.950,3,4,0.75,fresh_execution,,,C2,2,4,101,105,0.20348837209302326,0.9501135562690892,12132,12769,True,0.9498002975957397,0.2782523706098551,0.2748641098911278,0.08265809438282057,True,22,191,0.11518324607329843,0.11518324607329843,2d095c35800672218887626f482460a5a5a0f7c45a0d92f9cc694b152358d52c,6793,412,0
stage17-sensitivity-s1-7801e7938531,12,s1-step9050-f19of20-d3of4,19,20,0.950,3,4,0.75,fresh_execution,,,C3,3,4,111,115,0.22286821705426357,0.9500352416007518,12131,12769,True,0.9497219829274023,0.22926289012038023,0.22584056829195204,0.06718396572132733,True,30,193,0.15544041450777202,0.1447305165322365,cd8333e808d2dbf2898bdff722843c2be87163fc0d6eef631911b33cf7f923cd,6579,402,0
stage17-sensitivity-s1-7801e7938531,12,s1-step9050-f19of20-d3of4,19,20,0.950,3,4,0.75,fresh_execution,,,C4,4,4,88,92,0.17829457364341086,0.950896702952463,12142,12769,True,0.9510533322891378,0.2559741379336996,0.2529324156346878,0.0760405836338805,True,9,41,0.21951219512195122,0.18260908331914824,f3eb38db988b8e14db8182582e21ce9e23a6a8371e14a578450d6f9aa1830491,7020,425,0
stage17-sensitivity-s1-7801e7938531,12,s1-step9050-f19of20-d3of4,19,20,0.950,3,4,0.75,fresh_execution,,,C5,5,4,119,123,0.23837209302325582,0.9501918709374266,12133,12769,True,0.9501918709374266,0.234474112795708,0.23158135834339427,0.06956288982027374,True,17,60,0.2833333333333333,0.19529364868034818,3f2c459c8c1be86c073150095cce0b63dbce78281bd06e0853aaec478e9db952,6459,394,0
stage17-sensitivity-s1-7801e7938531,12,s1-step9050-f19of20-d3of4,19,20,0.950,3,4,0.75,fresh_execution,,,C6,6,4,95,99,0.19186046511627908,0.9501135562690892,12132,12769,True,0.9502701856057639,0.24775631670359455,0.24483330451065655,0.07354335796223203,True,47,160,0.29375,0.21262813832435956,f9c9b86ab4f8b6c56c579b8c49f34078e9a0892fecb64d309a9543c5c837bb6b,6803,418,0
stage17-sensitivity-s1-7801e7938531,12,s1-step9050-f19of20-d3of4,19,20,0.950,3,4,0.75,fresh_execution,,,C7,7,4,91,95,0.18410852713178294,0.950505129610776,12137,12769,True,0.9501918709374266,0.26174640904998797,0.2585006533418698,0.07784718747210959,True,48,155,0.3096774193548387,0.2278608543445173,da39f63452a165d5382fdd4db096ad7254ca457076ad81c4571453ff8dbb3deb,6927,422,0
stage17-sensitivity-s1-7801e7938531,13,s1-step9050-f39of40-d1of4,39,40,0.975,1,4,0.25,fresh_execution,,,C1,1,4,115,119,0.23062015503875968,0.9750176208003759,12450,12769,True,0.974626047458689,0.15900301516753323,0.15566163742202505,0.04811356763209893,True,0,1,0.0,,443c313d15fdcba61fe5ec0caa74c517a080e2216d493c9c064cec2461d1c60f,6599,398,0
stage17-sensitivity-s1-7801e7938531,13,s1-step9050-f39of40-d1of4,39,40,0.975,1,4,0.25,fresh_execution,,,C2,2,4,126,130,0.25193798449612403,0.9750959354687133,12451,12769,True,0.9747826767953638,0.16802933142939472,0.16474031727742033,0.05092593755369158,True,23,226,0.10176991150442478,0.10176991150442478,71b92fbdecba25a5b4104243f0452ec6f9e2da0f101d95ef162a9f13ca732b58,6418,387,0
stage17-sensitivity-s1-7801e7938531,13,s1-step9050-f39of40-d1of4,39,40,0.975,1,4,0.25,fresh_execution,,,C3,3,4,147,151,0.2926356589147287,0.9751742501370507,12452,12769,True,0.9749393061320385,0.15387763351528683,0.15044756465743456,0.04624336328840471,True,37,233,0.15879828326180256,0.13473511001034794,ac32d97ad0ce19a44468db36e07001b61f087b881daa8a52ee9185bbf8f346ed,6263,366,0
stage17-sensitivity-s1-7801e7938531,13,s1-step9050-f39of40-d1of4,39,40,0.975,1,4,0.25,fresh_execution,,,C4,4,4,146,150,0.29069767441860467,0.9750176208003759,12450,12769,True,0.9748609914637012,0.15611407456605128,0.15334251324198164,0.047209616087996294,True,23,117,0.19658119658119658,0.18778099260589534,c089a9917e11768e9abd6a983c8d8639ddab49c38abab55f46f53853cd52a6bf,6390,367,0
stage17-sensitivity-s1-7801e7938531,14,s1-step9050-f39of40-d1of2,39,40,0.975,1,2,0.50,fresh_execution,,,C1,1,4,115,119,0.23062015503875968,0.9750176208003759,12450,12769,True,0.974626047458689,0.15900301516753323,0.15566163742202505,0.04811356763209893,True,0,1,0.0,,443c313d15fdcba61fe5ec0caa74c517a080e2216d493c9c064cec2461d1c60f,6599,398,0
stage17-sensitivity-s1-7801e7938531,14,s1-step9050-f39of40-d1of2,39,40,0.975,1,2,0.50,fresh_execution,,,C2,2,4,126,130,0.25193798449612403,0.9750959354687133,12451,12769,True,0.9747826767953638,0.16802933142939472,0.16474031727742033,0.05092593755369158,True,23,226,0.10176991150442478,0.10176991150442478,71b92fbdecba25a5b4104243f0452ec6f9e2da0f101d95ef162a9f13ca732b58,6418,387,0
stage17-sensitivity-s1-7801e7938531,14,s1-step9050-f39of40-d1of2,39,40,0.975,1,2,0.50,fresh_execution,,,C3,3,4,147,151,0.2926356589147287,0.9751742501370507,12452,12769,True,0.9749393061320385,0.15387763351528683,0.15044756465743456,0.04624336328840471,True,37,233,0.15879828326180256,0.13473511001034794,ac32d97ad0ce19a44468db36e07001b61f087b881daa8a52ee9185bbf8f346ed,6263,366,0
stage17-sensitivity-s1-7801e7938531,14,s1-step9050-f39of40-d1of2,39,40,0.975,1,2,0.50,fresh_execution,,,C4,4,4,146,150,0.29069767441860467,0.9750176208003759,12450,12769,True,0.9748609914637012,0.15611407456605128,0.15334251324198164,0.047209616087996294,True,23,117,0.19658119658119658,0.18778099260589534,c089a9917e11768e9abd6a983c8d8639ddab49c38abab55f46f53853cd52a6bf,6390,367,0
stage17-sensitivity-s1-7801e7938531,14,s1-step9050-f39of40-d1of2,39,40,0.975,1,2,0.50,fresh_execution,,,C5,5,4,141,145,0.2810077519379845,0.9750959354687133,12451,12769,True,0.974626047458689,0.1654309322697996,0.16212835379323892,0.05050047687137269,True,53,211,0.25118483412322273,0.18151484051251907,a2e872712a2c62edd0efe398b17dfdacf5919be0bf1f0da0163a2356921d8cad,6417,372,0
stage17-sensitivity-s1-7801e7938531,14,s1-step9050-f39of40-d1of2,39,40,0.975,1,2,0.50,fresh_execution,,,C6,6,4,130,134,0.2596899224806202,0.9750176208003759,12450,12769,True,0.9748609914637012,0.16407297608460328,0.1607084174667597,0.04979858255860212,True,59,194,0.30412371134020616,0.20484220888349594,914fcd537f1eac0586885689440c865b28c70148081102a894695e095aec7909,6678,383,0
stage17-sensitivity-s1-7801e7938531,14,s1-step9050-f39of40-d1of2,39,40,0.975,1,2,0.50,fresh_execution,,,C7,7,4,134,138,0.26744186046511625,0.9750176208003759,12450,12769,True,0.9747043621270264,0.1603595996226439,0.15708848422770497,0.04830288201374855,True,59,198,0.29797979797979796,0.21927797749133626,bcdf66a7837dac98e30e74fa54ff9d10d34b469ac8abc92c73b881672ebde78a,6346,379,0
stage17-sensitivity-s1-7801e7938531,15,s1-step9050-f39of40-d3of4,39,40,0.975,3,4,0.75,fresh_execution,,,C1,1,4,115,119,0.23062015503875968,0.9750176208003759,12450,12769,True,0.974626047458689,0.15900301516753323,0.15566163742202505,0.04811356763209893,True,0,1,0.0,,443c313d15fdcba61fe5ec0caa74c517a080e2216d493c9c064cec2461d1c60f,6599,398,0
stage17-sensitivity-s1-7801e7938531,15,s1-step9050-f39of40-d3of4,39,40,0.975,3,4,0.75,fresh_execution,,,C2,2,4,126,130,0.25193798449612403,0.9750959354687133,12451,12769,True,0.9747826767953638,0.16802933142939472,0.16474031727742033,0.05092593755369158,True,23,226,0.10176991150442478,0.10176991150442478,71b92fbdecba25a5b4104243f0452ec6f9e2da0f101d95ef162a9f13ca732b58,6418,387,0
stage17-sensitivity-s1-7801e7938531,15,s1-step9050-f39of40-d3of4,39,40,0.975,3,4,0.75,fresh_execution,,,C3,3,4,147,151,0.2926356589147287,0.9751742501370507,12452,12769,True,0.9749393061320385,0.15387763351528683,0.15044756465743456,0.04624336328840471,True,37,233,0.15879828326180256,0.13473511001034794,ac32d97ad0ce19a44468db36e07001b61f087b881daa8a52ee9185bbf8f346ed,6263,366,0
stage17-sensitivity-s1-7801e7938531,15,s1-step9050-f39of40-d3of4,39,40,0.975,3,4,0.75,fresh_execution,,,C4,4,4,146,150,0.29069767441860467,0.9750176208003759,12450,12769,True,0.9748609914637012,0.15611407456605128,0.15334251324198164,0.047209616087996294,True,23,117,0.19658119658119658,0.18778099260589534,c089a9917e11768e9abd6a983c8d8639ddab49c38abab55f46f53853cd52a6bf,6390,367,0
stage17-sensitivity-s1-7801e7938531,15,s1-step9050-f39of40-d3of4,39,40,0.975,3,4,0.75,fresh_execution,,,C5,5,4,141,145,0.2810077519379845,0.9750959354687133,12451,12769,True,0.974626047458689,0.1654309322697996,0.16212835379323892,0.05050047687137269,True,53,211,0.25118483412322273,0.18151484051251907,a2e872712a2c62edd0efe398b17dfdacf5919be0bf1f0da0163a2356921d8cad,6417,372,0
stage17-sensitivity-s1-7801e7938531,15,s1-step9050-f39of40-d3of4,39,40,0.975,3,4,0.75,fresh_execution,,,C6,6,4,130,134,0.2596899224806202,0.9750176208003759,12450,12769,True,0.9748609914637012,0.16407297608460328,0.1607084174667597,0.04979858255860212,True,59,194,0.30412371134020616,0.20484220888349594,914fcd537f1eac0586885689440c865b28c70148081102a894695e095aec7909,6678,383,0
stage17-sensitivity-s1-7801e7938531,15,s1-step9050-f39of40-d3of4,39,40,0.975,3,4,0.75,fresh_execution,,,C7,7,4,134,138,0.26744186046511625,0.9750176208003759,12450,12769,True,0.9747043621270264,0.1603595996226439,0.15708848422770497,0.04830288201374855,True,59,198,0.29797979797979796,0.21927797749133626,bcdf66a7837dac98e30e74fa54ff9d10d34b469ac8abc92c73b881672ebde78a,6346,379,0
stage17-sensitivity-s1-7801e7938531,16,s1-step9050-f99of100-d1of4,99,100,0.990,1,4,0.25,reference_existing_result,12,stage12-diversity-s1-020ebf1b5814,C1,1,4,142,146,0.28294573643410853,0.9900540371211528,12642,12769,True,0.9895841491111285,0.09248444461917989,0.08904151091864036,0.028397875863744284,True,0,1,0.0,,f61240e67b41fa8f60cbe20d22bb6182b9a226f984a4aa7d219ec7bc27758446,6098,371,0
stage17-sensitivity-s1-7801e7938531,16,s1-step9050-f99of100-d1of4,99,100,0.990,1,4,0.25,reference_existing_result,12,stage12-diversity-s1-020ebf1b5814,C2,2,4,158,162,0.313953488372093,0.9900540371211528,12642,12769,True,0.9897407784478033,0.08832715371197684,0.08493692708326335,0.026866226923241945,True,19,289,0.0657439446366782,0.0657439446366782,763ae7ba922025c4dd68904e5436548d8380db98df2b0d481e99bfbd7f831c85,6050,355,0
stage17-sensitivity-s1-7801e7938531,16,s1-step9050-f99of100-d1of4,99,100,0.990,1,4,0.25,reference_existing_result,12,stage12-diversity-s1-020ebf1b5814,C3,3,4,172,176,0.34108527131782945,0.9901323517894902,12643,12769,True,0.9899757224528154,0.08205989289249568,0.07899943594488366,0.02520688874982984,True,27,134,0.20149253731343283,0.15666732128829536,dbfc7307c1efba08ed4ade41846aba0f29a70772b57c4c1795240b2434276c51,6144,341,0
stage17-sensitivity-s1-7801e7938531,17,s1-step9050-f99of100-d1of2,99,100,0.990,1,2,0.50,reference_existing_result,12,stage12-diversity-s1-020ebf1b5814,C1,1,4,142,146,0.28294573643410853,0.9900540371211528,12642,12769,True,0.9895841491111285,0.09248444461917989,0.08904151091864036,0.028397875863744284,True,0,1,0.0,,f61240e67b41fa8f60cbe20d22bb6182b9a226f984a4aa7d219ec7bc27758446,6098,371,0
stage17-sensitivity-s1-7801e7938531,17,s1-step9050-f99of100-d1of2,99,100,0.990,1,2,0.50,reference_existing_result,12,stage12-diversity-s1-020ebf1b5814,C2,2,4,158,162,0.313953488372093,0.9900540371211528,12642,12769,True,0.9897407784478033,0.08832715371197684,0.08493692708326335,0.026866226923241945,True,19,289,0.0657439446366782,0.0657439446366782,763ae7ba922025c4dd68904e5436548d8380db98df2b0d481e99bfbd7f831c85,6050,355,0
stage17-sensitivity-s1-7801e7938531,17,s1-step9050-f99of100-d1of2,99,100,0.990,1,2,0.50,reference_existing_result,12,stage12-diversity-s1-020ebf1b5814,C3,3,4,172,176,0.34108527131782945,0.9901323517894902,12643,12769,True,0.9899757224528154,0.08205989289249568,0.07899943594488366,0.02520688874982984,True,27,134,0.20149253731343283,0.15666732128829536,dbfc7307c1efba08ed4ade41846aba0f29a70772b57c4c1795240b2434276c51,6144,341,0
stage17-sensitivity-s1-7801e7938531,17,s1-step9050-f99of100-d1of2,99,100,0.990,1,2,0.50,reference_existing_result,12,stage12-diversity-s1-020ebf1b5814,C4,4,4,158,162,0.313953488372093,0.9900540371211528,12642,12769,True,0.9897407784478033,0.08586957211558387,0.08270838373499567,0.02644643559859955,True,16,61,0.26229508196721313,0.2038677526892807,3cb82a970a29fb0980e533af7a41716fd0898ca40fb7833a0ab203067b4d004d,6402,355,0
stage17-sensitivity-s1-7801e7938531,17,s1-step9050-f99of100-d1of2,99,100,0.990,1,2,0.50,reference_existing_result,12,stage12-diversity-s1-020ebf1b5814,C5,5,4,176,180,0.3488372093023256,0.9900540371211528,12642,12769,True,0.9895841491111285,0.08902184745584904,0.08563825922288783,0.026956522423934634,True,34,137,0.24817518248175183,0.2073319681737112,55c66cb74d9d515b14a01b881a001552e7d7b53fefd252d740c45197b345ba12,7108,337,0
stage17-sensitivity-s1-7801e7938531,17,s1-step9050-f99of100-d1of2,99,100,0.990,1,2,0.50,reference_existing_result,12,stage12-diversity-s1-020ebf1b5814,C6,6,4,176,180,0.3488372093023256,0.9900540371211528,12642,12769,True,0.9897407784478033,0.08701867081896872,0.0840753654240373,0.02671870695469491,True,77,249,0.3092369477911647,0.2262718779448201,227ef2b8a41f6d781e5758da5896d753e401157322a473abcaf8f43dbf66b1da,6180,337,0
stage17-sensitivity-s1-7801e7938531,17,s1-step9050-f99of100-d1of2,99,100,0.990,1,2,0.50,reference_existing_result,12,stage12-diversity-s1-020ebf1b5814,C7,7,4,165,169,0.32751937984496127,0.9901323517894902,12643,12769,True,0.9896624637794659,0.0925282172123846,0.0890735864733986,0.028334112008550277,True,68,247,0.27530364372469635,0.22667975223865194,409f76bbb29e8f6393ba3edc896c0d17d09d2319fbca8a61b1ab834e8b707604,6217,348,0
stage17-sensitivity-s1-7801e7938531,18,s1-step9050-f99of100-d3of4,99,100,0.990,3,4,0.75,reference_existing_result,12,stage12-diversity-s1-020ebf1b5814,C1,1,4,142,146,0.28294573643410853,0.9900540371211528,12642,12769,True,0.9895841491111285,0.09248444461917989,0.08904151091864036,0.028397875863744284,True,0,1,0.0,,f61240e67b41fa8f60cbe20d22bb6182b9a226f984a4aa7d219ec7bc27758446,6098,371,0
stage17-sensitivity-s1-7801e7938531,18,s1-step9050-f99of100-d3of4,99,100,0.990,3,4,0.75,reference_existing_result,12,stage12-diversity-s1-020ebf1b5814,C2,2,4,158,162,0.313953488372093,0.9900540371211528,12642,12769,True,0.9897407784478033,0.08832715371197684,0.08493692708326335,0.026866226923241945,True,19,289,0.0657439446366782,0.0657439446366782,763ae7ba922025c4dd68904e5436548d8380db98df2b0d481e99bfbd7f831c85,6050,355,0
stage17-sensitivity-s1-7801e7938531,18,s1-step9050-f99of100-d3of4,99,100,0.990,3,4,0.75,reference_existing_result,12,stage12-diversity-s1-020ebf1b5814,C3,3,4,172,176,0.34108527131782945,0.9901323517894902,12643,12769,True,0.9899757224528154,0.08205989289249568,0.07899943594488366,0.02520688874982984,True,27,134,0.20149253731343283,0.15666732128829536,dbfc7307c1efba08ed4ade41846aba0f29a70772b57c4c1795240b2434276c51,6144,341,0
stage17-sensitivity-s1-7801e7938531,18,s1-step9050-f99of100-d3of4,99,100,0.990,3,4,0.75,reference_existing_result,12,stage12-diversity-s1-020ebf1b5814,C4,4,4,158,162,0.313953488372093,0.9900540371211528,12642,12769,True,0.9897407784478033,0.08586957211558387,0.08270838373499567,0.02644643559859955,True,16,61,0.26229508196721313,0.2038677526892807,3cb82a970a29fb0980e533af7a41716fd0898ca40fb7833a0ab203067b4d004d,6402,355,0
stage17-sensitivity-s1-7801e7938531,18,s1-step9050-f99of100-d3of4,99,100,0.990,3,4,0.75,reference_existing_result,12,stage12-diversity-s1-020ebf1b5814,C5,5,4,176,180,0.3488372093023256,0.9900540371211528,12642,12769,True,0.9895841491111285,0.08902184745584904,0.08563825922288783,0.026956522423934634,True,34,137,0.24817518248175183,0.2073319681737112,55c66cb74d9d515b14a01b881a001552e7d7b53fefd252d740c45197b345ba12,7108,337,0
stage17-sensitivity-s1-7801e7938531,18,s1-step9050-f99of100-d3of4,99,100,0.990,3,4,0.75,reference_existing_result,12,stage12-diversity-s1-020ebf1b5814,C6,6,4,176,180,0.3488372093023256,0.9900540371211528,12642,12769,True,0.9897407784478033,0.08701867081896872,0.0840753654240373,0.02671870695469491,True,77,249,0.3092369477911647,0.2262718779448201,227ef2b8a41f6d781e5758da5896d753e401157322a473abcaf8f43dbf66b1da,6180,337,0
stage17-sensitivity-s1-7801e7938531,18,s1-step9050-f99of100-d3of4,99,100,0.990,3,4,0.75,reference_existing_result,12,stage12-diversity-s1-020ebf1b5814,C7,7,4,165,169,0.32751937984496127,0.9901323517894902,12643,12769,True,0.9896624637794659,0.0925282172123846,0.0890735864733986,0.028334112008550277,True,68,247,0.27530364372469635,0.22667975223865194,409f76bbb29e8f6393ba3edc896c0d17d09d2319fbca8a61b1ab834e8b707604,6217,348,0
