weight_name,canonical_frequency_pair,raw_pair_power,normalized_pair_power,descending_rank
token_embedding_W_E,1,37.534889812364696,0.10428043558238564,5
token_embedding_W_E,2,0.9211634909617512,0.0025592010676008066,53
token_embedding_W_E,3,46.32442711421925,0.12869976338611563,4
token_embedding_W_E,4,1.048724130410277,0.0029135934505638695,46
token_embedding_W_E,5,11.388750400965234,0.03164053120945884,7
token_embedding_W_E,6,5.418514280773031,0.015053861413554817,9
token_embedding_W_E,7,2.216863195945476,0.006158948670300884,13
token_embedding_W_E,8,1.3816686975219037,0.0038385889589229207,29
token_embedding_W_E,9,1.6419408179346848,0.004561683930621894,19
token_embedding_W_E,10,1.4970675433047385,0.004159193121186224,23
token_embedding_W_E,11,1.3238676183002536,0.0036780044534535567,31
token_embedding_W_E,12,0.9491166062201193,0.002636861160639551,52
token_embedding_W_E,13,1.3127077835125918,0.0036469999017284182,32
token_embedding_W_E,14,1.1503978880432268,0.0031960662055463347,39
token_embedding_W_E,15,1.0276521916071153,0.002855050826143131,49
token_embedding_W_E,16,1.063211340197216,0.0029538422045766693,45
token_embedding_W_E,17,55.16064238733553,0.15324877317904578,2
token_embedding_W_E,18,1.1257940518674876,0.003127711169305931,41
token_embedding_W_E,19,1.489426189644845,0.004137963707910306,24
token_embedding_W_E,20,19.755353737498954,0.05488485254995651,6
token_embedding_W_E,21,1.5446461340419126,0.004291377235520141,22
token_embedding_W_E,22,1.1582953730517163,0.0032180072097908533,38
token_embedding_W_E,23,2.379081811788517,0.006609628770981812,12
token_embedding_W_E,24,0.824407448634335,0.0022903908409138765,55
token_embedding_W_E,25,1.2882476553542637,0.0035790441189486543,33
token_embedding_W_E,26,1.5670535554910574,0.004353630133575143,20
token_embedding_W_E,27,1.393840830363485,0.003872405904197891,28
token_embedding_W_E,28,1.6554066182767937,0.0045990949775747475,18
token_embedding_W_E,29,1.4186133216751822,0.003941229502651447,27
token_embedding_W_E,30,1.2828979701412613,0.0035641814802935446,35
token_embedding_W_E,31,1.090231803299081,0.0030289111784296855,44
token_embedding_W_E,32,1.0461483570908052,0.0029064373681813517,47
token_embedding_W_E,33,1.557709170539665,0.004327669313179723,21
token_embedding_W_E,34,6.59688916193474,0.01832765405025001,8
token_embedding_W_E,35,0.968704352739161,0.0026912803623288057,51
token_embedding_W_E,36,0.8781609893385076,0.0024397303665325202,54
token_embedding_W_E,37,1.4736764404864158,0.004094207333220928,25
token_embedding_W_E,38,1.1217422460746396,0.0031164543339965533,42
token_embedding_W_E,39,2.009869419470262,0.005583873019843863,14
token_embedding_W_E,40,1.6770060140399283,0.004659102997040254,17
token_embedding_W_E,41,1.7398277879972737,0.004833636131014504,15
token_embedding_W_E,42,1.1426814058576034,0.003174628068189249,40
token_embedding_W_E,43,1.0233217798856522,0.002843019960385361,50
token_embedding_W_E,44,1.6875764969950502,0.004688470195728904,16
token_embedding_W_E,45,5.141286973213813,0.014283661087081926,10
token_embedding_W_E,46,1.4413762579774296,0.004004470101587493,26
token_embedding_W_E,47,0.8166239187364777,0.00226876642980798,56
token_embedding_W_E,48,46.66458163959305,0.1296447897935094,3
token_embedding_W_E,49,1.201224012074916,0.0033372727038065994,36
token_embedding_W_E,50,1.10554597457732,0.0030714574189930973,43
token_embedding_W_E,51,2.9569540306332183,0.00821508883742469,11
token_embedding_W_E,52,1.284411843059355,0.0035683873625568033,34
token_embedding_W_E,53,1.1638778383251895,0.0032335165642408447,37
token_embedding_W_E,54,1.3485523020328622,0.0037465841025405215,30
token_embedding_W_E,55,1.041835425873308,0.002894455067227605,48
token_embedding_W_E,56,63.51733472940598,0.17646555952943555,1
valid_class_unembedding_W_U,1,2.9558677893096914,0.09672500401571647,5
valid_class_unembedding_W_U,2,0.1520932515015837,0.004976954793262148,40
valid_class_unembedding_W_U,3,4.112438724605731,0.13457153042855585,3
valid_class_unembedding_W_U,4,0.16920906743895817,0.005537036462429577,25
valid_class_unembedding_W_U,5,0.8841021986298362,0.028930518821596432,7
valid_class_unembedding_W_U,6,0.21877646686683455,0.00715903286093211,13
valid_class_unembedding_W_U,7,0.22148438537555487,0.007247644208698573,12
valid_class_unembedding_W_U,8,0.1253380824245468,0.004101444107101879,53
valid_class_unembedding_W_U,9,0.13833404262976465,0.0045267115387454815,48
valid_class_unembedding_W_U,10,0.16834797815149435,0.005508858996208303,27
valid_class_unembedding_W_U,11,0.1589553281256114,0.005201502857088183,35
valid_class_unembedding_W_U,12,0.13644678380769915,0.004464954677426048,49
valid_class_unembedding_W_U,13,0.18418841241198675,0.006027206289344386,21
valid_class_unembedding_W_U,14,0.15185471248027096,0.004969149069380375,41
valid_class_unembedding_W_U,15,0.16887109813480214,0.005525977076614045,26
valid_class_unembedding_W_U,16,0.15298703231382565,0.005006202025823068,38
valid_class_unembedding_W_U,17,4.375462383671016,0.143178466290616,2
valid_class_unembedding_W_U,18,0.15927999504075918,0.005212126948187594,34
valid_class_unembedding_W_U,19,0.17479632317172322,0.005719868500839098,23
valid_class_unembedding_W_U,20,1.6331138438006443,0.05344046295677855,6
valid_class_unembedding_W_U,21,0.17816403771684416,0.005830070386078587,22
valid_class_unembedding_W_U,22,0.15653928146974627,0.0051224424460184145,37
valid_class_unembedding_W_U,23,0.1915623680397673,0.006268504594460854,20
valid_class_unembedding_W_U,24,0.16393626697224536,0.00536449435883435,30
valid_class_unembedding_W_U,25,0.14520929295169532,0.004751690686122403,45
valid_class_unembedding_W_U,26,0.2131862013881153,0.00697610233446079,15
valid_class_unembedding_W_U,27,0.2130847372771204,0.006972782119470482,16
valid_class_unembedding_W_U,28,0.14631416456074547,0.004787845452992807,43
valid_class_unembedding_W_U,29,0.2154267264825136,0.007049419145022063,14
valid_class_unembedding_W_U,30,0.1522334895822628,0.004981543810729675,39
valid_class_unembedding_W_U,31,0.13463166487815825,0.004405558453283747,51
valid_class_unembedding_W_U,32,0.2087944227485582,0.006832389950543069,18
valid_class_unembedding_W_U,33,0.2573880443436143,0.00842252137012787,10
valid_class_unembedding_W_U,34,0.2457156739342705,0.00804056583111495,11
valid_class_unembedding_W_U,35,0.16787662555035363,0.005493434902342181,28
valid_class_unembedding_W_U,36,0.14250748824494364,0.004663279400592184,47
valid_class_unembedding_W_U,37,0.13397955515144855,0.004384219435292886,52
valid_class_unembedding_W_U,38,0.16497072632498863,0.005398345022050771,29
valid_class_unembedding_W_U,39,0.21140826348189606,0.006917922786735175,17
valid_class_unembedding_W_U,40,0.16124265284710534,0.005276351094100643,33
valid_class_unembedding_W_U,41,0.2738090617381175,0.008959867113117413,9
valid_class_unembedding_W_U,42,0.11243628647392989,0.003679258016896263,55
valid_class_unembedding_W_U,43,0.16263511089134286,0.005321916565739023,32
valid_class_unembedding_W_U,44,0.20487335842397414,0.0067040807738224665,19
valid_class_unembedding_W_U,45,0.44904963716196045,0.014694272901796541,8
valid_class_unembedding_W_U,46,0.10712761635760212,0.0035055421490293058,56
valid_class_unembedding_W_U,47,0.14690446131785112,0.004807161762202578,42
valid_class_unembedding_W_U,48,3.3439894415267766,0.10942552753204443,4
valid_class_unembedding_W_U,49,0.1452145023942098,0.004751861154960677,44
valid_class_unembedding_W_U,50,0.14307154782038917,0.0046817371492429835,46
valid_class_unembedding_W_U,51,0.15782439932271253,0.005164495419408628,36
valid_class_unembedding_W_U,52,0.16282744727759135,0.0053282103985686025,31
valid_class_unembedding_W_U,53,0.12516385727874296,0.0040957429292655554,54
valid_class_unembedding_W_U,54,0.13582067770123224,0.004444466577152652,50
valid_class_unembedding_W_U,55,0.16946992666509175,0.00554557257144858,24
valid_class_unembedding_W_U,56,4.673163384573796,0.15292015047958613,1
