analysis_run_id,workload,cell_id,checkpoint_index,checkpoint_step,fidelity_threshold,distinctness_cutoff,discovery_subset,grouping_tolerance,requested_member_index,accepted_circuit,restart_count,record_type,exact_evaluations_used,elapsed_seconds,included_in_deterministic_scientific_hashes
stage14-random-label-analysis-s0-7b472aa5163a,primary_sparse,primary-sparse-step-00000200,0,200,0.99,,,,,,,cell,1580,129.7615545410663,False
stage14-random-label-analysis-s0-7b472aa5163a,primary_sparse,primary-sparse-step-00003400,1,3400,0.99,,,,,,,cell,643,52.31510379095562,False
stage14-random-label-analysis-s0-7b472aa5163a,primary_sparse,primary-sparse-step-00007450,2,7450,0.99,,,,,,,cell,516,41.66564441588707,False
stage14-random-label-analysis-s0-7b472aa5163a,primary_sparse,primary-sparse-step-00008150,3,8150,0.99,,,,,,,cell,739,60.164026708109304,False
stage14-random-label-analysis-s0-7b472aa5163a,primary_sparse,primary-sparse-step-00008500,4,8500,0.99,,,,,,,cell,516,42.10532829188742,False
stage14-random-label-analysis-s0-7b472aa5163a,primary_sparse,primary-sparse-step-00008650,5,8650,0.99,,,,,,,cell,787,63.80250125005841,False
stage14-random-label-analysis-s0-7b472aa5163a,primary_sparse,primary-sparse-step-00009050,6,9050,0.99,,,,,,,cell,516,41.985171041917056,False
stage14-random-label-analysis-s0-7b472aa5163a,primary_diversity,primary-family-step-00000200,0,200,0.99,0.5,,,,,1,cell,1580,130.20376725005917,False
stage14-random-label-analysis-s0-7b472aa5163a,primary_diversity,primary-family-step-00000200,0,200,0.99,0.5,,,1,False,1,requested_member,1580,130.0547656249255,False
stage14-random-label-analysis-s0-7b472aa5163a,primary_diversity,primary-family-step-00003400,1,3400,0.99,0.5,,,,,1,cell,643,52.968252249993384,False
stage14-random-label-analysis-s0-7b472aa5163a,primary_diversity,primary-family-step-00003400,1,3400,0.99,0.5,,,1,False,1,requested_member,643,52.829223749926314,False
stage14-random-label-analysis-s0-7b472aa5163a,primary_diversity,primary-family-step-00007450,2,7450,0.99,0.5,,,,,1,cell,516,42.67126704216935,False
stage14-random-label-analysis-s0-7b472aa5163a,primary_diversity,primary-family-step-00007450,2,7450,0.99,0.5,,,1,False,1,requested_member,516,42.53196070785634,False
stage14-random-label-analysis-s0-7b472aa5163a,primary_diversity,primary-family-step-00008150,3,8150,0.99,0.5,,,,,1,cell,739,60.362926749978215,False
stage14-random-label-analysis-s0-7b472aa5163a,primary_diversity,primary-family-step-00008150,3,8150,0.99,0.5,,,1,False,1,requested_member,739,60.22737937513739,False
stage14-random-label-analysis-s0-7b472aa5163a,primary_diversity,primary-family-step-00008500,4,8500,0.99,0.5,,,,,1,cell,516,41.74668712494895,False
stage14-random-label-analysis-s0-7b472aa5163a,primary_diversity,primary-family-step-00008500,4,8500,0.99,0.5,,,1,False,1,requested_member,516,41.6095314999111,False
stage14-random-label-analysis-s0-7b472aa5163a,primary_diversity,primary-family-step-00008650,5,8650,0.99,0.5,,,,,1,cell,787,63.66917858296074,False
stage14-random-label-analysis-s0-7b472aa5163a,primary_diversity,primary-family-step-00008650,5,8650,0.99,0.5,,,1,False,1,requested_member,787,63.532869917107746,False
stage14-random-label-analysis-s0-7b472aa5163a,primary_diversity,primary-family-step-00009050,6,9050,0.99,0.5,,,,,1,cell,516,41.597463625017554,False
stage14-random-label-analysis-s0-7b472aa5163a,primary_diversity,primary-family-step-00009050,6,9050,0.99,0.5,,,1,False,1,requested_member,516,41.459698708029464,False
stage14-random-label-analysis-s0-7b472aa5163a,fidelity_sensitivity,fidelity-sensitivity-step-00009050-threshold-08000,6,9050,0.8,0.5,,,,,1,cell,1254,106.00937508302741,False
stage14-random-label-analysis-s0-7b472aa5163a,fidelity_sensitivity,fidelity-sensitivity-step-00009050-threshold-08000,6,9050,0.8,0.5,,,1,False,1,requested_member,1254,105.86425620899536,False
stage14-random-label-analysis-s0-7b472aa5163a,fidelity_sensitivity,fidelity-sensitivity-step-00009050-threshold-08500,6,9050,0.85,0.5,,,,,1,cell,930,77.79063825006597,False
stage14-random-label-analysis-s0-7b472aa5163a,fidelity_sensitivity,fidelity-sensitivity-step-00009050-threshold-08500,6,9050,0.85,0.5,,,1,False,1,requested_member,930,77.6527880828362,False
stage14-random-label-analysis-s0-7b472aa5163a,fidelity_sensitivity,fidelity-sensitivity-step-00009050-threshold-09000,6,9050,0.9,0.5,,,,,1,cell,1132,92.63047208287753,False
stage14-random-label-analysis-s0-7b472aa5163a,fidelity_sensitivity,fidelity-sensitivity-step-00009050-threshold-09000,6,9050,0.9,0.5,,,1,False,1,requested_member,1132,92.49221495795064,False
stage14-random-label-analysis-s0-7b472aa5163a,fidelity_sensitivity,fidelity-sensitivity-step-00009050-threshold-09500,6,9050,0.95,0.5,,,,,1,cell,546,44.82123958412558,False
stage14-random-label-analysis-s0-7b472aa5163a,fidelity_sensitivity,fidelity-sensitivity-step-00009050-threshold-09500,6,9050,0.95,0.5,,,1,False,1,requested_member,546,44.67779966699891,False
stage14-random-label-analysis-s0-7b472aa5163a,fidelity_sensitivity,fidelity-sensitivity-step-00009050-threshold-09750,6,9050,0.975,0.5,,,,,1,cell,547,44.83300745813176,False
stage14-random-label-analysis-s0-7b472aa5163a,fidelity_sensitivity,fidelity-sensitivity-step-00009050-threshold-09750,6,9050,0.975,0.5,,,1,False,1,requested_member,547,44.68937179190107,False
stage14-random-label-analysis-s0-7b472aa5163a,distinctness_sensitivity,distinctness-sensitivity-step-00009050-cutoff-02500,6,9050,0.99,0.25,,,,,1,cell,516,42.719441041816026,False
stage14-random-label-analysis-s0-7b472aa5163a,distinctness_sensitivity,distinctness-sensitivity-step-00009050-cutoff-02500,6,9050,0.99,0.25,,,1,False,1,requested_member,516,42.58414904191159,False
stage14-random-label-analysis-s0-7b472aa5163a,distinctness_sensitivity,distinctness-sensitivity-step-00009050-cutoff-07500,6,9050,0.99,0.75,,,,,1,cell,516,41.996089207939804,False
stage14-random-label-analysis-s0-7b472aa5163a,distinctness_sensitivity,distinctness-sensitivity-step-00009050-cutoff-07500,6,9050,0.99,0.75,,,1,False,1,requested_member,516,41.852344959042966,False
stage14-random-label-analysis-s0-7b472aa5163a,global_family_transfer,global-family-transfer-step-00000200,0,200,0.99,0.5,,,,,,cell,0,0.03197099990211427,False
stage14-random-label-analysis-s0-7b472aa5163a,global_family_transfer,global-family-transfer-step-00003400,1,3400,0.99,0.5,,,,,,cell,0,0.027646375121548772,False
stage14-random-label-analysis-s0-7b472aa5163a,global_family_transfer,global-family-transfer-step-00007450,2,7450,0.99,0.5,,,,,,cell,0,0.0267019581515342,False
stage14-random-label-analysis-s0-7b472aa5163a,global_family_transfer,global-family-transfer-step-00008150,3,8150,0.99,0.5,,,,,,cell,0,0.02677012514322996,False
stage14-random-label-analysis-s0-7b472aa5163a,global_family_transfer,global-family-transfer-step-00008500,4,8500,0.99,0.5,,,,,,cell,0,0.026904875179752707,False
stage14-random-label-analysis-s0-7b472aa5163a,global_family_transfer,global-family-transfer-step-00008650,5,8650,0.99,0.5,,,,,,cell,0,0.026717167114838958,False
stage14-random-label-analysis-s0-7b472aa5163a,global_family_transfer,global-family-transfer-step-00009050,6,9050,0.99,0.5,,,,,,cell,0,0.02661983296275139,False
stage14-random-label-analysis-s0-7b472aa5163a,subset_discovery,subset-discovery-step-00000200-q1,0,200,0.99,,Q1,,,,,cell,1740,37.434252166887745,False
stage14-random-label-analysis-s0-7b472aa5163a,subset_discovery,subset-discovery-step-00000200-q2,0,200,0.99,,Q2,,,,,cell,1486,31.755606290884316,False
stage14-random-label-analysis-s0-7b472aa5163a,subset_discovery,subset-discovery-step-00000200-q3,0,200,0.99,,Q3,,,,,cell,1566,33.90098016685806,False
stage14-random-label-analysis-s0-7b472aa5163a,subset_discovery,subset-discovery-step-00000200-q4,0,200,0.99,,Q4,,,,,cell,1407,30.1022580829449,False
stage14-random-label-analysis-s0-7b472aa5163a,subset_discovery,subset-discovery-step-00003400-q1,1,3400,0.99,,Q1,,,,,cell,675,14.537895583780482,False
stage14-random-label-analysis-s0-7b472aa5163a,subset_discovery,subset-discovery-step-00003400-q2,1,3400,0.99,,Q2,,,,,cell,707,15.105797334108502,False
stage14-random-label-analysis-s0-7b472aa5163a,subset_discovery,subset-discovery-step-00003400-q3,1,3400,0.99,,Q3,,,,,cell,930,19.720802332973108,False
stage14-random-label-analysis-s0-7b472aa5163a,subset_discovery,subset-discovery-step-00003400-q4,1,3400,0.99,,Q4,,,,,cell,739,15.514559417031705,False
stage14-random-label-analysis-s0-7b472aa5163a,subset_discovery,subset-discovery-step-00007450-q1,2,7450,0.99,,Q1,,,,,cell,643,13.669566582888365,False
stage14-random-label-analysis-s0-7b472aa5163a,subset_discovery,subset-discovery-step-00007450-q2,2,7450,0.99,,Q2,,,,,cell,659,14.00953770801425,False
stage14-random-label-analysis-s0-7b472aa5163a,subset_discovery,subset-discovery-step-00007450-q3,2,7450,0.99,,Q3,,,,,cell,771,16.93147279182449,False
stage14-random-label-analysis-s0-7b472aa5163a,subset_discovery,subset-discovery-step-00007450-q4,2,7450,0.99,,Q4,,,,,cell,516,10.679521542042494,False
stage14-random-label-analysis-s0-7b472aa5163a,subset_discovery,subset-discovery-step-00008150-q1,3,8150,0.99,,Q1,,,,,cell,707,15.088873000117019,False
stage14-random-label-analysis-s0-7b472aa5163a,subset_discovery,subset-discovery-step-00008150-q2,3,8150,0.99,,Q2,,,,,cell,755,16.072648458881304,False
stage14-random-label-analysis-s0-7b472aa5163a,subset_discovery,subset-discovery-step-00008150-q3,3,8150,0.99,,Q3,,,,,cell,675,14.384778625098988,False
stage14-random-label-analysis-s0-7b472aa5163a,subset_discovery,subset-discovery-step-00008150-q4,3,8150,0.99,,Q4,,,,,cell,723,15.070624541956931,False
stage14-random-label-analysis-s0-7b472aa5163a,subset_discovery,subset-discovery-step-00008500-q1,4,8500,0.99,,Q1,,,,,cell,516,11.810079250019044,False
stage14-random-label-analysis-s0-7b472aa5163a,subset_discovery,subset-discovery-step-00008500-q2,4,8500,0.99,,Q2,,,,,cell,516,11.339378708042204,False
stage14-random-label-analysis-s0-7b472aa5163a,subset_discovery,subset-discovery-step-00008500-q3,4,8500,0.99,,Q3,,,,,cell,675,14.167857457883656,False
stage14-random-label-analysis-s0-7b472aa5163a,subset_discovery,subset-discovery-step-00008500-q4,4,8500,0.99,,Q4,,,,,cell,516,10.60307729197666,False
stage14-random-label-analysis-s0-7b472aa5163a,subset_discovery,subset-discovery-step-00008650-q1,5,8650,0.99,,Q1,,,,,cell,803,16.810738916974515,False
stage14-random-label-analysis-s0-7b472aa5163a,subset_discovery,subset-discovery-step-00008650-q2,5,8650,0.99,,Q2,,,,,cell,771,16.497636415995657,False
stage14-random-label-analysis-s0-7b472aa5163a,subset_discovery,subset-discovery-step-00008650-q3,5,8650,0.99,,Q3,,,,,cell,659,14.409427334088832,False
stage14-random-label-analysis-s0-7b472aa5163a,subset_discovery,subset-discovery-step-00008650-q4,5,8650,0.99,,Q4,,,,,cell,516,10.70285379095003,False
stage14-random-label-analysis-s0-7b472aa5163a,subset_discovery,subset-discovery-step-00009050-q1,6,9050,0.99,,Q1,,,,,cell,547,11.420459625078365,False
stage14-random-label-analysis-s0-7b472aa5163a,subset_discovery,subset-discovery-step-00009050-q2,6,9050,0.99,,Q2,,,,,cell,787,16.902633083984256,False
stage14-random-label-analysis-s0-7b472aa5163a,subset_discovery,subset-discovery-step-00009050-q3,6,9050,0.99,,Q3,,,,,cell,516,10.75399100012146,False
stage14-random-label-analysis-s0-7b472aa5163a,subset_discovery,subset-discovery-step-00009050-q4,6,9050,0.99,,Q4,,,,,cell,516,10.43025558302179,False
stage14-random-label-analysis-s0-7b472aa5163a,transfer_grouping,transfer-grouping-step-00000200-tolerance-00250,0,200,,,,0.025,,,,cell,0,0.00017266697250306606,False
stage14-random-label-analysis-s0-7b472aa5163a,transfer_grouping,transfer-grouping-step-00000200-tolerance-00500,0,200,,,,0.05,,,,cell,0,0.00011870800517499447,False
stage14-random-label-analysis-s0-7b472aa5163a,transfer_grouping,transfer-grouping-step-00000200-tolerance-01000,0,200,,,,0.1,,,,cell,0,0.00011350004933774471,False
stage14-random-label-analysis-s0-7b472aa5163a,transfer_grouping,transfer-grouping-step-00003400-tolerance-00250,1,3400,,,,0.025,,,,cell,0,0.0001382911577820778,False
stage14-random-label-analysis-s0-7b472aa5163a,transfer_grouping,transfer-grouping-step-00003400-tolerance-00500,1,3400,,,,0.05,,,,cell,0,0.0001101659145206213,False
stage14-random-label-analysis-s0-7b472aa5163a,transfer_grouping,transfer-grouping-step-00003400-tolerance-01000,1,3400,,,,0.1,,,,cell,0,0.00011899997480213642,False
stage14-random-label-analysis-s0-7b472aa5163a,transfer_grouping,transfer-grouping-step-00007450-tolerance-00250,2,7450,,,,0.025,,,,cell,0,0.00014150002971291542,False
stage14-random-label-analysis-s0-7b472aa5163a,transfer_grouping,transfer-grouping-step-00007450-tolerance-00500,2,7450,,,,0.05,,,,cell,0,0.00010875007137656212,False
stage14-random-label-analysis-s0-7b472aa5163a,transfer_grouping,transfer-grouping-step-00007450-tolerance-01000,2,7450,,,,0.1,,,,cell,0,0.0001137908548116684,False
stage14-random-label-analysis-s0-7b472aa5163a,transfer_grouping,transfer-grouping-step-00008150-tolerance-00250,3,8150,,,,0.025,,,,cell,0,0.00013212510384619236,False
stage14-random-label-analysis-s0-7b472aa5163a,transfer_grouping,transfer-grouping-step-00008150-tolerance-00500,3,8150,,,,0.05,,,,cell,0,0.0001027081161737442,False
stage14-random-label-analysis-s0-7b472aa5163a,transfer_grouping,transfer-grouping-step-00008150-tolerance-01000,3,8150,,,,0.1,,,,cell,0,0.00010420801118016243,False
stage14-random-label-analysis-s0-7b472aa5163a,transfer_grouping,transfer-grouping-step-00008500-tolerance-00250,4,8500,,,,0.025,,,,cell,0,0.00014058314263820648,False
stage14-random-label-analysis-s0-7b472aa5163a,transfer_grouping,transfer-grouping-step-00008500-tolerance-00500,4,8500,,,,0.05,,,,cell,0,0.0001268328633159399,False
stage14-random-label-analysis-s0-7b472aa5163a,transfer_grouping,transfer-grouping-step-00008500-tolerance-01000,4,8500,,,,0.1,,,,cell,0,0.00012149987742304802,False
stage14-random-label-analysis-s0-7b472aa5163a,transfer_grouping,transfer-grouping-step-00008650-tolerance-00250,5,8650,,,,0.025,,,,cell,0,0.00013341708108782768,False
stage14-random-label-analysis-s0-7b472aa5163a,transfer_grouping,transfer-grouping-step-00008650-tolerance-00500,5,8650,,,,0.05,,,,cell,0,0.00011079106479883194,False
stage14-random-label-analysis-s0-7b472aa5163a,transfer_grouping,transfer-grouping-step-00008650-tolerance-01000,5,8650,,,,0.1,,,,cell,0,0.00011154101230204105,False
stage14-random-label-analysis-s0-7b472aa5163a,transfer_grouping,transfer-grouping-step-00009050-tolerance-00250,6,9050,,,,0.025,,,,cell,0,0.00014033308252692223,False
stage14-random-label-analysis-s0-7b472aa5163a,transfer_grouping,transfer-grouping-step-00009050-tolerance-00500,6,9050,,,,0.05,,,,cell,0,0.0001077079214155674,False
stage14-random-label-analysis-s0-7b472aa5163a,transfer_grouping,transfer-grouping-step-00009050-tolerance-01000,6,9050,,,,0.1,,,,cell,0,0.0001067090779542923,False
