component_identifier,neuron_index,activation_mean,activation_variance,near_constant,total_non_dc_power,diagonal_power,diagonal_power_fraction,dominant_canonical_frequency_pair
N0,0,6.68916391093887,87.59099351123974,False,1118449.3961450204,134325.93866324401,0.12010014858627278,48
N1,1,9.133062677541767,157.9235529789768,False,2016525.8479885545,217090.506040084,0.1076557021357438,56
N2,2,3.9603612886329613,22.76253961142243,False,290654.8682982529,30020.080720636382,0.10328428660562307,56
N3,3,1.755130696885328,4.960620523018351,False,63342.16345842129,5474.430326742368,0.08642632376041061,17
N4,4,5.102035798917696,49.177491301747835,False,627947.3864320179,73856.46996892692,0.11761569769177259,17
N5,5,4.4727866203217275,46.095721871207274,False,588596.2725734456,67849.8080687734,0.1152739343253436,17
N6,6,1.420215580488908,4.805402926097515,False,61360.18996333917,1963.3791259058114,0.031997605077149695,3
N7,7,3.891864143486901,31.67323209241836,False,404435.50058809004,43779.64867279483,0.10824877788704207,1
N8,8,2.3134110310434637,12.603805320822094,False,160937.99014157732,11387.983672613303,0.07076007139517079,1
N9,9,2.685355035716057,6.9895242253793635,False,89249.2348338691,9086.287850621811,0.10180801961535323,17
N10,10,1.2333955563491343,3.2143021108917846,False,41043.4236539772,1187.943245504814,0.0289435709730248,1
N11,11,4.794624799083235,43.74120647825107,False,558531.4655207879,60641.53888721917,0.1085731827671975,56
N12,12,5.134681343974554,50.485924340228216,False,644654.7679003738,71380.97898477073,0.11072745062796477,56
N13,13,4.457046955296487,38.276830457550645,False,488756.84811246407,54865.79007627363,0.11225579812980725,3
N14,14,1.7207921159605684,6.141704744222385,False,78423.42787897565,4294.735588759237,0.05476342599289264,20
N15,15,5.03305511684411,56.32281720753693,False,719186.052923039,83680.02913347742,0.1163537985662691,1
N16,16,2.0046919736206066,8.3972836987616,False,107224.91554948685,8401.756703199198,0.07835638442934084,1
N17,17,2.005005126805405,6.064937763072516,False,77443.19029667294,5982.584535442755,0.07725126654163386,56
N18,18,4.646829907333955,43.9247851279047,False,560875.581298215,61220.638139001094,0.10915190495064601,17
N19,19,5.861560399909273,68.74223643348779,False,877769.6170192054,96248.03113220376,0.10965067514987578,48
N20,20,1.5786710122529983,3.562154825040596,False,45485.15496094337,1681.6363757675626,0.036971103587786595,17
N21,21,1.6927407371805332,6.842452729152035,False,87371.27889854237,7444.14227880927,0.08520125117378202,20
N22,22,9.690728239073257,194.84903082330368,False,2488027.274582764,301076.192506948,0.121010004826992,56
N23,23,3.018367180068736,15.176075716684334,False,193783.31082634223,7917.84930498648,0.040859294183914596,3
N24,24,1.9874060365944854,8.089104777193384,False,103289.7788999823,3998.9082921170743,0.03871543084615665,56
N25,25,5.353118766079093,44.163463721952034,False,563923.2682656056,50755.80439022831,0.09000480605514319,56
N26,26,0.907717541079646,2.030640460749931,False,25929.24804331587,408.991934768339,0.01577338201574921,3
N27,27,1.9198866529490894,6.816909388210081,False,87045.11597805453,2743.657618190506,0.03151994902140433,20
N28,28,2.1405337957129387,9.800385013596793,False,125141.11623861748,9080.82402697143,0.07256467178745817,20
N29,29,0.9463466434757655,1.5515499156151986,False,19811.740872490464,347.0558117163501,0.017517683779028903,17
N30,30,6.602817140007538,82.10126657517884,False,1048351.0728984583,133082.13996465947,0.12694424931212867,17
N31,31,2.1745513019190588,9.11159911258268,False,116346.0090685682,5234.967008496955,0.044994813749148384,48
N32,32,2.3387398606070597,10.217969182688341,False,130473.24849374742,4902.212441531359,0.037572548381565624,20
N33,33,2.1226538369626082,9.8526112431465,False,125807.99296373763,6946.516211705725,0.055215221609234,56
N34,34,2.8679718096309497,18.462915579848076,False,235752.96903908002,21502.575155320505,0.0912080778577855,3
N35,35,1.4375519311410723,4.369341557072061,False,55792.122342253126,1046.4030015102403,0.01875538978587603,48
N36,36,5.060074964369789,49.64329411477188,False,633895.2225515218,70164.26642315606,0.11068748261066637,17
N37,37,4.065664379938002,29.232750992291496,False,373272.9974205701,37579.63756547603,0.10067601413754208,48
N38,38,5.119476079399444,48.741513889862965,False,622380.3908596601,61714.28322881556,0.09915846343354903,3
N39,39,3.944441922529829,31.680889119495582,False,404533.27316683915,46830.14725756542,0.11576340035261216,3
N40,40,2.09951615804339,6.014337075594105,False,76797.07011826115,1761.3046586397952,0.022934529350241244,17
N41,41,2.0812946301137205,8.520581802808428,False,108799.30904006079,6069.5666741708665,0.055786812689554884,20
N42,42,1.6083164429155783,7.623223998340996,False,97340.94723481615,3082.858947106637,0.03167073091727614,17
N43,43,8.889058667153707,145.21502457998506,False,1854250.6488618285,201590.4436918764,0.10871801167529112,56
N44,44,2.150497033322444,9.925195390553794,False,126734.81994198138,3592.217707325359,0.028344362732908444,17
N45,45,3.006811234641645,18.21053311566827,False,232530.2973539681,24145.601773689552,0.10383851931748071,1
N46,46,2.873976449781204,16.861756988355975,False,215307.7749843174,21396.311937142294,0.09937547280259973,3
N47,47,2.2250863775211784,8.190711503866122,False,104587.19519286648,3583.828710666177,0.034266419556020535,17
N48,48,1.5331011367258363,5.464771302998284,False,69779.66476798507,1347.2573561527754,0.019307306227858197,48
N49,49,4.05300389290524,30.68338722676706,False,391796.17149858846,39136.96194833865,0.09989112910073357,17
N50,50,2.0039753720266558,7.913751901211972,False,101050.69802657567,2480.0627674396055,0.024542757406657054,3
N51,51,7.36832286077184,103.81188263526741,False,1325573.9293697295,146128.78205358132,0.11023812313739541,56
N52,52,4.920678271309553,48.549586247766776,False,619929.6667977341,64506.951979533886,0.1040552750326445,1
N53,53,2.8500397167207985,16.15363721139542,False,206265.7935523081,19033.288487242375,0.09227554486592861,1
N54,54,2.812508795815036,15.201325261104587,False,194105.72225904447,7733.7235639541905,0.03984284169445104,56
N55,55,2.007120143066041,8.627593530744603,False,110165.7417940778,4761.064765588178,0.04321728958615444,3
N56,56,4.227208643456505,30.994826940470183,False,395772.94520286366,30964.682205281428,0.07823850159694387,56
N57,57,1.3910449095525776,3.272962295310351,False,41792.45554881786,906.0754879044457,0.021680360151273163,48
N58,58,3.2217504671541937,16.133035929562062,False,206002.73578457802,19947.859372446168,0.09683298280711243,3
N59,59,3.8721102599204196,35.463881721404285,False,452838.3057006112,54173.636955551614,0.11963130387509198,1
N60,60,8.012587717300617,129.27034756385115,False,1650653.0680428147,217234.4318522989,0.1316051422664331,17
N61,61,4.1289260650308455,31.31410698452438,False,399849.83208539174,43112.9218791219,0.10782278350416996,17
N62,62,3.662880387242241,25.957505748106733,False,331451.39089757483,32905.44667033816,0.09927683990472862,3
N63,63,2.209540742291714,11.847878350928555,False,151285.55866300673,3534.0428261380976,0.023360080482039185,20
N64,64,9.750984491516043,195.8353381786194,False,2500621.43320279,285352.30318587663,0.11411255594190364,56
N65,65,1.8591009100237172,4.295389620942652,False,54847.83006981672,1796.648525147038,0.03275696637150557,17
N66,66,4.498938172145141,40.34834957637264,False,515208.0757407022,56119.86031906505,0.10892659288848079,17
N67,67,2.4245705866921483,10.07059097351994,False,128591.37614087606,10538.695884939869,0.0819549195382619,17
N68,68,1.4157987661398144,4.16856281910443,False,53228.37863714446,704.3412596065741,0.01323243874114667,5
N69,69,9.239289758825024,157.29418735503987,False,2008489.4783365042,261024.25974423325,0.1299604815258589,17
N70,70,4.912707701698084,46.0341651879594,False,587810.2552850535,63996.58374599206,0.10887286019696521,3
N71,71,4.138936692379022,34.595555497881165,False,441750.6481524445,48254.214066671935,0.1092340538004594,3
N72,72,3.4823691950982587,23.790449916602146,False,303780.2549850926,32767.54519489344,0.10786594802384848,3
N73,73,1.9836643650480397,7.549966121153018,False,96405.51740100289,1998.2632629795576,0.02072768568491465,1
N74,74,2.1087384178372304,10.57186656486131,False,134992.16416671412,12620.817693532463,0.09349296510237338,20
N75,75,4.981789233842181,52.25280146019843,False,667216.0218452737,71905.37637015518,0.10776925915431618,48
N76,76,2.0184462417953064,6.309773775338888,False,80569.50133730224,2748.739847239143,0.03411638152917952,48
N77,77,1.4839528159134021,5.662362856089398,False,72302.7113094055,2603.7091269248936,0.03601122391915323,48
N78,78,1.1614538960099292,3.2209811817445777,False,41128.70870969651,1080.6657726982633,0.026275217642402794,20
N79,79,1.9793497524068502,7.938796409349359,False,101370.49135098195,8789.491856482702,0.08670661194735899,3
N80,80,0.8956722930290584,1.6472055442202345,False,21033.16759414817,398.04753114562925,0.018924754408193547,5
N81,81,2.9409847747246065,19.695895720921122,False,251496.8924604418,25572.96408395748,0.1016830221390504,48
N82,82,1.7295300239581521,4.807286499540683,False,61384.241312634964,1428.8948215628147,0.02327787704152498,17
N83,83,6.835245907789582,91.44900292874937,False,1167712.3183972,126036.8169843693,0.10793481836122722,48
N84,84,3.8263359718306336,33.263708506642836,False,424744.29392132215,42242.50569107275,0.09945396864801102,17
N85,85,4.265226318290362,38.72165441520675,False,494436.8052277749,55042.60423548904,0.11132384089030804,17
N86,86,4.064198447692481,33.61405747401922,False,429217.89988575137,35718.725488266085,0.08321816377596006,3
N87,87,9.704511782058894,186.80425526045818,False,2385303.5354207903,277731.60425067047,0.11643449151291178,56
N88,88,1.3887709661680494,4.580790396107549,False,58492.11256789728,2202.165515575626,0.03764893109339086,3
N89,89,2.8024613882131124,13.705844609245217,False,175009.92981545214,12341.109566721325,0.07051662485514404,20
N90,90,6.349431420316835,58.64156428757231,False,748794.1343880103,81834.01431133073,0.109287734175714,3
N91,91,3.9439243394307706,32.46322962881373,False,414522.97913032246,45900.11869511546,0.11072997398459027,17
N92,92,1.8012352997945926,6.571250354151896,False,83908.29577216555,4931.871546829959,0.05877692427720576,3
N93,93,1.037072570759195,1.9971645989197142,False,25501.79476360583,303.77749170664595,0.011912004410770862,17
N94,94,2.699008809683531,14.709674244255785,False,187827.83042490215,8560.879906177854,0.045578335685460034,48
N95,95,6.339895741815318,70.7319436655008,False,903176.1886647795,105667.35172310805,0.1169952807096504,48
N96,96,4.4211045189149365,39.1924942272849,False,500448.95878820086,51690.37598997879,0.10328800786226654,1
N97,97,2.0114995511138574,7.286906816236251,False,93046.51313652068,4838.299057868479,0.051998714350204395,56
N98,98,1.797581715769064,4.8558647289079895,False,62004.53672342609,2586.970891512068,0.04172228401691579,17
N99,99,2.3729229909778216,11.042184288125345,False,140997.65117507253,3344.57124142396,0.023720758562645182,3
N100,100,2.1809483181531277,5.787800528569788,False,73904.4249493076,4784.135555065489,0.06473408809211377,17
N101,101,1.3080690058912958,2.434194825865956,False,31082.233731482385,1010.7103128488817,0.03251729980478075,17
N102,102,4.936981497226943,53.7749622737984,False,686652.4932741317,76494.68306809424,0.11140232332565832,48
N103,103,0.9771252252895621,1.6454461812523953,False,21010.70228841183,573.7473698452347,0.027307386586581515,17
N104,104,2.6631847787999443,11.16178454836225,False,142524.82689803754,11816.713288038052,0.0829098589012267,56
N105,105,2.1013952283794772,7.36195367983605,False,94004.78653782654,3339.352537114952,0.03552321812646457,17
N106,106,3.1424871749747942,19.007451231949105,False,242706.14478075807,28025.19754521787,0.11546966629350758,56
N107,107,1.9466719048766934,7.739011626465719,False,98819.43945834077,9277.43519389503,0.09388269397951918,17
N108,108,3.291163028432919,21.84613676016933,False,278953.32029060205,31138.878343354383,0.11162755944584271,3
N109,109,2.994915205407231,19.442782565196293,False,248264.89057499147,26375.96771778236,0.10624123151966659,1
N110,110,10.471050297751617,219.6784808705083,False,2805074.52223552,353124.90463868785,0.12588788705594278,56
N111,111,3.469046805817542,19.710428608119734,False,251682.46289708078,23549.953861168764,0.0935701025414668,56
N112,112,2.817160065334984,15.379760720270394,False,196384.1646371327,13379.216257086966,0.06812777538254323,1
N113,113,3.7090509317671336,25.87120808665153,False,330349.4560584534,33727.46164159954,0.10209631353420985,3
N114,114,2.9165632300851443,15.981768495870067,False,204071.20192376483,17742.921771780733,0.086944760478301,56
N115,115,2.479076720312296,14.039968354712505,False,179276.35592132394,14864.466822561413,0.08291370463311257,1
N116,116,2.4048091371855542,9.743030471148932,False,124408.75608610071,4134.166902703793,0.033230513934586904,17
N117,117,1.2497413575709015,3.126548720413747,False,39922.90061096313,1141.6683559078394,0.02859682884851129,5
N118,118,1.6010974564338616,4.078891514728568,False,52083.365751569094,1591.7212644500412,0.030561029255335482,20
N119,119,6.991746021794297,104.33172932353396,False,1332211.851732205,148745.96575876986,0.11165338723369209,17
N120,120,3.061761692402961,12.538317189713553,False,160101.77219545236,12916.841124334582,0.08067893907236512,17
N121,121,2.381422418696199,12.095288371865914,False,154444.73722035586,9700.965631016208,0.06281188861213989,20
N122,122,0.8891176039405826,1.5171017113505192,False,19371.871752234776,754.8106638237434,0.038964260835387114,3
N123,123,5.006872146899695,50.45022251317735,False,644198.8912707617,74848.7370548643,0.11618886351576287,56
N124,124,3.064475784298809,16.601097342564643,False,211979.4119672079,8968.47914532856,0.0423082556088793,3
N125,125,3.7285601057276176,28.535811920585655,False,364373.7824139582,19408.578558476922,0.05326557369165271,56
N126,126,5.74284388129215,50.392933088187725,False,643467.3626030689,71555.57927485713,0.1112031214534141,56
N127,127,4.1253663383770585,32.22680292415486,False,411504.0465385334,43093.772209329865,0.1047225964649039,3
N128,128,2.6215475539568756,14.318469707280691,False,182832.53969226708,23997.818817169195,0.13125573192584267,48
N129,129,7.920997690938866,122.67291021405856,False,1566410.3905233138,169011.43588189594,0.10789728981906958,56
N130,130,4.446229895999892,37.51079736561019,False,478975.3715614764,49135.7462833687,0.10258512065700677,17
N131,131,4.7839380027056375,31.333132801140707,False,400092.7727377657,41256.70209829591,0.10311783893516353,56
N132,132,4.192706774407803,33.51417293966076,False,427942.4742665282,35573.393650701815,0.0831265784301332,48
N133,133,2.09287231842901,9.501602724199874,False,121325.96518530816,5419.387622144456,0.04466799513086182,3
N134,134,5.495515817138823,62.82972780605533,False,802272.7943555205,86991.16866942272,0.10843090938825144,3
N135,135,1.2893141216666062,3.9848506748678956,False,50882.55826738814,1547.537387119779,0.03041390684382379,1
N136,136,1.63145753459687,6.203236382941212,False,79209.12537377632,1919.0532664450598,0.024227679038107377,1
N137,137,2.031228080424491,7.841688101678918,False,100130.51537033811,5950.324249451849,0.05942568284447807,20
N138,138,3.1394724730209935,20.09649055467904,False,256612.08789269655,26027.637327406504,0.10142794730032388,3
N139,139,1.564547875841076,3.6809890575289805,False,47002.549275587546,1655.393919491109,0.03521923693511018,3
N140,140,0.9223774820950323,2.2974533991021024,False,29336.182453134745,1257.4600832545989,0.04286379406261948,17
N141,141,5.018588132639036,49.38595739087747,False,630609.2899241144,68386.16054911319,0.10844458152105971,17
N142,142,5.622968662694364,54.593559982997974,False,697105.1674229013,72611.56341736291,0.10416156243081304,56
N143,143,8.15435662961052,120.99551458263844,False,1544991.7257057093,159168.86242391545,0.10302246916643618,56
N144,144,2.5890484862986476,16.202018041904434,False,206883.5683770777,9928.509897008691,0.0479908093953234,1
N145,145,1.8630280810285962,6.523703323880592,False,83301.16774263128,4718.888986512098,0.056648533440631456,20
N146,146,1.9422810232652221,8.555311790110771,False,109242.77624792443,6128.717639718293,0.056101811490118884,56
N147,147,2.210099684556356,8.30830258515423,False,106088.71570983437,3980.4658174192637,0.037520162166033995,48
N148,148,3.65429793207324,26.839616980714904,False,342715.0692267484,24183.024726042593,0.07056306213965319,3
N149,149,1.7178708325567476,7.079838687554164,False,90402.46020137909,2851.4935833320365,0.031542212202854816,48
N150,150,5.88582975884698,80.44728814104431,False,1027231.4222729948,132949.4707438369,0.12942504275195793,56
N151,151,1.3864443074624446,3.687082703700385,False,47080.3590435502,1015.9514365894048,0.021579092794293073,3
N152,152,9.785944403388564,187.96023916690294,False,2400064.293922183,267385.11037350923,0.11140747814574113,56
N153,153,1.2684357242093351,2.761059641341831,False,35255.970560293834,932.1952795200845,0.026440777681212,5
N154,154,2.300350616063645,10.33008905077986,False,131904.907089408,9239.986607598525,0.0700503628825231,3
N155,155,4.263653376103293,35.84578834601226,False,457714.8713902305,49506.07134159428,0.10815919349796976,3
N156,156,1.5856576674108713,6.0404711982162,False,77130.77673002264,1878.10707108231,0.02434964550734609,3
N157,157,5.269727126699925,52.380457178333764,False,668846.0577101439,65778.5388579651,0.09834630570024439,48
N158,158,2.777037955037572,14.005206892213543,False,178832.48680667474,11918.358102139686,0.066645374758021,56
N159,159,2.661943140682612,10.66978403288679,False,136242.47231593137,8934.752814069241,0.0655797906643277,3
N160,160,3.5475359232817487,23.56730509841403,False,300930.91880164866,30778.795995385168,0.10227860971531565,3
N161,161,8.598988765552937,152.58005582894148,False,1948294.7328797537,242096.5057750711,0.12426071974091457,56
N162,162,6.8353571371486765,92.96031215334321,False,1187010.2258860392,151893.5436448113,0.127963129830184,3
N163,163,3.646799797813939,26.62879421036685,False,340023.07327217417,28787.483531812617,0.08466332374088463,3
N164,164,7.375384436427432,102.175893946476,False,1304683.989802552,137680.171619377,0.10552760108615515,56
N165,165,2.0473744528369866,10.206537351893909,False,130327.27544633331,5595.707017847483,0.042935809090490086,48
N166,166,2.959683959820015,16.581913236703034,False,211734.45011946105,21128.67627290488,0.09978856185653319,1
N167,167,4.399995080676127,37.12293759814043,False,474022.7901906551,50699.392665874504,0.10695560153443862,56
N168,168,1.891982559170026,6.444330218690447,False,82287.65256245832,1062.890130792099,0.012916763301582089,17
N169,169,2.1521592247372925,7.488075407439325,False,95615.23487759274,1725.2105874553208,0.018043260466430344,56
N170,170,3.6110608772415165,30.02852454699819,False,383434.2299406199,43683.450644664335,0.1139268412510519,1
N171,171,1.1764382262243513,3.02091589641542,False,38574.07508132849,383.3043789005466,0.009936839135932579,56
N172,172,10.455905957574402,223.2094931477672,False,2850162.0180038395,357502.6443159857,0.1254323936876995,56
N173,173,2.1728421428443347,9.487911403323233,False,121151.14070903434,4777.05594800002,0.03943054865222405,56
N174,174,1.5081487127593183,4.107397927539926,False,52447.36413675732,4093.099426863918,0.07804204261230549,1
N175,175,2.386871498488228,10.757613452098981,False,137363.96616985186,5672.240223421311,0.041293509364803374,1
N176,176,1.2089416097048924,3.493948317792446,False,44614.226069891745,1138.49704687842,0.025518699911881774,20
N177,177,5.404433213981984,56.54514002155993,False,722024.8929352986,72274.41647540893,0.10009961870093793,17
N178,178,1.1328501350671476,2.798667592021114,False,35736.1864825176,472.0778518397705,0.013210079146825428,3
N179,179,5.3231998468544734,57.03184892083168,False,728239.6788700996,83414.33392292052,0.11454241830428966,48
N180,180,3.0901009583377363,26.128896127935523,False,333639.8746576087,21559.36424566275,0.06461866786093125,48
N181,181,3.5126773951747854,24.822528249552803,False,316958.8632185396,32317.486939846283,0.10196113972545306,17
N182,182,5.269607517926903,51.92423927700877,False,663020.6113281249,67424.26804454844,0.10169256715788672,48
N183,183,5.995276623250891,71.36260116051889,False,911229.0542186657,104206.21980503695,0.11435787667502402,17
N184,184,2.672501426076225,13.132350400560545,False,167686.98226475756,4144.56697319031,0.02471609255062231,56
N185,185,2.4146290976364595,10.840149174720093,False,138417.86481200083,5279.0486581833675,0.03813849220513098,17
N186,186,1.766726540693961,7.44967094315209,False,95124.84827310903,2364.244556837289,0.024854121712230268,20
N187,187,2.7913018907019005,12.623278182665338,False,161186.63911445363,5425.403627902691,0.033659139849986454,56
N188,188,1.607887020044151,3.877413690921136,False,49510.69541937197,1075.482149393547,0.021722218609208723,17
N189,189,3.3253578128410965,20.437291427567665,False,260963.77423861146,23364.349132341165,0.08953100559841705,1
N190,190,2.6182325057685802,13.714065408771557,False,175114.901204604,10738.804543959623,0.061324333166898344,48
N191,191,1.8964364655787391,7.834084189842288,False,100033.42102009615,1392.9269893202234,0.013924616144442287,1
N192,192,1.6980410883973192,4.896330448480866,False,62521.24349665217,3437.2719385476194,0.05497766433151118,3
N193,193,2.6156779526520135,8.778996152803888,False,112099.00187515283,5681.54313687618,0.05068326248973958,56
N194,194,1.5318238657666474,4.022285589997422,False,51360.564698677066,1734.6104963117898,0.03377319752009015,17
N195,195,2.217346343525261,13.13873356594704,False,167768.4889035778,13189.116280395925,0.07861497928837015,20
N196,196,0.8478167831221398,1.8371005232474755,False,23457.93658134701,801.7472187043878,0.034178079385802036,3
N197,197,4.368768312361466,37.496696371470414,False,478795.3159673057,52569.226340506415,0.10979477991404595,48
N198,198,3.6325795295050947,28.035356763654466,False,357983.4705151038,17365.453931458746,0.048509094306705074,48
N199,199,4.431183242857074,47.56089649055903,False,607305.0872879482,72106.45373528829,0.11873184540128785,1
N200,200,4.109370536930269,35.84136704648452,False,457658.41581656085,51545.543735245774,0.11262885583187071,48
N201,201,4.989081560512462,51.816939548342084,False,661650.5010927798,71331.26464827181,0.10780807167902288,3
N202,202,6.422485939010023,95.82203095188508,False,1223551.5132246204,140601.72015562188,0.11491279168546958,56
N203,203,2.6607104293994905,14.174800027793395,False,180998.0215548938,17854.012791151912,0.09864203286739835,3
N204,204,4.799807025769752,50.72720718552184,False,647735.7085519285,74275.02642071898,0.1146687228140741,3
N205,205,2.273779758512121,10.70195419952327,False,136653.25317371264,13012.566298290449,0.09522324566798983,48
N206,206,3.615412947871024,25.78543278866314,False,329254.1912784396,28266.884456373788,0.08585125172322985,3
N207,207,7.238568993712632,96.62863892053312,False,1233851.0903762875,146273.6316798691,0.11855047405701125,48
N208,208,2.8925787680162287,15.646729874256962,False,199793.0937643871,16645.394325753798,0.08331316169208258,3
N209,209,2.27261681081616,9.703951893841701,False,123909.76173246469,7778.421403107602,0.06277488790513616,3
N210,210,3.799232612058227,24.954263080946596,False,318640.985280607,33563.5884641995,0.10533355724669934,17
N211,211,3.794461509467636,27.52868843876743,False,351513.82267462125,38180.791046598344,0.1086181782442746,48
N212,212,1.1653573325235513,2.070233617032635,False,26434.813055889717,515.1836614400945,0.019488833166736195,17
N213,213,4.923275334792018,54.19404105126466,False,692003.7101835985,82493.3118022003,0.11920934900813415,1
N214,214,4.640636193309713,44.52593328781907,False,568551.6421521616,64131.309082165375,0.11279768507818662,3
N215,215,9.600985995265175,177.8150778931411,False,2270520.7296175184,259480.10285821528,0.11428219944150261,56
N216,216,0.7911220255358393,1.452643114659731,False,18548.799931090103,503.4942900148805,0.02714430539363149,5
N217,217,2.1907408755131215,8.929385797006779,False,114019.32724197954,6481.045504298541,0.05684163958048996,1
N218,218,5.918812310834055,78.27378355285047,False,999477.9421863478,117214.73414722364,0.11727595897796164,17
N219,219,0.7975142847318717,1.3945164367230423,False,17806.580380516523,512.4083892997372,0.028776349998138922,5
N220,220,3.181728126005923,20.23017838015646,False,258319.14773621786,18322.341928124188,0.07092908941784686,48
N221,221,5.28301648920447,48.23764787473751,False,615946.525712523,67787.50497116538,0.11005420461256638,17
N222,222,1.0044641730487938,1.643353506240675,False,20983.980921187176,339.1440432802232,0.016162044969160027,3
N223,223,6.90194444548489,86.3399845352003,False,1102475.2625299725,116733.33342948607,0.10588295030004131,17
N224,224,5.394109139435198,63.097022172765584,False,805685.8761240436,94930.04046728981,0.11782512674043,17
N225,225,1.8617390234087552,6.164587239257994,False,78715.61445808533,3967.5885663434638,0.050404085563686155,3
N226,226,5.2104957690773865,52.373304823644446,False,668754.7292931157,69389.9216934774,0.10375989679627932,56
N227,227,1.5676986166591185,5.627109849075045,False,71852.56566283926,3516.454312203705,0.04893985732818927,1
N228,228,5.353076135889331,56.41567738857364,False,720371.7845746967,83209.8930343082,0.11550965045561139,56
N229,229,3.2156400704107866,19.541241014892,False,249522.10651915596,20521.485175863236,0.0822431545731111,3
N230,230,2.5012103016327796,12.07848165580339,False,154230.1322629535,3383.6300984490126,0.021938839374656814,56
N231,231,1.6076573318194303,4.85037442395515,False,61934.43101948331,1430.0484922709666,0.023089717120693375,17
N232,232,2.501036085221201,13.155971562809366,False,167988.6008855128,8490.480937649176,0.05054200637956136,17
N233,233,6.62667817789943,85.20940793938948,False,1088038.929978064,116817.056888879,0.10736477682028726,56
N234,234,1.678490428862905,5.419065418894221,False,69196.04633386033,4959.134405937948,0.0716678866594615,1
N235,235,1.804674059525093,5.636191626272605,False,71968.53087587489,2345.4430565140888,0.03258984208749942,20
N236,236,4.435165474315992,37.56140814962879,False,479621.6206626098,51764.418962298674,0.10792761779751459,3
N237,237,7.322968018774773,92.15924812016198,False,1176781.4392463476,147327.15622498293,0.12519500334687164,56
N238,238,4.160142319493476,31.690475074902547,False,404655.67623143055,48946.66562456618,0.12095880151838675,56
N239,239,6.163519595208225,69.67286005572174,False,889652.7500515108,93166.40583347993,0.1047222141763577,56
N240,240,1.4438790811593745,3.480619924023608,False,44444.03580985744,1251.776539076891,0.02816523108820045,5
N241,241,2.0186111360700605,8.483423733086818,False,108324.83764778558,7274.388896371578,0.06715347148752716,1
N242,242,2.2356218196907442,9.569750570393476,False,122196.14503335432,12203.33267537713,0.09986675661532647,1
N243,243,1.0182460072811288,1.9784787666600068,False,25263.19537148162,585.5124238549852,0.023176499062978445,20
N244,244,3.8381383794567676,26.982765443439835,False,344542.93194728333,31225.134842970743,0.09062770397434342,56
N245,245,1.5334291689130328,4.1137678949661245,False,52528.70225082243,2866.8935980499123,0.05457765897890664,3
N246,246,2.17622772327758,9.254684126005962,False,118173.06160497012,3960.4549630979805,0.03351402518737326,48
N247,247,1.9353689749105698,7.612528796559723,False,97204.38020327108,3955.562174762435,0.04069325030920082,3
N248,248,5.048070199748341,49.05875459958088,False,626431.2374820482,68591.05097576103,0.10949494034088084,3
N249,249,1.3568282088001469,3.0791792244411376,False,39318.03951688888,1542.86652193102,0.03924067783868748,17
N250,250,3.7869326563785477,29.988665038869147,False,382925.26388132013,29016.251064873464,0.07577523292865435,56
N251,251,1.8616926400995555,5.822304851202341,False,74345.01064500268,2935.3518234898966,0.03948283547239232,20
N252,252,1.6368657964767146,5.9652899043330745,False,76170.78678842905,2963.2642073951497,0.0389028961408246,3
N253,253,4.610840193939553,43.11344416286722,False,550515.5685156516,57253.16054720287,0.1039991670018958,48
N254,254,5.300628466687057,55.72160841899565,False,711509.2179021552,76883.50399987695,0.10805693315761056,17
N255,255,3.071408443940078,13.086049765436044,False,167095.76945485282,11891.516983650617,0.07116587704432312,56
N256,256,4.897441283624989,43.76737075879591,False,558865.5572190648,57748.66338553024,0.10333194207367095,48
N257,257,3.230176614270038,23.95135249951518,False,305834.82006630936,34335.25620164096,0.11226732192951928,1
N258,258,2.6200350764653746,11.704300720447067,False,149452.2158993886,5894.280134800876,0.039439228781786094,17
N259,259,2.544130407992282,11.632951430058137,False,148541.15681041233,3026.3309096846106,0.02037368615317309,56
N260,260,1.8296065459895294,6.924133897479644,False,88414.26573691756,5863.991347594068,0.06632404056877833,56
N261,261,1.4502017541331353,4.2410006453967934,False,54153.337241071655,680.4529703590465,0.012565300774168517,17
N262,262,2.5066625536211995,17.182854874385555,False,219407.8738910291,7560.807284077941,0.0344600544638297,48
N263,263,1.3973171358110752,5.013422401864853,False,64016.39064941229,1564.05908240492,0.024432165989653136,48
N264,264,1.4251745296970488,1.7852545951987475,False,22795.915926092803,1433.9097936068542,0.06290204781662506,3
N265,265,2.406619055364356,11.968345303349892,False,152823.80117847474,8459.91181144123,0.055357292163943445,3
N266,266,1.8338878568735602,7.483258633588271,False,95553.7294922886,2972.3400332148326,0.031106478512224967,3
N267,267,1.7905393612403493,5.74388858360573,False,73343.71332406157,3197.0065098893397,0.043589373444506405,1
N268,268,7.313731872382294,103.87853890871396,False,1326425.063325368,161843.98851561177,0.12201517672612909,56
N269,269,3.0041353260139,17.254714505584843,False,220325.4495218128,22646.995858686692,0.10278883310048383,3
N270,270,3.101147685469218,22.47985223478707,False,287045.2331859961,31715.90249355245,0.11049095691828319,1
N271,271,2.375580787249209,11.312773704291898,False,144452.80743010325,4070.2321553140882,0.028176898931393645,56
N272,272,2.7975915411623444,14.611953041127773,False,186580.0283821605,14787.817686424827,0.07925723784399819,48
N273,273,4.658276765112147,45.29073128215727,False,578317.347741866,69900.45074718188,0.1208686736099471,3
N274,274,6.746181037237397,90.87765100142903,False,1160416.7256372469,127006.61529111523,0.10944914226513679,17
N275,275,1.1279390808847838,3.5311134102403456,False,45088.787135358965,2032.2890900631578,0.045073048515634644,1
N276,276,3.4713328740969347,19.09767331457397,False,243858.19055379505,32834.15866420864,0.1346444775532993,17
N277,277,9.544605931680143,179.4816299472764,False,2291800.9327967716,283419.95503630163,0.12366691669438912,56
N278,278,11.437366799316077,253.09935445877545,False,3231825.6570841037,362662.07272231043,0.11221585295833075,56
N279,279,5.392993964819665,58.50807140632966,False,747089.5637874233,83965.65952526574,0.11239035263669847,17
N280,280,2.0643548960561584,7.246583403691661,False,92531.6234817388,4154.786022010189,0.044901255005324096,56
N281,281,3.675035117503623,26.877173968603213,False,343194.6344050944,23881.646084966203,0.06958630377879738,1
N282,282,10.837004676568956,223.66484402669002,False,2855976.393376804,346944.3921683114,0.12148013301962093,56
N283,283,11.826282107193167,269.3460127892858,False,3439279.237306391,402076.2492045111,0.11690712543579719,56
N284,284,1.6922298758363008,3.8432847878133805,False,49074.90345558904,2402.7228303841016,0.048960317009252526,56
N285,285,2.7219358739502275,13.933698850127529,False,177919.40061727838,11135.132364791356,0.0625852623500238,48
N286,286,1.404031408022336,3.346223382784991,False,42727.92637478154,1449.456548007919,0.03392293216605529,56
N287,287,2.8374942531120695,17.095326228679237,False,218290.22061400514,7015.571238510412,0.03213873355744964,56
N288,288,4.092096051185269,37.255710583987934,False,475718.168446942,55281.248671606234,0.11620588057858018,1
N289,289,10.20756341864753,198.06897106568118,False,2529142.691537683,275725.2141406788,0.10901924002280859,56
N290,290,1.013890086384113,2.4261432732124004,False,30979.423455649136,2175.7460421123615,0.07023197333634082,17
N291,291,7.178961903826696,89.61169889938938,False,1144251.783246303,127458.35030248314,0.11139012599209332,56
N292,292,2.790980578055024,11.562670838543127,False,147643.74393735715,2957.7378658890584,0.02003293730578912,17
N293,293,3.4068432595220313,21.44427200891055,False,273821.90928177873,25773.32426693366,0.09412440492631072,3
N294,294,6.70499203560868,78.33802182871595,False,1000298.2007308739,137279.21711152128,0.1372382925523783,17
N295,295,10.869215399797934,232.30867179741816,False,2966349.430181232,360688.6628236849,0.12159345057390906,56
N296,296,1.9561406141334339,8.345485077076809,False,106563.49894919376,2862.960467075144,0.026866239334353285,56
N297,297,2.221123968409535,10.057416394375837,False,128423.14993978504,6849.927585362679,0.05333872894859274,1
N298,298,2.053591816001788,7.8732529854264754,False,100533.56737091066,7736.977078192475,0.07695914191175082,1
N299,299,1.419792209237804,5.0147205519011875,False,64032.96672722626,1965.8625118318491,0.030700787614701935,17
N300,300,3.109122145596289,17.858918500398016,False,228040.53033158227,21940.961953162354,0.09621518561309739,1
N301,301,2.462558804240956,12.832572633580833,False,163859.11995819362,9230.995888528003,0.056334953409265004,3
N302,302,2.442229887881985,14.406970758585263,False,183962.60961637524,6846.863157095605,0.03721877598591175,3
N303,303,4.3823119191694575,41.02997825007684,False,523911.792275231,58138.014058025256,0.1109690885283283,17
N304,304,3.261007819948145,18.475113584320503,False,235908.72535818847,21948.546677913295,0.09303829964147382,48
N305,305,3.070056096941974,16.352304331010348,False,208802.57400267114,15550.199325279917,0.0744732166236657,48
N306,306,1.8167040392948024,5.121862459408129,False,65401.061744182385,1837.8296682968369,0.028100914867185887,17
N307,307,2.3180357075676055,9.709103357083235,False,123975.5407665958,3500.3781773898118,0.02823442556286038,3
N308,308,6.132834307725634,72.21998645059072,False,922177.0069875927,103658.10680075632,0.1124058678706039,48
N309,309,4.273752802276867,33.603961638359145,False,429088.986160208,41090.53917048076,0.09576227891139318,48
N310,310,3.7761276939594115,25.74286790656471,False,328710.6802989248,38897.402610430385,0.11833324848178843,17
N311,311,7.724002419595864,109.38898176123726,False,1396787.9081092386,167405.02212107994,0.11984999379589968,56
N312,312,5.060237253027396,52.03691379805306,False,664459.3522873394,73228.9400962494,0.11020830671457267,17
N313,313,4.369213339496654,36.5101461885807,False,466198.0566819868,57256.249446743175,0.12281528982391289,17
N314,314,6.071962688193198,77.08351105260131,False,984279.3526306658,116886.60048048505,0.11875348209640316,17
N315,315,1.092583479929829,2.0868257751183474,False,26646.678322486172,829.1452771266688,0.031116271495159793,1
N316,316,2.663902418034285,14.982092629741553,False,191306.34078916983,13443.218655719886,0.07027063818305455,56
N317,317,1.4796395100738091,5.306405224047953,False,67757.4883058683,932.4782029607497,0.013761994818216869,3
N318,318,5.310233670920103,57.12023457452493,False,729368.2752821088,71909.08565000583,0.0985909150246389,48
N319,319,5.548283315728256,63.14508033902298,False,806299.5308489845,87699.4187227689,0.10876779083627486,48
N320,320,1.4208038145619433,5.064688065281356,False,64671.001905577614,2910.162451158016,0.04499949537517566,17
N321,321,3.962155687931319,27.926021814901013,False,356587.372554471,32532.181406314405,0.09123200626333144,1
N322,322,5.520962768596113,70.80055905923383,False,904052.3386273563,101748.6325715831,0.11254728097498251,17
N323,323,2.917106764134922,13.50385582827639,False,172430.73507126118,11727.429156143548,0.06801240597447376,3
N324,324,1.8556704509978612,5.214645525014695,False,66585.80870891263,1393.7447448461585,0.020931558418687542,17
N325,325,2.3106425134927924,9.92225735890813,False,126697.30421589788,7115.904990222311,0.05616461245376216,3
N326,326,4.113902261318114,37.29735380494147,False,476249.9107352976,51647.38841901974,0.10844598026124493,48
N327,327,5.229022229924687,53.321562581697876,False,680863.0326057001,68440.81178777319,0.10052067524630681,56
N328,328,2.212064062654328,7.111497190766843,False,90806.70762890177,2913.0485732607435,0.03207966293817688,3
N329,329,4.235736225387289,42.33139491967853,False,540529.5817293751,46840.5701388435,0.08665681161978475,48
N330,330,6.415035358389964,83.02987329811037,False,1060208.4521435713,121318.33544653162,0.1144287571007809,48
N331,331,4.877047635705145,46.285251766079455,False,591016.3798010685,67739.06777017484,0.11461453537544133,17
N332,332,2.745412503714779,13.864097916548337,False,177030.66629640572,15999.51860359421,0.09037710210504388,1
N333,333,6.972272192149737,94.08932330862558,False,1201426.56932784,145558.19490816965,0.12115446638541115,56
N334,334,3.4612169728409765,20.90110509110116,False,266886.2109082707,21275.245122399898,0.07971653930712906,17
N335,335,2.9653892750001996,15.70626287635087,False,200553.2706681242,11541.063927377698,0.057546126717005104,48
N336,336,1.2906288859232533,4.587578057422121,False,58578.78421522306,1560.4517581515274,0.026638513910058375,1
N337,337,1.2607681922371539,3.157961087050008,False,40324.00512054155,1374.9197362981847,0.03409680492272786,3
N338,338,9.808810131763776,193.63552728063527,False,2472532.047846431,299548.962995734,0.12115068973793096,56
N339,339,9.388202727575841,182.19819848320364,False,2326488.7964320267,292369.853926108,0.12567000295659933,56
N340,340,3.5460672894582728,24.838506583108927,False,317162.8905597179,32266.62969529765,0.10173519871241758,1
N341,341,3.0013290200479994,14.840530656706369,False,189498.7359554836,4586.028555640075,0.0242008398236356,48
N342,342,2.307356223859363,7.642955472075767,False,97592.89842293547,3767.849374900059,0.038607823271847516,3
N343,343,4.118023509441058,23.524730120291828,False,300387.2789060063,36388.12601207953,0.12113737354192577,17
N344,344,1.429680841651296,3.2983842814340987,False,42117.068889632,1602.376856930312,0.0380457828423281,48
N345,345,2.2803004014299972,7.974315554316568,False,101824.03531306828,6034.7261750813195,0.05926622488027453,1
N346,346,7.578347579052612,116.9021809154078,False,1492723.9481088417,184451.9799447155,0.12356737505176425,56
N347,347,4.278710496930333,32.96747999908265,False,420961.7521082863,44948.84250487471,0.10677654746484491,3
N348,348,2.1773371263627164,10.55522475657422,False,134779.66491669617,4927.374531917282,0.03655873855275397,48
N349,349,2.486255191646001,13.005280755263856,False,166064.42996396424,12566.21608583962,0.075670726648485,20
N350,350,2.4953325374135495,8.23589341282681,False,105164.12298838553,7790.316843739859,0.07407770466169562,3
N351,351,2.497744746313717,9.881818153595432,False,126180.93600326008,5492.429778081326,0.043528206019484754,56
N352,352,1.4205511430993123,2.7253284765134795,False,34799.71931660062,481.7489022343862,0.013843470915714428,20
N353,353,3.6165310037809464,23.51441436280737,False,300255.5569986872,28361.32687178304,0.09445729216564355,3
N354,354,1.095520740903373,2.8017368639332796,False,35775.378015564056,787.3333776606681,0.022007688564971675,20
N355,355,1.6789516322082894,3.7361223539928643,False,47706.54633813487,1616.797612632715,0.033890477025378514,17
N356,356,0.980564809368283,1.6473805570895372,False,21035.402333476297,664.4804377908475,0.031588672622314226,48
N357,357,4.99135690984161,49.932059009192194,False,637582.461488375,73385.49289497419,0.11509961036830092,48
N358,358,5.425832393374489,49.02733684997081,False,626030.064237277,76748.60217663465,0.12259571314700551,3
N359,359,2.3742141410062367,7.873539699952018,False,100537.22842868729,4143.721040313954,0.04121578747571268,17
N360,360,5.289268870980723,50.45086121344269,False,644207.0468344497,71508.38599790704,0.11100217911196411,48
N361,361,5.116565651116477,51.01286048768786,False,651383.215567286,70655.36581116212,0.10846973658912712,3
N362,362,3.987978662214648,31.955878037233113,False,408044.60665742954,42017.961930717036,0.1029739426650304,1
N363,363,5.480265572220679,55.89737615919651,False,713753.5961767801,76744.54778014991,0.10752246740504279,17
N364,364,1.314468724094096,4.067341362474842,False,51935.88185744127,2726.9921109670836,0.05250689915023298,20
N365,365,1.2075628590358085,2.588618265028217,False,33054.0666261453,660.0144659245058,0.019967723590247854,20
N366,366,2.1633734203812898,10.220985720248516,False,130511.76666185327,4853.060771449471,0.037184852336137685,1
N367,367,8.388775664842402,137.02016376283999,False,1749610.471087703,205327.9022482263,0.11735635196591927,56
N368,368,2.873393536293925,13.2677177652625,False,169415.48814463682,19449.927191106988,0.11480607472264756,3
N369,369,1.3990253277556042,3.252289534823845,False,41528.48507016567,815.0354836660201,0.019625938251514666,17
N370,370,2.7458029872304466,11.562495185779719,False,147641.5010272212,4149.910132544769,0.028108019111642835,48
N371,371,2.6087859243928073,12.677560303943809,False,161879.76752105853,13008.555585796215,0.08035936661512666,1
N372,372,6.390306607629493,79.79438324841709,False,1018894.4796990379,114099.28727567437,0.11198341884174026,56
N373,373,3.407466158298684,22.240564542981257,False,283989.7686493276,21021.73404196413,0.07402285702736672,3
N374,374,1.6181791622357105,6.031044106065513,False,77010.40219035052,1589.7549308845985,0.020643379149677996,48
N375,375,4.416629746267828,34.34695615249701,False,438576.2831112343,41094.26103943033,0.09369923231577881,56
N376,376,2.5193975305868537,13.690867046877258,False,174818.68132157574,15079.42975144604,0.08625754202840431,20
N377,377,1.6916074978902509,5.4812591758347695,False,69990.19841623418,2239.592373190371,0.03199865729586071,3
N378,378,1.7063226386183397,4.761898299400444,False,60804.67938504428,1766.0354886786258,0.029044400966169816,17
N379,379,2.1490213340085056,8.27219557145097,False,105627.66525185741,7478.035638674936,0.07079618413267388,17
N380,380,8.77674570986139,159.20782273828135,False,2032924.6885451144,253111.3514140409,0.12450601482693532,56
N381,381,2.6607068453128835,14.958164018696474,False,191000.79635473524,13127.447679555837,0.06872980600130563,17
N382,382,1.1849206633416427,2.496378285331132,False,31876.254325393224,620.0895705134953,0.01945302494401045,17
N383,383,10.31988465195267,212.04274108443414,False,2707573.7609071387,322255.21215289296,0.11901991990235766,56
N384,384,2.9016619081453707,18.033474820795277,False,230269.43998673494,18905.61348090734,0.082102138616381,20
N385,385,1.2022191700000373,2.6911048275627754,False,34362.717543149076,993.0343484806423,0.028898597651180948,5
N386,386,3.0296301271719464,20.587969729124907,False,262887.78547119594,14749.835689681324,0.05610696466267518,17
N387,387,2.1126353489817986,7.444458076940787,False,95058.28518445688,2440.8067580692687,0.0256769491826302,17
N388,388,5.47202724442032,54.482537213546955,False,695687.517679781,76621.51759172179,0.11013783580200733,17
N389,389,7.033832633913201,91.79744512441656,False,1172161.5767936748,125287.27457733214,0.1068856692266286,56
N390,390,1.657690070308461,4.7351405874284005,False,60463.010160873244,1782.0951844195968,0.02947413930728881,1
N391,391,1.6508114195894312,4.193778480057759,False,53550.35741185752,1501.446143975556,0.028038022835737312,56
N392,392,4.130002777538072,31.86670046376486,False,406905.8982218134,48345.054939980546,0.1188113889507362,17
N393,393,2.084715063964541,6.5098334133121885,False,83124.06285458332,3175.0193391338694,0.038196151993776184,48
N394,394,1.1437093596156733,3.306504667182657,False,42220.75809525534,1411.6552968773808,0.03343510066049759,20
N395,395,2.0557311995348333,8.320698085133845,False,106246.99384907403,6791.454690835182,0.06392138210030279,3
N396,396,1.9718622563525565,7.595190089023453,False,96982.98224674047,7894.440543076691,0.0814002659043001,1
N397,397,2.296817330444975,10.76247048135419,False,137425.98557641162,11575.920347579437,0.08423385358326567,1
N398,398,1.5209190765488856,5.1439081489934635,False,65682.56315449752,1899.8771072396426,0.0289251365354117,20
N399,399,3.5212051098870263,16.697052922047067,False,213204.668761619,13341.086762581177,0.06257408357927495,56
N400,400,4.370200825270032,35.289313676738466,False,450609.24633827346,51958.48992472591,0.11530719874691729,17
N401,401,2.275007223151362,8.303507762361663,False,106027.49061759605,2433.723262712327,0.022953700484055713,17
N402,402,2.1406393704773223,9.769910063154994,False,124751.9815964261,11635.240688511276,0.09326698092982118,1
N403,403,1.5095703932074134,4.348320390739727,False,55523.70306935557,3395.1600051151404,0.06114793894193603,17
N404,404,1.2137075075948527,2.6429441905898967,False,33747.75436964239,970.0588793627743,0.028744397886082327,3
N405,405,1.6624295471384498,6.03205951227996,False,77023.36791230281,1057.1583348716115,0.01372516372012283,56
N406,406,5.797577487495134,73.92256006147886,False,943917.1694250234,103344.43015549128,0.10948463859222138,56
N407,407,2.610672462279819,16.396908285756194,False,209372.12190082087,21349.312377681093,0.10196826675804631,48
N408,408,5.72004327458226,63.04630613180807,False,805038.2829970572,88383.17776617658,0.10978754629796862,17
N409,409,2.634120668236366,15.683499613012295,False,200262.606558554,19801.623674439837,0.09887828793764411,1
N410,410,1.8912445314274202,6.221090059518455,False,79437.09896999114,3309.8330027217494,0.041666086068577364,56
N411,411,4.6810456575939705,39.62645052877167,False,505990.14680188545,53248.181079243586,0.10523560866906029,48
N412,412,1.7801996167519125,6.7952473230653805,False,86768.51306822182,2816.3181963859975,0.03245783633714761,48
N413,413,1.2905609874983204,2.8590855719520256,False,36507.66366825542,577.7991708618115,0.015826791221488827,3
N414,414,5.454964418333604,70.30170860727715,False,897682.5172063215,105745.59939614976,0.11779843916893996,17
N415,415,3.425900960882816,23.011070789231066,False,293828.3629076915,25355.174890994575,0.08629246897774842,56
N416,416,2.1748374687012797,9.741699699314307,False,124391.76346054436,6467.684614361666,0.0519944764382502,1
N417,417,1.1183477892614657,2.2849564114398517,False,29176.608417675467,1020.2375438997573,0.03496765385800248,5
N418,418,2.8279720064898233,15.79618115081076,False,201701.43711470254,7476.577282531784,0.03706754592075634,17
N419,419,3.5566104217803685,26.18369943688183,False,334339.65810954396,32027.162346473942,0.09579229256728042,3
N420,420,2.208221325084416,8.127229641338738,False,103776.59529025434,4851.577440424185,0.046750208241605286,56
N421,421,1.9174526145266222,6.83066526602185,False,87220.764781833,2696.580645383462,0.030916727824256893,1
N422,422,3.9091161322301096,29.457920092467493,False,376148.1816607174,38205.67981232228,0.10157082148753678,1
N423,423,5.03578536687208,53.09572123246139,False,677979.2644172993,87802.72905997907,0.12950651099254873,56
N424,424,2.0811895858889646,9.256601375297569,False,118197.54296117465,7943.036618269853,0.06720136831337492,3
N425,425,3.4293267012973505,22.06961080902437,False,281806.8604204321,16339.398347040798,0.0579808395106627,48
N426,426,1.014243627260309,1.9616144023607773,False,25047.854303744763,399.5811531449,0.015952709892805502,5
N427,427,4.411172407199667,39.759105028134144,False,507684.0121042448,54878.716606957016,0.10809620807142642,48
N428,428,1.8544281348598208,7.472613222697475,False,95417.79824062405,1735.158485309583,0.01818485143551385,3
N429,429,4.9525515196278,45.80181320868105,False,584843.3528616482,61092.35217711772,0.10445934262258745,56
N430,430,3.833624052151128,33.10522000757669,False,422720.55427674676,17448.45783537173,0.04127657777423468,56
N431,431,2.6940481533335863,13.620324979649205,False,173917.9296651407,8155.8104784224,0.04689459272040261,3
N432,432,3.903093826960712,31.156198551588613,False,397833.4993052349,27416.60946635122,0.06891478348160929,3
N433,433,1.7062994739839061,5.614182607964499,False,71687.49772109868,4668.406443283958,0.06512162638799955,56
N434,434,1.1328746068582938,1.748962335759745,False,22332.50006531618,273.38869823772376,0.012241741741324972,56
N435,435,1.6897278960229374,5.916487447093099,False,75547.62821193176,2557.76070100004,0.033856267384395206,17
N436,436,1.4243029315972646,3.468831311754649,False,44293.50701979511,1411.6304322846227,0.03186991790136992,17
N437,437,3.5292416876214965,23.2808792514894,False,297273.54716226814,27405.66642915089,0.092190060941384,3
N438,438,1.1099384438782534,1.8597247586400345,False,23746.8254430746,508.5662274229113,0.021416177444098194,56
N439,439,9.727167955003006,184.21831345371595,False,2352283.644490499,261353.14803438692,0.11110613664577666,56
N440,440,2.9748335507904784,15.191306226397648,False,193977.78920487157,10299.856137040213,0.05309812107489233,56
N441,441,1.5033194015753626,6.118382828551389,False,78125.63033777269,2357.2376164868238,0.030172398050363394,1
N442,442,1.2712009581625012,4.224223872334671,False,53939.11462584141,880.0481378581865,0.016315583671752905,20
N443,443,11.015542520828346,237.9722100978378,False,3038667.1507392917,351078.23225878563,0.11553691630008577,56
N444,444,1.209088169330412,3.273076438181899,False,41793.91303914466,777.0060750990106,0.018591369378867628,17
N445,445,2.7609373403157917,14.436357542161499,False,184337.84945586018,18605.573383896797,0.10093192167977372,1
N446,446,5.659971844215375,55.728838518315904,False,711601.5390403756,72592.2138720554,0.10201244641762444,48
N447,447,4.206167016961175,32.51122036173435,False,415135.7727989858,47008.254898334824,0.1132358567448651,3
N448,448,2.7086590261280943,16.319594054102193,False,208384.8964768309,20109.406104776433,0.09650126494178181,1
N449,449,1.3197056533334182,4.985411129047925,False,63658.71470681296,1009.5439913361702,0.01585869265481927,3
N450,450,5.590035421347735,71.68664002482974,False,915366.7064770509,100781.23443636892,0.11009930088482588,48
N451,451,2.063712556288325,10.716510979204756,False,136839.1286934655,8591.089143461459,0.06278240168209805,17
N452,452,4.035042422715726,34.04629922167182,False,434737.19476152724,42907.504192390195,0.09869756880573993,48
N453,453,3.3661204320917784,19.450990145733662,False,248369.6931708732,22006.68001363095,0.08860453033813112,17
N454,454,1.0301502889216911,1.5056696006476369,False,19225.895130669673,439.59823043089233,0.022864903165399734,17
N455,455,2.663616292416977,14.637067947467376,False,186900.72062121087,12824.28983731471,0.06861551841367976,48
N456,456,0.786761330561808,1.6865445530569825,False,21535.4873979846,336.4413695254233,0.015622649411543347,5
N457,457,2.8313843798781897,13.572001334577546,False,173300.88504122067,11741.4152452724,0.06775161732428332,56
N458,458,1.5582600005991003,6.5612752183221446,False,83780.92326275543,4689.087397425,0.055968437859284376,3
N459,459,3.581946113014827,24.82681139698763,False,317013.55472813494,33384.26591894839,0.10530863876649732,3
N460,460,2.17239872168128,8.863479471077214,False,113177.76936618498,4955.006694536772,0.043780741768331924,3
N461,461,1.6179827389620662,6.472138451436389,False,82642.73588639122,2734.5538072570616,0.033088858662862354,17
N462,462,5.613756946222334,68.64486396407686,False,876526.2679572972,104937.14073478099,0.11971933365936883,17
N463,463,2.0549247337594694,6.403832242422083,False,81770.53390348758,3026.3496324908315,0.03701027115785721,56
N464,464,1.690178365810278,4.86442875207105,False,62113.89073519524,1423.326352248362,0.022914783398713594,1
N465,465,8.278179425346584,136.49146814828336,False,1742859.5567854298,198880.20078441527,0.11411143256501659,56
N466,466,7.398688855808228,119.0634401771179,False,1520321.067621618,195435.06973225466,0.12854855062818554,48
N467,467,2.614365226853564,13.35676718596411,False,170552.56019757572,11747.126458313998,0.06887686965651879,56
N468,468,1.4383485536346365,4.103461590966521,False,52397.101055051506,990.674416544827,0.01890704631739007,1
N469,469,4.568093735238103,42.286007079948966,False,539950.024403868,59599.268574257534,0.11037923118914222,3
N470,470,2.536239238006878,10.347989468517092,False,132133.4775234947,11544.949744624311,0.08737338909869757,48
N471,471,9.352686374331988,181.38857012107943,False,2316150.651876063,259224.17468711367,0.11192025634305965,56
N472,472,3.5529535184958165,25.894780824173985,False,330650.45634387754,27355.11716148215,0.08273122458065729,17
N473,473,8.41890937154624,139.38469181193165,False,1779803.1297465551,213691.13884817218,0.12006448088368173,56
N474,474,4.736419364075367,40.54347213725326,False,517699.5957205867,62052.47500782352,0.11986193445148939,3
N475,475,1.8512627777306228,7.9407849885387005,False,101395.88351865065,3176.798574195359,0.03133064641239624,56
N476,476,2.401462088149663,10.345529640974727,False,132102.06798560626,8851.982515554128,0.06700865967153999,17
N477,477,2.680761622015932,16.55154050795142,False,211346.62074603164,24011.587478854326,0.11361235582615854,56
N478,478,1.8633704796083974,8.617781977928159,False,110040.45807616464,4726.405456928878,0.04295152473517959,17
N479,479,2.6660202031307123,13.11540105515312,False,167470.5560732502,14869.325587683577,0.08878770057454076,56
N480,480,2.333308324622966,11.43027550888974,False,145953.18797301303,10177.64794672224,0.06973227572531066,56
N481,481,4.419420050205417,39.99551124043641,False,510702.6830291326,60691.50705718069,0.11883921716878583,48
N482,482,1.7254647742619365,6.61624428338183,False,84482.82325450255,2952.3931858399633,0.034946668116735954,3
N483,483,3.920861729895655,23.67375057757404,False,302290.1211250428,27291.44574401544,0.0902822945137737,17
N484,484,1.7585553603415711,7.28973130119107,False,93082.57898490875,4437.552484476973,0.04767328680478893,17
N485,485,2.5696943457700354,9.956059885095913,False,127128.92867278968,7623.308080838431,0.059965172053480086,3
N486,486,2.2976750226946314,11.235409083189726,False,143464.93858324958,2995.42087638553,0.020879114478882604,17
N487,487,1.1185278340854656,3.5532633173989594,False,45371.61929986729,923.8570170142508,0.020362002310482956,3
N488,488,3.5544919158575,26.247869873606113,False,335159.0504160764,24348.091498309856,0.07264637928793334,56
N489,489,2.5968974100199453,12.14830170973653,False,155121.6645316258,9845.004666385572,0.06346634234561348,1
N490,490,2.335381107148706,8.03203622869291,False,102561.07060417972,8736.643890420997,0.0851847961312618,3
N491,491,5.921326541169634,67.83906457325615,False,866237.0155359076,94136.09831206847,0.1086724494840827,48
N492,492,1.3992637290815475,3.787542049737463,False,48363.12443309766,1175.6370191550527,0.02430854153728945,3
N493,493,1.5079848681792756,5.644579416673387,False,72075.63457150248,1679.1488489866158,0.023297038714530077,17
N494,494,2.499904361802362,13.053172177437002,False,166675.95553369305,12842.498216395294,0.07705069501640997,56
N495,495,5.135140864156129,49.95810523627926,False,637915.0457620497,66581.66234342242,0.10437387044835153,48
N496,496,1.049441563182698,2.2423914052550007,False,28633.095853701103,558.8913048674067,0.019519066597723997,3
N497,497,1.5145823924396762,4.4320285339126535,False,56592.57234953067,3486.172605410055,0.061601239538618825,17
N498,498,2.0782385281180313,10.069975995053712,False,128583.52348084084,5422.9538438721165,0.04217456247168515,1
N499,499,2.0670877252957327,9.488999518839073,False,121165.03485605613,11153.424044680976,0.09205150692137569,20
N500,500,6.150017512992965,71.92169121280929,False,918368.0750963616,98575.12283254544,0.1073372708673505,48
N501,501,1.9793301503971903,7.387486009678506,False,94330.80885758487,4193.3034097282025,0.044453169229779495,3
N502,502,1.8745427734132072,7.027676599661219,False,89736.4025010741,2883.417816409197,0.0321320861550549,1
N503,503,1.6005644361129612,4.354875405734926,False,55607.404055829276,3896.7649037848955,0.07007636788569707,3
N504,504,0.7493563139679412,1.3547497216880755,False,17298.799196235035,352.364927174126,0.02036932871333727,5
N505,505,1.8265174554207855,6.012468002117205,False,76773.20391903458,5528.356627252611,0.07200893469397011,1
N506,506,1.4753427407629898,4.028895780503404,False,51444.970221247946,1214.2071846334127,0.02360205826558954,48
N507,507,10.197541717853639,199.8931170248871,False,2552435.2112907832,270829.8085142652,0.10610643800721775,56
N508,508,2.0796611272672294,7.279134870069567,False,92947.27315591829,3571.5170244733135,0.038425194233316806,1
N509,509,1.2929784621610605,4.098737553186985,False,52336.7798166446,2898.0131742107574,0.05537240128956321,20
N510,510,0.6246845876176004,0.8800232045904571,False,11237.016299415547,161.08055463078117,0.014334815429533477,17
N511,511,2.738615501187129,16.239601654952846,False,207363.47353209284,21664.264204680945,0.10447483269674324,17
