model_seed,checkpoint_index,checkpoint_step,checkpoint_path,checkpoint_sha256,model_state_sha256,optimizer_state_sha256,train_accuracy,test_accuracy,train_cross_entropy,test_cross_entropy,reload_verified
0,1,200,checkpoints/stage18-main-training-s0-58b8c1235464/step_00000200.pt,572004a79cd3d8034b8b99cad8e1b211f2369aa5b6d460f9f9022e33970fbd70,7b8112ff6d2d81fabddb915273a44280f2efe6b305f9e581bb1a735d08eb17eb,a8d8c3fabb6530f26404e432eb4ead817ebd7857a1b6274bc4339066d4ac8c70,1.0,0.05201924219727516,0.02693861350417137,17.78276824951172,True
0,2,3400,checkpoints/stage18-main-training-s0-58b8c1235464/step_00003400.pt,04f037a6a5c4f4812031602fab5a3edf9d7bff499ea1c27b9130cb31071df19f,a0eff1df60a54bfa9ee8dd28f457a50afb3ab9b7c24397fe5537679785cb7f69,711816ff253791d9c29122c4bbeb4cfe563c74945e265b7c6e024a6b0e81c003,1.0,0.14968116581439972,0.0005934356013312936,11.525040626525879,True
0,3,7450,checkpoints/stage18-main-training-s0-58b8c1235464/step_00007450.pt,3dee55fdcafc1c188c7dbf902a4b74e168166764964f9203db7693134fb12241,8338b5f6557335a7e6b08aeaa306d010c2e98384309fa8bdc5197cb591f3fe60,c569890296f5e4d3de55a742c00041edbb0ae4e760617524ade58cf7831886b2,1.0,0.9998881220817566,1.1731078302545939e-05,0.0008146735490299761,True
0,4,8150,checkpoints/stage18-main-training-s0-58b8c1235464/step_00008150.pt,0c5a6c764d64bc50ce27a2cfbc1b88c975d8b7450758cb1959e42c5d53f959d5,b520b628606e8440c2c27dc8639c4a03cc961cf5f0b106d6d776c0186698a154,f2c022ac350e8c3b912bd0267469df8763f39c09556a57f06583e9196753fe34,1.0,1.0,7.217328675324097e-05,0.0006492383545264602,True
0,5,8500,checkpoints/stage18-main-training-s0-58b8c1235464/step_00008500.pt,59c72bdbceec0ee435c87f1367d296e94598dffe153b8e20968e82b1c3c7c214,ef8d135cbcfbb50585c457f939808cfa677f70fe1580a59237bd3f33904db86b,b6a595db176425112ad20912115d8408b2a482dacfb60f7bc609042a5e878f20,1.0,1.0,7.587776053696871e-05,0.0006512979744002223,True
0,6,8650,checkpoints/stage18-main-training-s0-58b8c1235464/step_00008650.pt,ee4b69827e563ec6b174f82cc816553f6a35fdac541fc0ef0d2d9181a7d6823c,e2be9c505f78745dfea4babd9f4d40b627f0d0cfb703781c3ba35959dcef077a,d16bcd978896390466a6cd743e3d407f3dd34439d7b210b91f2a5c00ff32fb26,1.0,0.9997762441635132,1.5740073649794795e-05,0.00046406706678681076,True
0,7,9050,checkpoints/stage18-main-training-s0-58b8c1235464/step_00009050.pt,dc57f5324433b188acee3417b3de25016e82f69db211f7a917c14f84769e351a,c12cda84c3ef69697f32bc20a1d70c2663da686af7e51e743df9e5e52cc9ba70,064699c66b3e26ac421f6f43eb0a329a62d955e527a5f2021d12657e65ba2cdc,1.0,0.9997762441635132,3.913361013019312e-07,0.00032429196289740503,True
1,1,200,checkpoints/modular-addition-training-s1-5f1bc9dee7ab/step_00000200.pt,815265490d13d24a0d6d29eb99a900ee186f78cd0a63593de1a62af7ce710f7a,d070cc4ba819ecde9e97cdac2be67ed28ec45fd3e53a69fbb646104b3dbf3913,421d08bb4400a33cff6f009f66b814f79b00441c67639b3cc37856355d83a797,1.0,0.0485512912273407,0.02843901701271534,18.2559814453125,True
1,2,3400,checkpoints/modular-addition-training-s1-5f1bc9dee7ab/step_00003400.pt,8edd5afa0fb7d6759405a0ddc86e1e107a2758ba62918597ceb89f590e0c2d71,f9fd515f459eb18db77b7df9132d0af4736506c2cb145ba6cf65888baeb2f476,96e0bcf45eacce6dc56653973c2e66e0ee03815778febe47265f5c3f8439ab7a,1.0,0.09978745132684708,0.00014679862943012267,17.46401023864746,True
1,3,7450,checkpoints/modular-addition-training-s1-5f1bc9dee7ab/step_00007450.pt,687672a1ad461fe4ce8f1e5d3da99e3bffc342199a19612ebdaaf8807ad222f0,2d56d18caec3f39c49b45e52f7366fe19069ce003e10a7bceaaf79324f8ad363,5a3582a6cd7b8921261bd8e54e7f5c62e3e7e4429bf44280ed932d981d5437f6,1.0,0.25293657183647156,7.721770816715434e-05,8.109823226928711,True
1,4,8150,checkpoints/modular-addition-training-s1-5f1bc9dee7ab/step_00008150.pt,94d77d3cfefba5700b9f1fcf6f393cc7a6f94e0447d55be1e8d6d786ce7d5810,275cbe9a9b1edc5b6bf7b400a98ab47759c1c07ab0603e6e1aa2e39ba9e0f1a9,f1982ddfb67855f3e4ac832f8abbf97b9fa2c82bffc4d92bfe6c236ffc61ff64,1.0,0.4858485162258148,0.00031825259793549776,3.8397655487060547,True
1,5,8500,checkpoints/modular-addition-training-s1-5f1bc9dee7ab/step_00008500.pt,a42529861e3ca64664b59a66eaf4f6b7fcbaca59a1d78befd8333083e3594a74,7e5957f725816b6728d82aef5e4ee63b60ce10506635d52d8d69999969e08c8a,c02f7ec492b0488d17c0682cfbad689d05e6e8072bf105166c9c8725763c7a40,1.0,0.7684304714202881,0.0003959056339226663,0.8443329334259033,True
1,6,8650,checkpoints/modular-addition-training-s1-5f1bc9dee7ab/step_00008650.pt,60e539119c242ee1491e27bb2da381de6421475e6d0ded8d9b01113cb83cf5ac,3232930db134f8607f6754e134dfacd34fd9de2d0a3f19e1030cfa5fd2513478,f5c7538ad547e34d37eb26f502664fc9a6a1b627d510e7db1a589637e43d54bc,1.0,0.9156505465507507,7.512327283620834e-05,0.2735099494457245,True
1,7,9050,checkpoints/modular-addition-training-s1-5f1bc9dee7ab/step_00009050.pt,5b449db5ff9a62d5b621450c013bc25949499ed767e6db1723561a4e87ab8d70,18c66dc1802016a1bdf888070e87ebc615a98d7d1fb310613be0a7abdeccc72b,77f88694e65eb4d50ea1feb6bbf5b893754531fa840b6e29115b19bb090ac81b,1.0,0.9991050362586975,1.168965241049591e-06,0.0027095251716673374,True
2,1,200,checkpoints/stage18-main-training-s2-c70f62c0fa7c/step_00000200.pt,4c28b990448299d8a05d0ca2c631864205b48d3f551222d9a9882900c17c7356,748daa4755be45cc4c5c132a873e51ae924835a4b734b24a2876c5a4f47da3d0,50511f0197bc4d505eb5fef4c2375d658f759ff312698deacdb6dcac6b6678fd,1.0,0.019689003005623817,0.03513621166348457,18.318897247314453,True
2,2,3400,checkpoints/stage18-main-training-s2-c70f62c0fa7c/step_00003400.pt,5a975af60473aa776049d8f364c39d3a9ed5bf68c238fc2a1ab1bb427c67623b,017b603b8a966b45d4fcf8cce6625204b514c7f9b7b8c1c5b6d899f8bd76ea25,85880c361a9e53435f06f37f70041ca39ff68220996c713b2f4bc73c6dfcbc45,1.0,0.0647723451256752,8.074421930359676e-05,18.218053817749023,True
2,3,7450,checkpoints/stage18-main-training-s2-c70f62c0fa7c/step_00007450.pt,7ee748d8da0f7c41e0c8a782ee9a50b036e17ce4a1c714f9a41697ac3d2dd68e,2e86006ab3405d1d644f5cfe74034ca860ade93ffd2b0e4e1fea58bbe502c6e1,a8d18bcf3498ec69087f01ece1ab2c45bed3714b3f0dc78ede4a5df0174b246a,1.0,0.980422854423523,9.927847713697702e-06,0.06057431548833847,True
2,4,8150,checkpoints/stage18-main-training-s2-c70f62c0fa7c/step_00008150.pt,56751cd8bf804bc1fdac8ead47872c6b9a69747c3dc29a1867b52611724ad27f,a0e896d16b4d93bc1c125f8ebc78e394a23f00bd18a858479bf41d1c75587a42,575ca97836990c5e7474cb90d7c66b1aa1598df8a8c303bead118e7edc63f93a,1.0,0.9994406700134277,0.00111161801032722,0.006903338246047497,True
2,5,8500,checkpoints/stage18-main-training-s2-c70f62c0fa7c/step_00008500.pt,3e7464673bd24bf4073e61e6c4fa89748313a8da430b540e4c810305c0d26c6e,3ce2ba9a1930cb97a6c332fe55f41989f65c64a6f10d73363c0c07f50e22264a,ef9d204b2ca2c54e5796573c2de601c952572d4f8f6beb276dfdefbe6947af9b,1.0,0.9998881220817566,4.703634840552695e-05,0.000660449848510325,True
2,6,8650,checkpoints/stage18-main-training-s2-c70f62c0fa7c/step_00008650.pt,3b3c50b4b91c710adb21da6526e21c70bfa00063beadb817022846a62a593cb4,d42bf4f537d69a237ee38807f5fccd2cf1c7004b3fe16b02966c155601ced417,e3a998d20198be85c74412d7c5b0b166463fef8bb418aa28a14c5e26ff7dd2e2,1.0,1.0,9.625519851397257e-06,0.00025186751736328006,True
2,7,9050,checkpoints/stage18-main-training-s2-c70f62c0fa7c/step_00009050.pt,17505f71b05064da164d1f4ad0af83a1df287602aa0f9383beee580fee2a6594,c6f8e153cfd530f2ffb15d63c6d3c6f8c0b34a167bfaea566eeb1e135d4147cd,271cce69d848c9d4cb9f9c390c583009e21952cc0db4cd8be311dfa665203b10,1.0,1.0,3.026608226264216e-07,3.476173151284456e-05,True
3,1,200,checkpoints/stage18-main-training-s3-4c0c7c63ce2f/step_00000200.pt,fcadbb1d5ef8da3f834b38c8f641329bbcb43264eeef7496c19614d972fffb1b,311f4fc1c68a6937c5e4372ecc33e54e6536082a380baf9ef30e3d2c790875ce,995db2d3175bb0a1649ffe32072771e5c14d683c76de128cd97797419074a7f7,1.0,0.014319275505840778,0.03893602639436722,19.24421501159668,True
3,2,3400,checkpoints/stage18-main-training-s3-4c0c7c63ce2f/step_00003400.pt,7024abedc5bd45182fe32c2df242e94950d2c28fcd9678c281fe8814eed7ed9e,b03cd2620a1db91995342d5c6cd72d79466fdbaeeea12f7f9eba4ee24959bc9c,c9e42ff205b47383992879d3f550bd6eca5cfb7017a92f19fbc5549b84f9506d,1.0,0.038706790655851364,0.00019553817401174456,19.190797805786133,True
3,3,7450,checkpoints/stage18-main-training-s3-4c0c7c63ce2f/step_00007450.pt,6d3ef5133b1ab78d2ca208593bb95c2b856f3db4df90289f71a445244a50b69a,e4508637d0925e7d021f070c2651c7dfc9f9ace63ed2c5aa911d77f87846c433,d116cc858c33635efbf92bf73b21ef32978e4a46bca0eec6eb87a1369afcdf57,1.0,0.14073163270950317,2.713450521696359e-05,12.200231552124023,True
3,4,8150,checkpoints/stage18-main-training-s3-4c0c7c63ce2f/step_00008150.pt,33c5b0dbc4b8b6ccc06853df0d63de8903b23051b7502a045536ac1d0d02dd67,aee06afe51f9d023405b15b70949729a9407a217cc770d0a0395b3031dbd9ed0,31c55a89f2af9f74772bcf2946c6eeb8b7ad4dade0066f46235dc9b80894aa72,1.0,0.24063093960285187,0.007198643404990435,4.885975360870361,True
3,5,8500,checkpoints/stage18-main-training-s3-4c0c7c63ce2f/step_00008500.pt,341c249c801ae1fc84769d5dfb84fe51d240acc5b75fe955fc3e6f7b1f29b503,603e58f815b5adf47f58d759468457a52985dd6343386b8b076dce28e7304b90,d5223305a2e93d5b312e86f74acc082223030355b44558cc39f727240704c0bb,1.0,0.3808032274246216,0.0005364262033253908,3.83673095703125,True
3,6,8650,checkpoints/stage18-main-training-s3-4c0c7c63ce2f/step_00008650.pt,1c2c90fdb9a013a3218e48c44ac20164cd08aaa8bf14322521a8244c521bcdd9,4efb0a028e985718af062b8f0609c8e03b3cdc3fcd7fb7176c99221fc115ed23,9bdb320e8fece327322e66a63967de78dc4ad1951c56b6bcb7d19856b08ffc97,1.0,0.47757020592689514,0.00010909411503234878,3.166004180908203,True
3,7,9050,checkpoints/stage18-main-training-s3-4c0c7c63ce2f/step_00009050.pt,e5bb2a446f107846ddf4e547fda2358efec38d758082b81b5fb1ff0ca4a01fb3,48c1aa5f281e52f21177697459a98e7953bfa9d8a3f21fa188b8f5573ef8381b,3eb5679ad427bd8e7cbb5e6218ca72ef132d8dc9c7701e723c947cfcf755ecdf,1.0,0.7726815342903137,1.822186845856777e-06,1.1427161693572998,True
4,1,200,checkpoints/stage18-main-training-s4-c2881c226349/step_00000200.pt,28f636e1787e6319e2de49fbb78d89f4df7898a6b77e8e3e7e8693dcf58510bf,42da470a63fad5ee1655dca3b448d64dbff6e5450eb4320145ce61fab1508985,6527a135dc5ad65fd5f5d550d5bfad0820d825f94e0c264e44e854f892e8c9b1,1.0,0.014207405969500542,0.030673058703541756,18.51702117919922,True
4,2,3400,checkpoints/stage18-main-training-s4-c2881c226349/step_00003400.pt,23beb7e93b0797ab28eb6b2f63c2788d272c59e2c79bdebd88746f7746fdb851,ca0fd915d8f229ad97e6889260e3c4ba70aef9d5dbeb93ac598baef7d28571c5,61ff9060d991e9542224b199206e61f396f06f45af78a3021839476ec7742581,1.0,0.08915986120700836,0.00013266410678625107,14.133172035217285,True
4,3,7450,checkpoints/stage18-main-training-s4-c2881c226349/step_00007450.pt,88849f3a2c1edd34dfd276fd89eb9637038466f463c96e54fd263e35fc3ad42d,4c393aa4e23c57ef6f5488b1d0f8a3f69a352971313fe0b889b072b40fb6b8db,37db51980affbb0b908b224b65500e70f00e5803772cbfd6d1a02335f8b2d1ae,1.0,1.0,2.1574337552010547e-06,2.0878547729807906e-05,True
4,4,8150,checkpoints/stage18-main-training-s4-c2881c226349/step_00008150.pt,7e72b0315db089e5d1a763f6b1d462e49c5c4dcc1769c36574cc8ee3a8e6a82d,ff6e9c8d89be5703ee40821fb397be21b1e75bcb95ee9e2fb6a6d226786cbb78,41883665051a0732a5b9734a95eeb393690f50a6b34bfc30977955f23eb86584,1.0,1.0,0.0004153619520366192,0.000736468646209687,True
4,5,8500,checkpoints/stage18-main-training-s4-c2881c226349/step_00008500.pt,243a723e9496e94eac83a3bd8e1202acb39561dac7621e39cdf3cefa415afad4,eaef5389a12c40de727abb62baad47928a07c07282832debe57e6159a23a3ffb,d6a2bf726ece19d08c9d126af46581ff74e0a400d6ce0fb1965d16d115677848,1.0,1.0,1.0584379197098315e-05,3.037495116586797e-05,True
4,6,8650,checkpoints/stage18-main-training-s4-c2881c226349/step_00008650.pt,9bbb06ccadbb4828776a79ecf0760f718f2da58ce4701f205cb895b69078f720,59c78aad39b7ebf141e9759eb610244741c4eb8b56f859ff17ebee405a89d6d3,890584dd96373b935da55e66f30cc8a845706502675f9bd33adc7ad07f004f56,1.0,1.0,2.352307092223782e-06,8.325523594976403e-06,True
4,7,9050,checkpoints/stage18-main-training-s4-c2881c226349/step_00009050.pt,5e21615bae171fdb508b16d9a83d58dc6a0e6910702b136d6e2d7df3576412f2,ff5fb92010db181b3d46f680de8c35e5003887bbc57b86b58b006c2fd82e7d5b,63646a6bba8b1cca23e81db7d76f4cf6108fe04397a2c2ef14d8edf62857b752,1.0,1.0,1.637804700749257e-07,8.989823641059047e-07,True
