model_seed,checkpoint_step,cell_id,exact_evaluations_used,ranking_passes,restarts_attempted
0,200,s0-step200-f4of5-d1of4,1806,23,1
0,200,s0-step200-f4of5-d1of2,1806,23,1
0,200,s0-step200-f4of5-d3of4,1806,23,1
0,200,s0-step200-f17of20-d1of4,1750,15,1
0,200,s0-step200-f17of20-d1of2,1750,15,1
0,200,s0-step200-f17of20-d3of4,1750,15,1
0,200,s0-step200-f9of10-d1of4,1547,10,1
0,200,s0-step200-f9of10-d1of2,1547,10,1
0,200,s0-step200-f9of10-d3of4,1547,10,1
0,200,s0-step200-f19of20-d1of4,1263,6,1
0,200,s0-step200-f19of20-d1of2,1263,6,1
0,200,s0-step200-f19of20-d3of4,1263,6,1
0,200,s0-step200-f39of40-d1of4,849,4,1
0,200,s0-step200-f39of40-d1of2,849,4,1
0,200,s0-step200-f39of40-d3of4,849,4,1
0,200,s0-step200-f99of100-d1of4,993,4,1
0,200,s0-step200-f99of100-d1of2,993,4,1
0,200,s0-step200-f99of100-d3of4,993,4,1
0,3400,s0-step3400-f4of5-d1of4,2786,51,1
0,3400,s0-step3400-f4of5-d1of2,2786,51,1
0,3400,s0-step3400-f4of5-d3of4,2786,51,1
0,3400,s0-step3400-f17of20-d1of4,1626,27,1
0,3400,s0-step3400-f17of20-d1of2,1626,27,1
0,3400,s0-step3400-f17of20-d3of4,1626,27,1
0,3400,s0-step3400-f9of10-d1of4,684,9,1
0,3400,s0-step3400-f9of10-d1of2,684,9,1
0,3400,s0-step3400-f9of10-d3of4,684,9,1
0,3400,s0-step3400-f19of20-d1of4,561,4,1
0,3400,s0-step3400-f19of20-d1of2,561,4,1
0,3400,s0-step3400-f19of20-d3of4,561,4,1
0,3400,s0-step3400-f39of40-d1of4,738,3,1
0,3400,s0-step3400-f39of40-d1of2,738,3,1
0,3400,s0-step3400-f39of40-d3of4,738,3,1
0,3400,s0-step3400-f99of100-d1of4,611,2,1
0,3400,s0-step3400-f99of100-d1of2,611,2,1
0,3400,s0-step3400-f99of100-d3of4,611,2,1
0,7450,s0-step7450-f4of5-d1of4,32668,2034,5
0,7450,s0-step7450-f4of5-d1of2,50000,3114,7
0,7450,s0-step7450-f4of5-d3of4,50000,3114,7
0,7450,s0-step7450-f17of20-d1of4,32533,2025,5
0,7450,s0-step7450-f17of20-d1of2,50000,3112,7
0,7450,s0-step7450-f17of20-d3of4,50000,3112,7
0,7450,s0-step7450-f9of10-d1of4,39634,2465,6
0,7450,s0-step7450-f9of10-d1of2,50000,3110,7
0,7450,s0-step7450-f9of10-d3of4,50000,3110,7
0,7450,s0-step7450-f19of20-d1of4,31949,1985,5
0,7450,s0-step7450-f19of20-d1of2,50000,3107,7
0,7450,s0-step7450-f19of20-d3of4,50000,3107,7
0,7450,s0-step7450-f39of40-d1of4,38825,2407,6
0,7450,s0-step7450-f39of40-d1of2,50000,3102,7
0,7450,s0-step7450-f39of40-d3of4,50000,3102,7
0,7450,s0-step7450-f99of100-d1of4,38076,2356,6
0,7450,s0-step7450-f99of100-d1of2,50000,3093,8
0,7450,s0-step7450-f99of100-d3of4,50000,3093,8
0,8150,s0-step8150-f4of5-d1of4,25147,1567,4
0,8150,s0-step8150-f4of5-d1of2,50000,3115,7
0,8150,s0-step8150-f4of5-d3of4,50000,3115,7
0,8150,s0-step8150-f17of20-d1of4,32503,2023,5
0,8150,s0-step8150-f17of20-d1of2,50000,3112,7
0,8150,s0-step8150-f17of20-d3of4,50000,3112,7
0,8150,s0-step8150-f9of10-d1of4,32293,2009,5
0,8150,s0-step8150-f9of10-d1of2,50000,3109,7
0,8150,s0-step8150-f9of10-d3of4,50000,3109,7
0,8150,s0-step8150-f19of20-d1of4,24562,1526,4
0,8150,s0-step8150-f19of20-d1of2,50000,3106,7
0,8150,s0-step8150-f19of20-d3of4,50000,3106,7
0,8150,s0-step8150-f39of40-d1of4,45764,2834,7
0,8150,s0-step8150-f39of40-d1of2,50000,3095,7
0,8150,s0-step8150-f39of40-d3of4,50000,3095,7
0,8150,s0-step8150-f99of100-d1of4,45090,2786,7
0,8150,s0-step8150-f99of100-d1of2,50000,3085,8
0,8150,s0-step8150-f99of100-d3of4,50000,3085,8
0,8500,s0-step8500-f4of5-d1of4,50000,3115,7
0,8500,s0-step8500-f4of5-d1of2,50000,3115,7
0,8500,s0-step8500-f4of5-d3of4,50000,3115,7
0,8500,s0-step8500-f17of20-d1of4,50000,3114,7
0,8500,s0-step8500-f17of20-d1of2,50000,3114,7
0,8500,s0-step8500-f17of20-d3of4,50000,3114,7
0,8500,s0-step8500-f9of10-d1of4,50000,3112,7
0,8500,s0-step8500-f9of10-d1of2,50000,3112,7
0,8500,s0-step8500-f9of10-d3of4,50000,3112,7
0,8500,s0-step8500-f19of20-d1of4,50000,3109,7
0,8500,s0-step8500-f19of20-d1of2,50000,3109,7
0,8500,s0-step8500-f19of20-d3of4,50000,3109,7
0,8500,s0-step8500-f39of40-d1of4,46345,2878,7
0,8500,s0-step8500-f39of40-d1of2,50000,3107,7
0,8500,s0-step8500-f39of40-d3of4,50000,3107,7
0,8500,s0-step8500-f99of100-d1of4,45553,2821,7
0,8500,s0-step8500-f99of100-d1of2,50000,3094,8
0,8500,s0-step8500-f99of100-d3of4,50000,3094,8
0,8650,s0-step8650-f4of5-d1of4,48085,2996,7
0,8650,s0-step8650-f4of5-d1of2,50000,3116,7
0,8650,s0-step8650-f4of5-d3of4,50000,3116,7
0,8650,s0-step8650-f17of20-d1of4,50000,3112,7
0,8650,s0-step8650-f17of20-d1of2,50000,3112,7
0,8650,s0-step8650-f17of20-d3of4,50000,3112,7
0,8650,s0-step8650-f9of10-d1of4,50000,3113,7
0,8650,s0-step8650-f9of10-d1of2,50000,3113,7
0,8650,s0-step8650-f9of10-d3of4,50000,3113,7
0,8650,s0-step8650-f19of20-d1of4,50000,3110,7
0,8650,s0-step8650-f19of20-d1of2,50000,3110,7
0,8650,s0-step8650-f19of20-d3of4,50000,3110,7
0,8650,s0-step8650-f39of40-d1of4,50000,3107,7
0,8650,s0-step8650-f39of40-d1of2,50000,3107,7
0,8650,s0-step8650-f39of40-d3of4,50000,3107,7
0,8650,s0-step8650-f99of100-d1of4,50000,3099,7
0,8650,s0-step8650-f99of100-d1of2,50000,3099,7
0,8650,s0-step8650-f99of100-d3of4,50000,3099,7
0,9050,s0-step9050-f4of5-d1of4,32608,2030,5
0,9050,s0-step9050-f4of5-d1of2,50000,3113,7
0,9050,s0-step9050-f4of5-d3of4,50000,3113,7
0,9050,s0-step9050-f17of20-d1of4,39949,2486,6
0,9050,s0-step9050-f17of20-d1of2,50000,3112,7
0,9050,s0-step9050-f17of20-d3of4,50000,3112,7
0,9050,s0-step9050-f9of10-d1of4,50000,3109,7
0,9050,s0-step9050-f9of10-d1of2,50000,3109,7
0,9050,s0-step9050-f9of10-d3of4,50000,3109,7
0,9050,s0-step9050-f19of20-d1of4,39439,2452,6
0,9050,s0-step9050-f19of20-d1of2,50000,3108,7
0,9050,s0-step9050-f19of20-d3of4,50000,3108,7
0,9050,s0-step9050-f39of40-d1of4,50000,3104,7
0,9050,s0-step9050-f39of40-d1of2,50000,3104,7
0,9050,s0-step9050-f39of40-d3of4,50000,3104,7
0,9050,s0-step9050-f99of100-d1of4,45853,2841,7
0,9050,s0-step9050-f99of100-d1of2,50000,3100,7
0,9050,s0-step9050-f99of100-d3of4,50000,3100,7
1,200,s1-step200-f4of5-d1of4,1424,21,1
1,200,s1-step200-f4of5-d1of2,1424,21,1
1,200,s1-step200-f4of5-d3of4,1424,21,1
1,200,s1-step200-f17of20-d1of4,1416,13,1
1,200,s1-step200-f17of20-d1of2,1416,13,1
1,200,s1-step200-f17of20-d3of4,1416,13,1
1,200,s1-step200-f9of10-d1of4,1053,8,1
1,200,s1-step200-f9of10-d1of2,1053,8,1
1,200,s1-step200-f9of10-d3of4,1053,8,1
1,200,s1-step200-f19of20-d1of4,864,5,1
1,200,s1-step200-f19of20-d1of2,864,5,1
1,200,s1-step200-f19of20-d3of4,864,5,1
1,200,s1-step200-f39of40-d1of4,690,3,1
1,200,s1-step200-f39of40-d1of2,690,3,1
1,200,s1-step200-f39of40-d3of4,690,3,1
1,200,s1-step200-f99of100-d1of4,611,2,1
1,200,s1-step200-f99of100-d1of2,611,2,1
1,200,s1-step200-f99of100-d3of4,611,2,1
1,3400,s1-step3400-f4of5-d1of4,1476,33,1
1,3400,s1-step3400-f4of5-d1of2,1476,33,1
1,3400,s1-step3400-f4of5-d3of4,1476,33,1
1,3400,s1-step3400-f17of20-d1of4,756,17,1
1,3400,s1-step3400-f17of20-d1of2,756,17,1
1,3400,s1-step3400-f17of20-d3of4,756,17,1
1,3400,s1-step3400-f9of10-d1of4,1208,13,1
1,3400,s1-step3400-f9of10-d1of2,1208,13,1
1,3400,s1-step3400-f9of10-d3of4,1208,13,1
1,3400,s1-step3400-f19of20-d1of4,799,6,1
1,3400,s1-step3400-f19of20-d1of2,799,6,1
1,3400,s1-step3400-f19of20-d3of4,799,6,1
1,3400,s1-step3400-f39of40-d1of4,531,2,1
1,3400,s1-step3400-f39of40-d1of2,531,2,1
1,3400,s1-step3400-f39of40-d3of4,531,2,1
1,3400,s1-step3400-f99of100-d1of4,755,2,1
1,3400,s1-step3400-f99of100-d1of2,755,2,1
1,3400,s1-step3400-f99of100-d3of4,755,2,1
1,7450,s1-step7450-f4of5-d1of4,1808,53,1
1,7450,s1-step7450-f4of5-d1of2,1808,53,1
1,7450,s1-step7450-f4of5-d3of4,1808,53,1
1,7450,s1-step7450-f17of20-d1of4,1347,34,1
1,7450,s1-step7450-f17of20-d1of2,1347,34,1
1,7450,s1-step7450-f17of20-d3of4,1347,34,1
1,7450,s1-step7450-f9of10-d1of4,1503,22,1
1,7450,s1-step7450-f9of10-d1of2,1503,22,1
1,7450,s1-step7450-f9of10-d3of4,1503,22,1
1,7450,s1-step7450-f19of20-d1of4,781,8,1
1,7450,s1-step7450-f19of20-d1of2,781,8,1
1,7450,s1-step7450-f19of20-d3of4,781,8,1
1,7450,s1-step7450-f39of40-d1of4,546,3,1
1,7450,s1-step7450-f39of40-d1of2,546,3,1
1,7450,s1-step7450-f39of40-d3of4,546,3,1
1,7450,s1-step7450-f99of100-d1of4,579,2,1
1,7450,s1-step7450-f99of100-d1of2,579,2,1
1,7450,s1-step7450-f99of100-d3of4,579,2,1
1,8150,s1-step8150-f4of5-d1of4,5087,134,1
1,8150,s1-step8150-f4of5-d1of2,5087,134,1
1,8150,s1-step8150-f4of5-d3of4,5087,134,1
1,8150,s1-step8150-f17of20-d1of4,4788,97,1
1,8150,s1-step8150-f17of20-d1of2,4788,97,1
1,8150,s1-step8150-f17of20-d3of4,4788,97,1
1,8150,s1-step8150-f9of10-d1of4,2713,44,1
1,8150,s1-step8150-f9of10-d1of2,2713,44,1
1,8150,s1-step8150-f9of10-d3of4,2713,44,1
1,8150,s1-step8150-f19of20-d1of4,1523,18,1
1,8150,s1-step8150-f19of20-d1of2,1523,18,1
1,8150,s1-step8150-f19of20-d3of4,1523,18,1
1,8150,s1-step8150-f39of40-d1of4,592,5,1
1,8150,s1-step8150-f39of40-d1of2,592,5,1
1,8150,s1-step8150-f39of40-d3of4,592,5,1
1,8150,s1-step8150-f99of100-d1of4,754,3,1
1,8150,s1-step8150-f99of100-d1of2,754,3,1
1,8150,s1-step8150-f99of100-d3of4,754,3,1
1,8500,s1-step8500-f4of5-d1of4,15821,785,4
1,8500,s1-step8500-f4of5-d1of2,15821,785,4
1,8500,s1-step8500-f4of5-d3of4,15821,785,4
1,8500,s1-step8500-f17of20-d1of4,5543,238,1
1,8500,s1-step8500-f17of20-d1of2,5543,238,1
1,8500,s1-step8500-f17of20-d3of4,5543,238,1
1,8500,s1-step8500-f9of10-d1of4,4167,158,1
1,8500,s1-step8500-f9of10-d1of2,4167,158,1
1,8500,s1-step8500-f9of10-d3of4,4167,158,1
1,8500,s1-step8500-f19of20-d1of4,2601,60,1
1,8500,s1-step8500-f19of20-d1of2,2601,60,1
1,8500,s1-step8500-f19of20-d3of4,2601,60,1
1,8500,s1-step8500-f39of40-d1of4,1455,22,1
1,8500,s1-step8500-f39of40-d1of2,1455,22,1
1,8500,s1-step8500-f39of40-d3of4,1455,22,1
1,8500,s1-step8500-f99of100-d1of4,687,6,1
1,8500,s1-step8500-f99of100-d1of2,687,6,1
1,8500,s1-step8500-f99of100-d3of4,687,6,1
1,8650,s1-step8650-f4of5-d1of4,28380,1661,5
1,8650,s1-step8650-f4of5-d1of2,50000,2928,9
1,8650,s1-step8650-f4of5-d3of4,50000,2928,9
1,8650,s1-step8650-f17of20-d1of4,21359,1194,4
1,8650,s1-step8650-f17of20-d1of2,50000,2732,9
1,8650,s1-step8650-f17of20-d3of4,50000,2732,9
1,8650,s1-step8650-f9of10-d1of4,21562,1052,4
1,8650,s1-step8650-f9of10-d1of2,50000,2318,9
1,8650,s1-step8650-f9of10-d3of4,50000,2318,9
1,8650,s1-step8650-f19of20-d1of4,4850,195,1
1,8650,s1-step8650-f19of20-d1of2,4850,195,1
1,8650,s1-step8650-f19of20-d3of4,4850,195,1
1,8650,s1-step8650-f39of40-d1of4,5071,118,1
1,8650,s1-step8650-f39of40-d1of2,5071,118,1
1,8650,s1-step8650-f39of40-d3of4,5071,118,1
1,8650,s1-step8650-f99of100-d1of4,1549,24,1
1,8650,s1-step8650-f99of100-d1of2,1549,24,1
1,8650,s1-step8650-f99of100-d3of4,1549,24,1
1,9050,s1-step9050-f4of5-d1of4,31782,1956,5
1,9050,s1-step9050-f4of5-d1of2,50000,3086,7
1,9050,s1-step9050-f4of5-d3of4,50000,3086,7
1,9050,s1-step9050-f17of20-d1of4,24255,1493,4
1,9050,s1-step9050-f17of20-d1of2,50000,3087,7
1,9050,s1-step9050-f17of20-d3of4,50000,3087,7
1,9050,s1-step9050-f9of10-d1of4,30645,1891,5
1,9050,s1-step9050-f9of10-d1of2,50000,3075,8
1,9050,s1-step9050-f9of10-d3of4,50000,3075,8
1,9050,s1-step9050-f19of20-d1of4,37172,2264,6
1,9050,s1-step9050-f19of20-d1of2,50000,3047,8
1,9050,s1-step9050-f19of20-d3of4,50000,3047,8
1,9050,s1-step9050-f39of40-d1of4,35670,2114,6
1,9050,s1-step9050-f39of40-d1of2,50000,2958,8
1,9050,s1-step9050-f39of40-d3of4,50000,2958,8
1,9050,s1-step9050-f99of100-d1of4,28292,1647,5
1,9050,s1-step9050-f99of100-d1of2,50000,2782,8
1,9050,s1-step9050-f99of100-d3of4,50000,2782,8
2,200,s2-step200-f4of5-d1of4,1934,23,1
2,200,s2-step200-f4of5-d1of2,1934,23,1
2,200,s2-step200-f4of5-d3of4,1934,23,1
2,200,s2-step200-f17of20-d1of4,1399,14,1
2,200,s2-step200-f17of20-d1of2,1399,14,1
2,200,s2-step200-f17of20-d3of4,1399,14,1
2,200,s2-step200-f9of10-d1of4,1547,10,1
2,200,s2-step200-f9of10-d1of2,1547,10,1
2,200,s2-step200-f9of10-d3of4,1547,10,1
2,200,s2-step200-f19of20-d1of4,1087,6,1
2,200,s2-step200-f19of20-d1of2,1087,6,1
2,200,s2-step200-f19of20-d3of4,1087,6,1
2,200,s2-step200-f39of40-d1of4,1040,5,1
2,200,s2-step200-f39of40-d1of2,1040,5,1
2,200,s2-step200-f39of40-d3of4,1040,5,1
2,200,s2-step200-f99of100-d1of4,977,4,1
2,200,s2-step200-f99of100-d1of2,977,4,1
2,200,s2-step200-f99of100-d3of4,977,4,1
2,3400,s2-step3400-f4of5-d1of4,1974,31,1
2,3400,s2-step3400-f4of5-d1of2,1974,31,1
2,3400,s2-step3400-f4of5-d3of4,1974,31,1
2,3400,s2-step3400-f17of20-d1of4,869,16,1
2,3400,s2-step3400-f17of20-d1of2,869,16,1
2,3400,s2-step3400-f17of20-d3of4,869,16,1
2,3400,s2-step3400-f9of10-d1of4,606,7,1
2,3400,s2-step3400-f9of10-d1of2,606,7,1
2,3400,s2-step3400-f9of10-d3of4,606,7,1
2,3400,s2-step3400-f19of20-d1of4,546,3,1
2,3400,s2-step3400-f19of20-d1of2,546,3,1
2,3400,s2-step3400-f19of20-d3of4,546,3,1
2,3400,s2-step3400-f39of40-d1of4,547,2,1
2,3400,s2-step3400-f39of40-d1of2,547,2,1
2,3400,s2-step3400-f39of40-d3of4,547,2,1
2,3400,s2-step3400-f99of100-d1of4,723,2,1
2,3400,s2-step3400-f99of100-d1of2,723,2,1
2,3400,s2-step3400-f99of100-d3of4,723,2,1
2,7450,s2-step7450-f4of5-d1of4,30603,1882,5
2,7450,s2-step7450-f4of5-d1of2,50000,3070,8
2,7450,s2-step7450-f4of5-d3of4,50000,3070,8
2,7450,s2-step7450-f17of20-d1of4,30168,1848,5
2,7450,s2-step7450-f17of20-d1of2,50000,3060,8
2,7450,s2-step7450-f17of20-d3of4,50000,3060,8
2,7450,s2-step7450-f9of10-d1of4,29104,1781,5
2,7450,s2-step7450-f9of10-d1of2,50000,3036,8
2,7450,s2-step7450-f9of10-d3of4,50000,3036,8
2,7450,s2-step7450-f19of20-d1of4,28175,1608,5
2,7450,s2-step7450-f19of20-d1of2,50000,2783,9
2,7450,s2-step7450-f19of20-d3of4,50000,2783,9
2,7450,s2-step7450-f39of40-d1of4,22686,1093,4
2,7450,s2-step7450-f39of40-d1of2,50000,2303,9
2,7450,s2-step7450-f39of40-d3of4,50000,2303,9
2,7450,s2-step7450-f99of100-d1of4,5369,220,1
2,7450,s2-step7450-f99of100-d1of2,5369,220,1
2,7450,s2-step7450-f99of100-d3of4,5369,220,1
2,8150,s2-step8150-f4of5-d1of4,24727,1538,4
2,8150,s2-step8150-f4of5-d1of2,50000,3110,7
2,8150,s2-step8150-f4of5-d3of4,50000,3110,7
2,8150,s2-step8150-f17of20-d1of4,24594,1527,4
2,8150,s2-step8150-f17of20-d1of2,50000,3106,7
2,8150,s2-step8150-f17of20-d3of4,50000,3106,7
2,8150,s2-step8150-f9of10-d1of4,24382,1514,4
2,8150,s2-step8150-f9of10-d1of2,50000,3104,7
2,8150,s2-step8150-f9of10-d3of4,50000,3104,7
2,8150,s2-step8150-f19of20-d1of4,24009,1486,4
2,8150,s2-step8150-f19of20-d1of2,50000,3089,8
2,8150,s2-step8150-f19of20-d3of4,50000,3089,8
2,8150,s2-step8150-f39of40-d1of4,23662,1462,4
2,8150,s2-step8150-f39of40-d1of2,50000,3080,8
2,8150,s2-step8150-f39of40-d3of4,50000,3080,8
2,8150,s2-step8150-f99of100-d1of4,23170,1425,4
2,8150,s2-step8150-f99of100-d1of2,50000,3056,8
2,8150,s2-step8150-f99of100-d3of4,50000,3056,8
2,8500,s2-step8500-f4of5-d1of4,40024,2491,6
2,8500,s2-step8500-f4of5-d1of2,50000,3112,7
2,8500,s2-step8500-f4of5-d3of4,50000,3112,7
2,8500,s2-step8500-f17of20-d1of4,47065,2927,7
2,8500,s2-step8500-f17of20-d1of2,50000,3110,7
2,8500,s2-step8500-f17of20-d3of4,50000,3110,7
2,8500,s2-step8500-f9of10-d1of4,24727,1538,4
2,8500,s2-step8500-f9of10-d1of2,50000,3106,7
2,8500,s2-step8500-f9of10-d3of4,50000,3106,7
2,8500,s2-step8500-f19of20-d1of4,31619,1961,5
2,8500,s2-step8500-f19of20-d1of2,50000,3101,7
2,8500,s2-step8500-f19of20-d3of4,50000,3101,7
2,8500,s2-step8500-f39of40-d1of4,30989,1918,5
2,8500,s2-step8500-f39of40-d1of2,50000,3094,8
2,8500,s2-step8500-f39of40-d3of4,50000,3094,8
2,8500,s2-step8500-f99of100-d1of4,30450,1881,5
2,8500,s2-step8500-f99of100-d1of2,50000,3085,8
2,8500,s2-step8500-f99of100-d3of4,50000,3085,8
2,8650,s2-step8650-f4of5-d1of4,24982,1555,4
2,8650,s2-step8650-f4of5-d1of2,50000,3111,7
2,8650,s2-step8650-f4of5-d3of4,50000,3111,7
2,8650,s2-step8650-f17of20-d1of4,32368,2014,5
2,8650,s2-step8650-f17of20-d1of2,50000,3111,7
2,8650,s2-step8650-f17of20-d3of4,50000,3111,7
2,8650,s2-step8650-f9of10-d1of4,32098,1995,5
2,8650,s2-step8650-f9of10-d1of2,50000,3108,7
2,8650,s2-step8650-f9of10-d3of4,50000,3108,7
2,8650,s2-step8650-f19of20-d1of4,31528,1957,5
2,8650,s2-step8650-f19of20-d1of2,50000,3103,7
2,8650,s2-step8650-f19of20-d3of4,50000,3103,7
2,8650,s2-step8650-f39of40-d1of4,31274,1938,5
2,8650,s2-step8650-f39of40-d1of2,50000,3093,8
2,8650,s2-step8650-f39of40-d3of4,50000,3093,8
2,8650,s2-step8650-f99of100-d1of4,30772,1895,5
2,8650,s2-step8650-f99of100-d1of2,50000,3077,8
2,8650,s2-step8650-f99of100-d3of4,50000,3077,8
2,9050,s2-step9050-f4of5-d1of4,32308,2010,5
2,9050,s2-step9050-f4of5-d1of2,50000,3112,7
2,9050,s2-step9050-f4of5-d3of4,50000,3112,7
2,9050,s2-step9050-f17of20-d1of4,39604,2463,6
2,9050,s2-step9050-f17of20-d1of2,50000,3111,7
2,9050,s2-step9050-f17of20-d3of4,50000,3111,7
2,9050,s2-step9050-f9of10-d1of4,32144,1996,5
2,9050,s2-step9050-f9of10-d1of2,50000,3106,7
2,9050,s2-step9050-f9of10-d3of4,50000,3106,7
2,9050,s2-step9050-f19of20-d1of4,46017,2854,7
2,9050,s2-step9050-f19of20-d1of2,50000,3103,7
2,9050,s2-step9050-f19of20-d3of4,50000,3103,7
2,9050,s2-step9050-f39of40-d1of4,50000,3095,8
2,9050,s2-step9050-f39of40-d1of2,50000,3095,8
2,9050,s2-step9050-f39of40-d3of4,50000,3095,8
2,9050,s2-step9050-f99of100-d1of4,50000,3088,8
2,9050,s2-step9050-f99of100-d1of2,50000,3088,8
2,9050,s2-step9050-f99of100-d3of4,50000,3088,8
3,200,s3-step200-f4of5-d1of4,2714,27,1
3,200,s3-step200-f4of5-d1of2,2714,27,1
3,200,s3-step200-f4of5-d3of4,2714,27,1
3,200,s3-step200-f17of20-d1of4,2530,19,1
3,200,s3-step200-f17of20-d1of2,2530,19,1
3,200,s3-step200-f17of20-d3of4,2530,19,1
3,200,s3-step200-f9of10-d1of4,1675,10,1
3,200,s3-step200-f9of10-d1of2,1675,10,1
3,200,s3-step200-f9of10-d3of4,1675,10,1
3,200,s3-step200-f19of20-d1of4,1708,9,1
3,200,s3-step200-f19of20-d1of2,1708,9,1
3,200,s3-step200-f19of20-d3of4,1708,9,1
3,200,s3-step200-f39of40-d1of4,1310,7,1
3,200,s3-step200-f39of40-d1of2,1310,7,1
3,200,s3-step200-f39of40-d3of4,1310,7,1
3,200,s3-step200-f99of100-d1of4,1454,7,1
3,200,s3-step200-f99of100-d1of2,1454,7,1
3,200,s3-step200-f99of100-d3of4,1454,7,1
3,3400,s3-step3400-f4of5-d1of4,2195,34,1
3,3400,s3-step3400-f4of5-d1of2,2195,34,1
3,3400,s3-step3400-f4of5-d3of4,2195,34,1
3,3400,s3-step3400-f17of20-d1of4,1282,19,1
3,3400,s3-step3400-f17of20-d1of2,1282,19,1
3,3400,s3-step3400-f17of20-d3of4,1282,19,1
3,3400,s3-step3400-f9of10-d1of4,922,11,1
3,3400,s3-step3400-f9of10-d1of2,922,11,1
3,3400,s3-step3400-f9of10-d3of4,922,11,1
3,3400,s3-step3400-f19of20-d1of4,991,6,1
3,3400,s3-step3400-f19of20-d1of2,991,6,1
3,3400,s3-step3400-f19of20-d3of4,991,6,1
3,3400,s3-step3400-f39of40-d1of4,754,3,1
3,3400,s3-step3400-f39of40-d1of2,754,3,1
3,3400,s3-step3400-f39of40-d3of4,754,3,1
3,3400,s3-step3400-f99of100-d1of4,930,3,1
3,3400,s3-step3400-f99of100-d1of2,930,3,1
3,3400,s3-step3400-f99of100-d3of4,930,3,1
3,7450,s3-step7450-f4of5-d1of4,1326,39,1
3,7450,s3-step7450-f4of5-d1of2,1326,39,1
3,7450,s3-step7450-f4of5-d3of4,1326,39,1
3,7450,s3-step7450-f17of20-d1of4,1054,23,1
3,7450,s3-step7450-f17of20-d1of2,1054,23,1
3,7450,s3-step7450-f17of20-d3of4,1054,23,1
3,7450,s3-step7450-f9of10-d1of4,985,12,1
3,7450,s3-step7450-f9of10-d1of2,985,12,1
3,7450,s3-step7450-f9of10-d3of4,985,12,1
3,7450,s3-step7450-f19of20-d1of4,577,4,1
3,7450,s3-step7450-f19of20-d1of2,577,4,1
3,7450,s3-step7450-f19of20-d3of4,577,4,1
3,7450,s3-step7450-f39of40-d1of4,531,2,1
3,7450,s3-step7450-f39of40-d1of2,531,2,1
3,7450,s3-step7450-f39of40-d3of4,531,2,1
3,7450,s3-step7450-f99of100-d1of4,803,2,1
3,7450,s3-step7450-f99of100-d1of2,803,2,1
3,7450,s3-step7450-f99of100-d3of4,803,2,1
3,8150,s3-step8150-f4of5-d1of4,2534,79,1
3,8150,s3-step8150-f4of5-d1of2,2534,79,1
3,8150,s3-step8150-f4of5-d3of4,2534,79,1
3,8150,s3-step8150-f17of20-d1of4,1748,49,1
3,8150,s3-step8150-f17of20-d1of2,1748,49,1
3,8150,s3-step8150-f17of20-d3of4,1748,49,1
3,8150,s3-step8150-f9of10-d1of4,1274,27,1
3,8150,s3-step8150-f9of10-d1of2,1274,27,1
3,8150,s3-step8150-f9of10-d3of4,1274,27,1
3,8150,s3-step8150-f19of20-d1of4,591,6,1
3,8150,s3-step8150-f19of20-d1of2,591,6,1
3,8150,s3-step8150-f19of20-d3of4,591,6,1
3,8150,s3-step8150-f39of40-d1of4,689,4,1
3,8150,s3-step8150-f39of40-d1of2,689,4,1
3,8150,s3-step8150-f39of40-d3of4,689,4,1
3,8150,s3-step8150-f99of100-d1of4,563,2,1
3,8150,s3-step8150-f99of100-d1of2,563,2,1
3,8150,s3-step8150-f99of100-d3of4,563,2,1
3,8500,s3-step8500-f4of5-d1of4,3510,127,1
3,8500,s3-step8500-f4of5-d1of2,3510,127,1
3,8500,s3-step8500-f4of5-d3of4,3510,127,1
3,8500,s3-step8500-f17of20-d1of4,2591,70,1
3,8500,s3-step8500-f17of20-d1of2,2591,70,1
3,8500,s3-step8500-f17of20-d3of4,2591,70,1
3,8500,s3-step8500-f9of10-d1of4,1553,36,1
3,8500,s3-step8500-f9of10-d1of2,1553,36,1
3,8500,s3-step8500-f9of10-d3of4,1553,36,1
3,8500,s3-step8500-f19of20-d1of4,1316,17,1
3,8500,s3-step8500-f19of20-d1of2,1316,17,1
3,8500,s3-step8500-f19of20-d3of4,1316,17,1
3,8500,s3-step8500-f39of40-d1of4,800,5,1
3,8500,s3-step8500-f39of40-d1of2,800,5,1
3,8500,s3-step8500-f39of40-d3of4,800,5,1
3,8500,s3-step8500-f99of100-d1of4,547,2,1
3,8500,s3-step8500-f99of100-d1of2,547,2,1
3,8500,s3-step8500-f99of100-d3of4,547,2,1
3,8650,s3-step8650-f4of5-d1of4,4511,150,1
3,8650,s3-step8650-f4of5-d1of2,4511,150,1
3,8650,s3-step8650-f4of5-d3of4,4511,150,1
3,8650,s3-step8650-f17of20-d1of4,4160,101,1
3,8650,s3-step8650-f17of20-d1of2,4160,101,1
3,8650,s3-step8650-f17of20-d3of4,4160,101,1
3,8650,s3-step8650-f9of10-d1of4,2007,46,1
3,8650,s3-step8650-f9of10-d1of2,2007,46,1
3,8650,s3-step8650-f9of10-d3of4,2007,46,1
3,8650,s3-step8650-f19of20-d1of4,1141,16,1
3,8650,s3-step8650-f19of20-d1of2,1141,16,1
3,8650,s3-step8650-f19of20-d3of4,1141,16,1
3,8650,s3-step8650-f39of40-d1of4,846,7,1
3,8650,s3-step8650-f39of40-d1of2,846,7,1
3,8650,s3-step8650-f39of40-d3of4,846,7,1
3,8650,s3-step8650-f99of100-d1of4,706,3,1
3,8650,s3-step8650-f99of100-d1of2,706,3,1
3,8650,s3-step8650-f99of100-d3of4,706,3,1
3,9050,s3-step9050-f4of5-d1of4,24251,1073,4
3,9050,s3-step9050-f4of5-d1of2,50000,2099,7
3,9050,s3-step9050-f4of5-d3of4,50000,2099,7
3,9050,s3-step9050-f17of20-d1of4,6757,256,1
3,9050,s3-step9050-f17of20-d1of2,6757,256,1
3,9050,s3-step9050-f17of20-d3of4,6757,256,1
3,9050,s3-step9050-f9of10-d1of4,6074,187,1
3,9050,s3-step9050-f9of10-d1of2,6074,187,1
3,9050,s3-step9050-f9of10-d3of4,6074,187,1
3,9050,s3-step9050-f19of20-d1of4,4304,69,1
3,9050,s3-step9050-f19of20-d1of2,4304,69,1
3,9050,s3-step9050-f19of20-d3of4,4304,69,1
3,9050,s3-step9050-f39of40-d1of4,3779,34,1
3,9050,s3-step9050-f39of40-d1of2,3779,34,1
3,9050,s3-step9050-f39of40-d3of4,3779,34,1
3,9050,s3-step9050-f99of100-d1of4,1133,8,1
3,9050,s3-step9050-f99of100-d1of2,1133,8,1
3,9050,s3-step9050-f99of100-d3of4,1133,8,1
4,200,s4-step200-f4of5-d1of4,1151,22,1
4,200,s4-step200-f4of5-d1of2,1151,22,1
4,200,s4-step200-f4of5-d3of4,1151,22,1
4,200,s4-step200-f17of20-d1of4,888,13,1
4,200,s4-step200-f17of20-d1of2,888,13,1
4,200,s4-step200-f17of20-d3of4,888,13,1
4,200,s4-step200-f9of10-d1of4,973,8,1
4,200,s4-step200-f9of10-d1of2,973,8,1
4,200,s4-step200-f9of10-d3of4,973,8,1
4,200,s4-step200-f19of20-d1of4,642,3,1
4,200,s4-step200-f19of20-d1of2,642,3,1
4,200,s4-step200-f19of20-d3of4,642,3,1
4,200,s4-step200-f39of40-d1of4,722,3,1
4,200,s4-step200-f39of40-d1of2,722,3,1
4,200,s4-step200-f39of40-d3of4,722,3,1
4,200,s4-step200-f99of100-d1of4,1009,4,1
4,200,s4-step200-f99of100-d1of2,1009,4,1
4,200,s4-step200-f99of100-d3of4,1009,4,1
4,3400,s4-step3400-f4of5-d1of4,1685,32,1
4,3400,s4-step3400-f4of5-d1of2,1685,32,1
4,3400,s4-step3400-f4of5-d3of4,1685,32,1
4,3400,s4-step3400-f17of20-d1of4,1247,22,1
4,3400,s4-step3400-f17of20-d1of2,1247,22,1
4,3400,s4-step3400-f17of20-d3of4,1247,22,1
4,3400,s4-step3400-f9of10-d1of4,795,10,1
4,3400,s4-step3400-f9of10-d1of2,795,10,1
4,3400,s4-step3400-f9of10-d3of4,795,10,1
4,3400,s4-step3400-f19of20-d1of4,721,4,1
4,3400,s4-step3400-f19of20-d1of2,721,4,1
4,3400,s4-step3400-f19of20-d3of4,721,4,1
4,3400,s4-step3400-f39of40-d1of4,531,2,1
4,3400,s4-step3400-f39of40-d1of2,531,2,1
4,3400,s4-step3400-f39of40-d3of4,531,2,1
4,3400,s4-step3400-f99of100-d1of4,675,2,1
4,3400,s4-step3400-f99of100-d1of2,675,2,1
4,3400,s4-step3400-f99of100-d3of4,675,2,1
4,7450,s4-step7450-f4of5-d1of4,47366,2946,7
4,7450,s4-step7450-f4of5-d1of2,50000,3111,7
4,7450,s4-step7450-f4of5-d3of4,50000,3111,7
4,7450,s4-step7450-f17of20-d1of4,39784,2475,6
4,7450,s4-step7450-f17of20-d1of2,50000,3111,7
4,7450,s4-step7450-f17of20-d3of4,50000,3111,7
4,7450,s4-step7450-f9of10-d1of4,32038,1991,5
4,7450,s4-step7450-f9of10-d1of2,50000,3106,7
4,7450,s4-step7450-f9of10-d3of4,50000,3106,7
4,7450,s4-step7450-f19of20-d1of4,46211,2868,7
4,7450,s4-step7450-f19of20-d1of2,50000,3105,7
4,7450,s4-step7450-f19of20-d3of4,50000,3105,7
4,7450,s4-step7450-f39of40-d1of4,45626,2828,7
4,7450,s4-step7450-f39of40-d1of2,50000,3097,8
4,7450,s4-step7450-f39of40-d3of4,50000,3097,8
4,7450,s4-step7450-f99of100-d1of4,37841,2335,6
4,7450,s4-step7450-f99of100-d1of2,50000,3085,8
4,7450,s4-step7450-f99of100-d3of4,50000,3085,8
4,8150,s4-step8150-f4of5-d1of4,40129,2498,6
4,8150,s4-step8150-f4of5-d1of2,50000,3113,7
4,8150,s4-step8150-f4of5-d3of4,50000,3113,7
4,8150,s4-step8150-f17of20-d1of4,32518,2024,5
4,8150,s4-step8150-f17of20-d1of2,50000,3113,7
4,8150,s4-step8150-f17of20-d3of4,50000,3113,7
4,8150,s4-step8150-f9of10-d1of4,32353,2013,5
4,8150,s4-step8150-f9of10-d1of2,50000,3111,7
4,8150,s4-step8150-f9of10-d3of4,50000,3111,7
4,8150,s4-step8150-f19of20-d1of4,39469,2454,6
4,8150,s4-step8150-f19of20-d1of2,50000,3108,7
4,8150,s4-step8150-f19of20-d3of4,50000,3108,7
4,8150,s4-step8150-f39of40-d1of4,31828,1977,5
4,8150,s4-step8150-f39of40-d1of2,50000,3107,7
4,8150,s4-step8150-f39of40-d3of4,50000,3107,7
4,8150,s4-step8150-f99of100-d1of4,38569,2392,6
4,8150,s4-step8150-f99of100-d1of2,50000,3099,8
4,8150,s4-step8150-f99of100-d3of4,50000,3099,8
4,8500,s4-step8500-f4of5-d1of4,40639,2533,6
4,8500,s4-step8500-f4of5-d1of2,50000,3117,7
4,8500,s4-step8500-f4of5-d3of4,50000,3117,7
4,8500,s4-step8500-f17of20-d1of4,32803,2044,5
4,8500,s4-step8500-f17of20-d1of2,50000,3115,7
4,8500,s4-step8500-f17of20-d3of4,50000,3115,7
4,8500,s4-step8500-f9of10-d1of4,47725,2972,7
4,8500,s4-step8500-f9of10-d1of2,50000,3114,7
4,8500,s4-step8500-f9of10-d3of4,50000,3114,7
4,8500,s4-step8500-f19of20-d1of4,32443,2018,5
4,8500,s4-step8500-f19of20-d1of2,50000,3111,7
4,8500,s4-step8500-f19of20-d3of4,50000,3111,7
4,8500,s4-step8500-f39of40-d1of4,32098,1996,5
4,8500,s4-step8500-f39of40-d1of2,50000,3108,7
4,8500,s4-step8500-f39of40-d3of4,50000,3108,7
4,8500,s4-step8500-f99of100-d1of4,38989,2421,6
4,8500,s4-step8500-f99of100-d1of2,50000,3107,7
4,8500,s4-step8500-f99of100-d3of4,50000,3107,7
4,8650,s4-step8650-f4of5-d1of4,48325,3012,7
4,8650,s4-step8650-f4of5-d1of2,50000,3116,7
4,8650,s4-step8650-f4of5-d3of4,50000,3116,7
4,8650,s4-step8650-f17of20-d1of4,40459,2521,6
4,8650,s4-step8650-f17of20-d1of2,50000,3115,7
4,8650,s4-step8650-f17of20-d3of4,50000,3115,7
4,8650,s4-step8650-f9of10-d1of4,32668,2035,5
4,8650,s4-step8650-f9of10-d1of2,50000,3114,7
4,8650,s4-step8650-f9of10-d3of4,50000,3114,7
4,8650,s4-step8650-f19of20-d1of4,50000,3109,7
4,8650,s4-step8650-f19of20-d1of2,50000,3109,7
4,8650,s4-step8650-f19of20-d3of4,50000,3109,7
4,8650,s4-step8650-f39of40-d1of4,39394,2449,6
4,8650,s4-step8650-f39of40-d1of2,50000,3109,7
4,8650,s4-step8650-f39of40-d3of4,50000,3109,7
4,8650,s4-step8650-f99of100-d1of4,46076,2859,7
4,8650,s4-step8650-f99of100-d1of2,50000,3105,7
4,8650,s4-step8650-f99of100-d3of4,50000,3105,7
4,9050,s4-step9050-f4of5-d1of4,32638,2033,5
4,9050,s4-step9050-f4of5-d1of2,50000,3114,7
4,9050,s4-step9050-f4of5-d3of4,50000,3114,7
4,9050,s4-step9050-f17of20-d1of4,32548,2026,5
4,9050,s4-step9050-f17of20-d1of2,50000,3113,7
4,9050,s4-step9050-f17of20-d3of4,50000,3113,7
4,9050,s4-step9050-f9of10-d1of4,47230,2938,7
4,9050,s4-step9050-f9of10-d1of2,50000,3111,7
4,9050,s4-step9050-f9of10-d3of4,50000,3111,7
4,9050,s4-step9050-f19of20-d1of4,50000,3107,7
4,9050,s4-step9050-f19of20-d1of2,50000,3107,7
4,9050,s4-step9050-f19of20-d3of4,50000,3107,7
4,9050,s4-step9050-f39of40-d1of4,50000,3102,7
4,9050,s4-step9050-f39of40-d1of2,50000,3102,7
4,9050,s4-step9050-f39of40-d3of4,50000,3102,7
4,9050,s4-step9050-f99of100-d1of4,50000,3094,8
4,9050,s4-step9050-f99of100-d1of2,50000,3094,8
4,9050,s4-step9050-f99of100-d3of4,50000,3094,8
