between_group_minimum_distance,cell_id,cell_index,complete_linkage_valid,group_count,group_id,ordered_members_json,source_run_id,source_stage,tolerance,tolerance_denominator,tolerance_numerator,transfer_execution_mode,within_group_maximum_distance,stage18_run_id,model_seed,checkpoint_index,checkpoint_step,global_cell_index
,s0-step7450-f4of5-d1of4,37,True,1,G01,"[""C1"",""C2"",""C3""]",,,0.05,20,1,fresh_execution,0.04623724489795922,stage18-scaling-24a9adb84176,0,3,7450,37
,s0-step7450-f4of5-d1of2,38,True,1,G01,"[""C1"",""C2"",""C3"",""C4"",""C5"",""C6""]",,,0.05,20,1,fresh_execution,0.04623724489795922,stage18-scaling-24a9adb84176,0,3,7450,38
,s0-step7450-f4of5-d3of4,39,True,1,G01,"[""C1"",""C2"",""C3"",""C4"",""C5"",""C6""]",,,0.05,20,1,fresh_execution,0.04623724489795922,stage18-scaling-24a9adb84176,0,3,7450,39
,s0-step7450-f17of20-d1of4,40,True,1,G01,"[""C1"",""C2"",""C3""]",,,0.05,20,1,fresh_execution,0.02554632194521389,stage18-scaling-24a9adb84176,0,3,7450,40
,s0-step7450-f17of20-d1of2,41,True,1,G01,"[""C1"",""C2"",""C3"",""C4"",""C5"",""C6""]",,,0.05,20,1,fresh_execution,0.04846938775510201,stage18-scaling-24a9adb84176,0,3,7450,41
,s0-step7450-f17of20-d3of4,42,True,1,G01,"[""C1"",""C2"",""C3"",""C4"",""C5"",""C6""]",,,0.05,20,1,fresh_execution,0.04846938775510201,stage18-scaling-24a9adb84176,0,3,7450,42
,s0-step7450-f9of10-d1of4,43,True,1,G01,"[""C1"",""C2"",""C3"",""C4""]",,,0.05,20,1,fresh_execution,0.024872448979591844,stage18-scaling-24a9adb84176,0,3,7450,43
,s0-step7450-f9of10-d1of2,44,True,1,G01,"[""C1"",""C2"",""C3"",""C4"",""C5"",""C6""]",,,0.05,20,1,fresh_execution,0.03125,stage18-scaling-24a9adb84176,0,3,7450,44
,s0-step7450-f9of10-d3of4,45,True,1,G01,"[""C1"",""C2"",""C3"",""C4"",""C5"",""C6""]",,,0.05,20,1,fresh_execution,0.03125,stage18-scaling-24a9adb84176,0,3,7450,45
,s0-step7450-f19of20-d1of4,46,True,1,G01,"[""C1"",""C2"",""C3""]",,,0.05,20,1,fresh_execution,0.005952380952380931,stage18-scaling-24a9adb84176,0,3,7450,46
,s0-step7450-f19of20-d1of2,47,True,1,G01,"[""C1"",""C2"",""C3"",""C4"",""C5"",""C6""]",,,0.05,20,1,fresh_execution,0.010025062656641603,stage18-scaling-24a9adb84176,0,3,7450,47
,s0-step7450-f19of20-d3of4,48,True,1,G01,"[""C1"",""C2"",""C3"",""C4"",""C5"",""C6""]",,,0.05,20,1,fresh_execution,0.010025062656641603,stage18-scaling-24a9adb84176,0,3,7450,48
,s0-step7450-f39of40-d1of4,49,True,1,G01,"[""C1"",""C2"",""C3"",""C4""]",,,0.05,20,1,fresh_execution,0.00523237919359798,stage18-scaling-24a9adb84176,0,3,7450,49
,s0-step7450-f39of40-d1of2,50,True,1,G01,"[""C1"",""C2"",""C3"",""C4"",""C5"",""C6""]",,,0.05,20,1,fresh_execution,0.008928571428571397,stage18-scaling-24a9adb84176,0,3,7450,50
,s0-step7450-f39of40-d3of4,51,True,1,G01,"[""C1"",""C2"",""C3"",""C4"",""C5"",""C6""]",,,0.05,20,1,fresh_execution,0.008928571428571397,stage18-scaling-24a9adb84176,0,3,7450,51
,s0-step7450-f99of100-d1of4,52,True,1,G01,"[""C1"",""C2"",""C3"",""C4""]",,,0.05,20,1,fresh_execution,0.005102040816326481,stage18-scaling-24a9adb84176,0,3,7450,52
,s0-step7450-f99of100-d1of2,53,True,1,G01,"[""C1"",""C2"",""C3"",""C4"",""C5"",""C6"",""C7""]",,,0.05,20,1,fresh_execution,0.005739795918367374,stage18-scaling-24a9adb84176,0,3,7450,53
,s0-step7450-f99of100-d3of4,54,True,1,G01,"[""C1"",""C2"",""C3"",""C4"",""C5"",""C6"",""C7""]",,,0.05,20,1,fresh_execution,0.005739795918367374,stage18-scaling-24a9adb84176,0,3,7450,54
,s0-step8150-f4of5-d1of4,55,True,1,G01,"[""C1"",""C2""]",,,0.05,20,1,fresh_execution,0.045552477685441684,stage18-scaling-24a9adb84176,0,4,8150,55
,s0-step8150-f4of5-d1of2,56,True,1,G01,"[""C1"",""C2"",""C3"",""C4"",""C5"",""C6""]",,,0.05,20,1,fresh_execution,0.045552477685441684,stage18-scaling-24a9adb84176,0,4,8150,56
,s0-step8150-f4of5-d3of4,57,True,1,G01,"[""C1"",""C2"",""C3"",""C4"",""C5"",""C6""]",,,0.05,20,1,fresh_execution,0.045552477685441684,stage18-scaling-24a9adb84176,0,4,8150,57
,s0-step8150-f17of20-d1of4,58,True,1,G01,"[""C1"",""C2"",""C3""]",,,0.05,20,1,fresh_execution,0.03316326530612246,stage18-scaling-24a9adb84176,0,4,8150,58
,s0-step8150-f17of20-d1of2,59,True,1,G01,"[""C1"",""C2"",""C3"",""C4"",""C5"",""C6""]",,,0.05,20,1,fresh_execution,0.033482142857142905,stage18-scaling-24a9adb84176,0,4,8150,59
,s0-step8150-f17of20-d3of4,60,True,1,G01,"[""C1"",""C2"",""C3"",""C4"",""C5"",""C6""]",,,0.05,20,1,fresh_execution,0.033482142857142905,stage18-scaling-24a9adb84176,0,4,8150,60
,s0-step8150-f9of10-d1of4,61,True,1,G01,"[""C1"",""C2"",""C3""]",,,0.05,20,1,fresh_execution,0.01817602040816324,stage18-scaling-24a9adb84176,0,4,8150,61
,s0-step8150-f9of10-d1of2,62,True,1,G01,"[""C1"",""C2"",""C3"",""C4"",""C5"",""C6""]",,,0.05,20,1,fresh_execution,0.033482142857142905,stage18-scaling-24a9adb84176,0,4,8150,62
,s0-step8150-f9of10-d3of4,63,True,1,G01,"[""C1"",""C2"",""C3"",""C4"",""C5"",""C6""]",,,0.05,20,1,fresh_execution,0.033482142857142905,stage18-scaling-24a9adb84176,0,4,8150,63
,s0-step8150-f19of20-d1of4,64,True,1,G01,"[""C1"",""C2""]",,,0.05,20,1,fresh_execution,0.009247448979591844,stage18-scaling-24a9adb84176,0,4,8150,64
,s0-step8150-f19of20-d1of2,65,True,1,G01,"[""C1"",""C2"",""C3"",""C4"",""C5"",""C6""]",,,0.05,20,1,fresh_execution,0.014987244897959218,stage18-scaling-24a9adb84176,0,4,8150,65
,s0-step8150-f19of20-d3of4,66,True,1,G01,"[""C1"",""C2"",""C3"",""C4"",""C5"",""C6""]",,,0.05,20,1,fresh_execution,0.014987244897959218,stage18-scaling-24a9adb84176,0,4,8150,66
,s0-step8150-f39of40-d1of4,67,True,1,G01,"[""C1"",""C2"",""C3"",""C4"",""C5""]",,,0.05,20,1,fresh_execution,0.015081563558017819,stage18-scaling-24a9adb84176,0,4,8150,67
,s0-step8150-f39of40-d1of2,68,True,1,G01,"[""C1"",""C2"",""C3"",""C4"",""C5"",""C6""]",,,0.05,20,1,fresh_execution,0.015081563558017819,stage18-scaling-24a9adb84176,0,4,8150,68
,s0-step8150-f39of40-d3of4,69,True,1,G01,"[""C1"",""C2"",""C3"",""C4"",""C5"",""C6""]",,,0.05,20,1,fresh_execution,0.015081563558017819,stage18-scaling-24a9adb84176,0,4,8150,69
,s0-step8150-f99of100-d1of4,70,True,1,G01,"[""C1"",""C2"",""C3"",""C4"",""C5""]",,,0.05,20,1,fresh_execution,0.0063775510204081565,stage18-scaling-24a9adb84176,0,4,8150,70
,s0-step8150-f99of100-d1of2,71,True,1,G01,"[""C1"",""C2"",""C3"",""C4"",""C5"",""C6"",""C7""]",,,0.05,20,1,fresh_execution,0.008928571428571397,stage18-scaling-24a9adb84176,0,4,8150,71
,s0-step8150-f99of100-d3of4,72,True,1,G01,"[""C1"",""C2"",""C3"",""C4"",""C5"",""C6"",""C7""]",,,0.05,20,1,fresh_execution,0.008928571428571397,stage18-scaling-24a9adb84176,0,4,8150,72
,s0-step8500-f4of5-d1of4,73,True,1,G01,"[""C1"",""C2"",""C3"",""C4"",""C5"",""C6""]",,,0.05,20,1,fresh_execution,0.03602756892230574,stage18-scaling-24a9adb84176,0,5,8500,73
,s0-step8500-f4of5-d1of2,74,True,1,G01,"[""C1"",""C2"",""C3"",""C4"",""C5"",""C6""]",,,0.05,20,1,fresh_execution,0.03602756892230574,stage18-scaling-24a9adb84176,0,5,8500,74
,s0-step8500-f4of5-d3of4,75,True,1,G01,"[""C1"",""C2"",""C3"",""C4"",""C5"",""C6""]",,,0.05,20,1,fresh_execution,0.03602756892230574,stage18-scaling-24a9adb84176,0,5,8500,75
,s0-step8500-f17of20-d1of4,76,True,1,G01,"[""C1"",""C2"",""C3"",""C4"",""C5"",""C6""]",,,0.05,20,1,fresh_execution,0.04081632653061229,stage18-scaling-24a9adb84176,0,5,8500,76
,s0-step8500-f17of20-d1of2,77,True,1,G01,"[""C1"",""C2"",""C3"",""C4"",""C5"",""C6""]",,,0.05,20,1,fresh_execution,0.04081632653061229,stage18-scaling-24a9adb84176,0,5,8500,77
,s0-step8500-f17of20-d3of4,78,True,1,G01,"[""C1"",""C2"",""C3"",""C4"",""C5"",""C6""]",,,0.05,20,1,fresh_execution,0.04081632653061229,stage18-scaling-24a9adb84176,0,5,8500,78
,s0-step8500-f9of10-d1of4,79,True,1,G01,"[""C1"",""C2"",""C3"",""C4"",""C5"",""C6""]",,,0.05,20,1,fresh_execution,0.02774234693877553,stage18-scaling-24a9adb84176,0,5,8500,79
,s0-step8500-f9of10-d1of2,80,True,1,G01,"[""C1"",""C2"",""C3"",""C4"",""C5"",""C6""]",,,0.05,20,1,fresh_execution,0.02774234693877553,stage18-scaling-24a9adb84176,0,5,8500,80
,s0-step8500-f9of10-d3of4,81,True,1,G01,"[""C1"",""C2"",""C3"",""C4"",""C5"",""C6""]",,,0.05,20,1,fresh_execution,0.02774234693877553,stage18-scaling-24a9adb84176,0,5,8500,81
,s0-step8500-f19of20-d1of4,82,True,1,G01,"[""C1"",""C2"",""C3"",""C4"",""C5"",""C6""]",,,0.05,20,1,fresh_execution,0.020621729763004026,stage18-scaling-24a9adb84176,0,5,8500,82
,s0-step8500-f19of20-d1of2,83,True,1,G01,"[""C1"",""C2"",""C3"",""C4"",""C5"",""C6""]",,,0.05,20,1,fresh_execution,0.020621729763004026,stage18-scaling-24a9adb84176,0,5,8500,83
,s0-step8500-f19of20-d3of4,84,True,1,G01,"[""C1"",""C2"",""C3"",""C4"",""C5"",""C6""]",,,0.05,20,1,fresh_execution,0.020621729763004026,stage18-scaling-24a9adb84176,0,5,8500,84
,s0-step8500-f39of40-d1of4,85,True,1,G01,"[""C1"",""C2"",""C3"",""C4"",""C5""]",,,0.05,20,1,fresh_execution,0.007971938775510168,stage18-scaling-24a9adb84176,0,5,8500,85
,s0-step8500-f39of40-d1of2,86,True,1,G01,"[""C1"",""C2"",""C3"",""C4"",""C5"",""C6""]",,,0.05,20,1,fresh_execution,0.010522959183673408,stage18-scaling-24a9adb84176,0,5,8500,86
,s0-step8500-f39of40-d3of4,87,True,1,G01,"[""C1"",""C2"",""C3"",""C4"",""C5"",""C6""]",,,0.05,20,1,fresh_execution,0.010522959183673408,stage18-scaling-24a9adb84176,0,5,8500,87
,s0-step8500-f99of100-d1of4,88,True,1,G01,"[""C1"",""C2"",""C3"",""C4"",""C5""]",,,0.05,20,1,fresh_execution,0.007015306122448939,stage18-scaling-24a9adb84176,0,5,8500,88
,s0-step8500-f99of100-d1of2,89,True,1,G01,"[""C1"",""C2"",""C3"",""C4"",""C5"",""C6"",""C7""]",,,0.05,20,1,fresh_execution,0.007015306122448939,stage18-scaling-24a9adb84176,0,5,8500,89
,s0-step8500-f99of100-d3of4,90,True,1,G01,"[""C1"",""C2"",""C3"",""C4"",""C5"",""C6"",""C7""]",,,0.05,20,1,fresh_execution,0.007015306122448939,stage18-scaling-24a9adb84176,0,5,8500,90
0.020050125313283207,s0-step8650-f4of5-d1of4,91,True,2,G01,"[""C1"",""C2""]",,,0.05,20,1,fresh_execution,0.0166204986149584,stage18-scaling-24a9adb84176,0,6,8650,91
0.020050125313283207,s0-step8650-f4of5-d1of4,91,True,2,G02,"[""C3"",""C4"",""C5""]",,,0.05,20,1,fresh_execution,0.021045918367346927,stage18-scaling-24a9adb84176,0,6,8650,91
0.020050125313283207,s0-step8650-f4of5-d1of2,92,True,2,G01,"[""C1"",""C2""]",,,0.05,20,1,fresh_execution,0.0166204986149584,stage18-scaling-24a9adb84176,0,6,8650,92
0.020050125313283207,s0-step8650-f4of5-d1of2,92,True,2,G02,"[""C3"",""C4"",""C5"",""C6""]",,,0.05,20,1,fresh_execution,0.021045918367346927,stage18-scaling-24a9adb84176,0,6,8650,92
0.020050125313283207,s0-step8650-f4of5-d3of4,93,True,2,G01,"[""C1"",""C2""]",,,0.05,20,1,fresh_execution,0.0166204986149584,stage18-scaling-24a9adb84176,0,6,8650,93
0.020050125313283207,s0-step8650-f4of5-d3of4,93,True,2,G02,"[""C3"",""C4"",""C5"",""C6""]",,,0.05,20,1,fresh_execution,0.021045918367346927,stage18-scaling-24a9adb84176,0,6,8650,93
,s0-step8650-f17of20-d1of4,94,True,1,G01,"[""C1"",""C2"",""C3"",""C4"",""C5"",""C6""]",,,0.05,20,1,fresh_execution,0.03380102040816324,stage18-scaling-24a9adb84176,0,6,8650,94
,s0-step8650-f17of20-d1of2,95,True,1,G01,"[""C1"",""C2"",""C3"",""C4"",""C5"",""C6""]",,,0.05,20,1,fresh_execution,0.03380102040816324,stage18-scaling-24a9adb84176,0,6,8650,95
,s0-step8650-f17of20-d3of4,96,True,1,G01,"[""C1"",""C2"",""C3"",""C4"",""C5"",""C6""]",,,0.05,20,1,fresh_execution,0.03380102040816324,stage18-scaling-24a9adb84176,0,6,8650,96
,s0-step8650-f9of10-d1of4,97,True,1,G01,"[""C1"",""C2"",""C3"",""C4"",""C5"",""C6""]",,,0.05,20,1,fresh_execution,0.02462296091104954,stage18-scaling-24a9adb84176,0,6,8650,97
,s0-step8650-f9of10-d1of2,98,True,1,G01,"[""C1"",""C2"",""C3"",""C4"",""C5"",""C6""]",,,0.05,20,1,fresh_execution,0.02462296091104954,stage18-scaling-24a9adb84176,0,6,8650,98
,s0-step8650-f9of10-d3of4,99,True,1,G01,"[""C1"",""C2"",""C3"",""C4"",""C5"",""C6""]",,,0.05,20,1,fresh_execution,0.02462296091104954,stage18-scaling-24a9adb84176,0,6,8650,99
,s0-step8650-f19of20-d1of4,100,True,1,G01,"[""C1"",""C2"",""C3"",""C4"",""C5"",""C6""]",,,0.05,20,1,fresh_execution,0.014349489795918324,stage18-scaling-24a9adb84176,0,6,8650,100
,s0-step8650-f19of20-d1of2,101,True,1,G01,"[""C1"",""C2"",""C3"",""C4"",""C5"",""C6""]",,,0.05,20,1,fresh_execution,0.014349489795918324,stage18-scaling-24a9adb84176,0,6,8650,101
,s0-step8650-f19of20-d3of4,102,True,1,G01,"[""C1"",""C2"",""C3"",""C4"",""C5"",""C6""]",,,0.05,20,1,fresh_execution,0.014349489795918324,stage18-scaling-24a9adb84176,0,6,8650,102
,s0-step8650-f39of40-d1of4,103,True,1,G01,"[""C1"",""C2"",""C3"",""C4"",""C5"",""C6""]",,,0.05,20,1,fresh_execution,0.016900510204081676,stage18-scaling-24a9adb84176,0,6,8650,103
,s0-step8650-f39of40-d1of2,104,True,1,G01,"[""C1"",""C2"",""C3"",""C4"",""C5"",""C6""]",,,0.05,20,1,fresh_execution,0.016900510204081676,stage18-scaling-24a9adb84176,0,6,8650,104
,s0-step8650-f39of40-d3of4,105,True,1,G01,"[""C1"",""C2"",""C3"",""C4"",""C5"",""C6""]",,,0.05,20,1,fresh_execution,0.016900510204081676,stage18-scaling-24a9adb84176,0,6,8650,105
,s0-step8650-f99of100-d1of4,106,True,1,G01,"[""C1"",""C2"",""C3"",""C4"",""C5"",""C6""]",,,0.05,20,1,fresh_execution,0.007653061224489832,stage18-scaling-24a9adb84176,0,6,8650,106
,s0-step8650-f99of100-d1of2,107,True,1,G01,"[""C1"",""C2"",""C3"",""C4"",""C5"",""C6""]",,,0.05,20,1,fresh_execution,0.007653061224489832,stage18-scaling-24a9adb84176,0,6,8650,107
,s0-step8650-f99of100-d3of4,108,True,1,G01,"[""C1"",""C2"",""C3"",""C4"",""C5"",""C6""]",,,0.05,20,1,fresh_execution,0.007653061224489832,stage18-scaling-24a9adb84176,0,6,8650,108
,s0-step9050-f4of5-d1of4,109,True,1,G01,"[""C1"",""C2"",""C3""]",,,0.05,20,1,fresh_execution,0.028380102040816313,stage18-scaling-24a9adb84176,0,7,9050,109
,s0-step9050-f4of5-d1of2,110,True,1,G01,"[""C1"",""C2"",""C3"",""C4"",""C5"",""C6""]",,,0.05,20,1,fresh_execution,0.046168051708217916,stage18-scaling-24a9adb84176,0,7,9050,110
,s0-step9050-f4of5-d3of4,111,True,1,G01,"[""C1"",""C2"",""C3"",""C4"",""C5"",""C6""]",,,0.05,20,1,fresh_execution,0.046168051708217916,stage18-scaling-24a9adb84176,0,7,9050,111
,s0-step9050-f17of20-d1of4,112,True,1,G01,"[""C1"",""C2"",""C3"",""C4""]",,,0.05,20,1,fresh_execution,0.014030612244897878,stage18-scaling-24a9adb84176,0,7,9050,112
,s0-step9050-f17of20-d1of2,113,True,1,G01,"[""C1"",""C2"",""C3"",""C4"",""C5"",""C6""]",,,0.05,20,1,fresh_execution,0.022160664819944498,stage18-scaling-24a9adb84176,0,7,9050,113
,s0-step9050-f17of20-d3of4,114,True,1,G01,"[""C1"",""C2"",""C3"",""C4"",""C5"",""C6""]",,,0.05,20,1,fresh_execution,0.022160664819944498,stage18-scaling-24a9adb84176,0,7,9050,114
0.0329332102185288,s0-step9050-f9of10-d1of4,115,True,2,G01,"[""C1"",""C2"",""C3"",""C4"",""C5""]",,,0.05,20,1,fresh_execution,0.041859033548784175,stage18-scaling-24a9adb84176,0,7,9050,115
0.0329332102185288,s0-step9050-f9of10-d1of4,115,True,2,G02,"[""C6""]",,,0.05,20,1,fresh_execution,0.0,stage18-scaling-24a9adb84176,0,7,9050,115
0.0329332102185288,s0-step9050-f9of10-d1of2,116,True,2,G01,"[""C1"",""C2"",""C3"",""C4"",""C5""]",,,0.05,20,1,fresh_execution,0.041859033548784175,stage18-scaling-24a9adb84176,0,7,9050,116
0.0329332102185288,s0-step9050-f9of10-d1of2,116,True,2,G02,"[""C6""]",,,0.05,20,1,fresh_execution,0.0,stage18-scaling-24a9adb84176,0,7,9050,116
0.0329332102185288,s0-step9050-f9of10-d3of4,117,True,2,G01,"[""C1"",""C2"",""C3"",""C4"",""C5""]",,,0.05,20,1,fresh_execution,0.041859033548784175,stage18-scaling-24a9adb84176,0,7,9050,117
0.0329332102185288,s0-step9050-f9of10-d3of4,117,True,2,G02,"[""C6""]",,,0.05,20,1,fresh_execution,0.0,stage18-scaling-24a9adb84176,0,7,9050,117
,s0-step9050-f19of20-d1of4,118,True,1,G01,"[""C1"",""C2"",""C3"",""C4""]",,,0.05,20,1,fresh_execution,0.019770408163265363,stage18-scaling-24a9adb84176,0,7,9050,118
,s0-step9050-f19of20-d1of2,119,True,1,G01,"[""C1"",""C2"",""C3"",""C4"",""C5"",""C6""]",,,0.05,20,1,fresh_execution,0.019770408163265363,stage18-scaling-24a9adb84176,0,7,9050,119
,s0-step9050-f19of20-d3of4,120,True,1,G01,"[""C1"",""C2"",""C3"",""C4"",""C5"",""C6""]",,,0.05,20,1,fresh_execution,0.019770408163265363,stage18-scaling-24a9adb84176,0,7,9050,120
,s0-step9050-f39of40-d1of4,121,True,1,G01,"[""C1"",""C2"",""C3"",""C4"",""C5"",""C6""]",,,0.05,20,1,fresh_execution,0.009085213032581474,stage18-scaling-24a9adb84176,0,7,9050,121
,s0-step9050-f39of40-d1of2,122,True,1,G01,"[""C1"",""C2"",""C3"",""C4"",""C5"",""C6""]",,,0.05,20,1,fresh_execution,0.009085213032581474,stage18-scaling-24a9adb84176,0,7,9050,122
,s0-step9050-f39of40-d3of4,123,True,1,G01,"[""C1"",""C2"",""C3"",""C4"",""C5"",""C6""]",,,0.05,20,1,fresh_execution,0.009085213032581474,stage18-scaling-24a9adb84176,0,7,9050,123
,s0-step9050-f99of100-d1of4,124,True,1,G01,"[""C1"",""C2"",""C3"",""C4"",""C5""]",,,0.05,20,1,fresh_execution,0.004145408163265363,stage18-scaling-24a9adb84176,0,7,9050,124
,s0-step9050-f99of100-d1of2,125,True,1,G01,"[""C1"",""C2"",""C3"",""C4"",""C5"",""C6""]",,,0.05,20,1,fresh_execution,0.004309018159433631,stage18-scaling-24a9adb84176,0,7,9050,125
,s0-step9050-f99of100-d3of4,126,True,1,G01,"[""C1"",""C2"",""C3"",""C4"",""C5"",""C6""]",,,0.05,20,1,fresh_execution,0.004309018159433631,stage18-scaling-24a9adb84176,0,7,9050,126
,s1-step8500-f4of5-d1of4,199,True,1,G01,"[""C1""]",,,0.05,20,1,fresh_execution,0.0,stage18-scaling-24a9adb84176,1,5,8500,199
,s1-step8500-f4of5-d1of2,200,True,1,G01,"[""C1""]",,,0.05,20,1,fresh_execution,0.0,stage18-scaling-24a9adb84176,1,5,8500,200
,s1-step8500-f4of5-d3of4,201,True,1,G01,"[""C1""]",,,0.05,20,1,fresh_execution,0.0,stage18-scaling-24a9adb84176,1,5,8500,201
,s1-step8650-f4of5-d1of4,217,True,1,G01,"[""C1"",""C2"",""C3""]",,,0.05,20,1,fresh_execution,0.025510204081632626,stage18-scaling-24a9adb84176,1,6,8650,217
,s1-step8650-f4of5-d1of2,218,True,1,G01,"[""C1"",""C2"",""C3"",""C4"",""C5"",""C6"",""C7"",""C8""]",,,0.05,20,1,fresh_execution,0.025510204081632626,stage18-scaling-24a9adb84176,1,6,8650,218
,s1-step8650-f4of5-d3of4,219,True,1,G01,"[""C1"",""C2"",""C3"",""C4"",""C5"",""C6"",""C7"",""C8""]",,,0.05,20,1,fresh_execution,0.025510204081632626,stage18-scaling-24a9adb84176,1,6,8650,219
,s1-step8650-f17of20-d1of4,220,True,1,G01,"[""C1"",""C2""]",,,0.05,20,1,fresh_execution,0.01939058171745156,stage18-scaling-24a9adb84176,1,6,8650,220
,s1-step8650-f17of20-d1of2,221,True,1,G01,"[""C1"",""C2"",""C3"",""C4"",""C5"",""C6"",""C7"",""C8""]",,,0.05,20,1,fresh_execution,0.022959183673469385,stage18-scaling-24a9adb84176,1,6,8650,221
,s1-step8650-f17of20-d3of4,222,True,1,G01,"[""C1"",""C2"",""C3"",""C4"",""C5"",""C6"",""C7"",""C8""]",,,0.05,20,1,fresh_execution,0.022959183673469385,stage18-scaling-24a9adb84176,1,6,8650,222
,s1-step8650-f9of10-d1of4,223,True,1,G01,"[""C1"",""C2""]",,,0.05,20,1,fresh_execution,0.007971938775510168,stage18-scaling-24a9adb84176,1,6,8650,223
,s1-step8650-f9of10-d1of2,224,True,1,G01,"[""C1"",""C2"",""C3"",""C4"",""C5"",""C6"",""C7"",""C8""]",,,0.05,20,1,fresh_execution,0.01658163265306123,stage18-scaling-24a9adb84176,1,6,8650,224
,s1-step8650-f9of10-d3of4,225,True,1,G01,"[""C1"",""C2"",""C3"",""C4"",""C5"",""C6"",""C7"",""C8""]",,,0.05,20,1,fresh_execution,0.01658163265306123,stage18-scaling-24a9adb84176,1,6,8650,225
0.05389030612244905,s1-step9050-f4of5-d1of4,1,True,2,G01,"[""C1"",""C2""]",,,0.05,20,1,fresh_execution,0.019770408163265252,stage18-scaling-24a9adb84176,1,7,9050,235
0.05389030612244905,s1-step9050-f4of5-d1of4,1,True,2,G02,"[""C3""]",,,0.05,20,1,fresh_execution,0.0,stage18-scaling-24a9adb84176,1,7,9050,235
0.022321428571428603,s1-step9050-f4of5-d1of2,2,True,2,G01,"[""C1"",""C2""]",,,0.05,20,1,fresh_execution,0.019770408163265252,stage18-scaling-24a9adb84176,1,7,9050,236
0.022321428571428603,s1-step9050-f4of5-d1of2,2,True,2,G02,"[""C3"",""C4"",""C5"",""C6""]",,,0.05,20,1,fresh_execution,0.03939673745767924,stage18-scaling-24a9adb84176,1,7,9050,236
0.022321428571428603,s1-step9050-f4of5-d3of4,3,True,2,G01,"[""C1"",""C2""]",,,0.05,20,1,fresh_execution,0.019770408163265252,stage18-scaling-24a9adb84176,1,7,9050,237
0.022321428571428603,s1-step9050-f4of5-d3of4,3,True,2,G02,"[""C3"",""C4"",""C5"",""C6""]",,,0.05,20,1,fresh_execution,0.03939673745767924,stage18-scaling-24a9adb84176,1,7,9050,237
,s1-step9050-f17of20-d1of4,4,True,1,G01,"[""C1"",""C2""]",,,0.05,20,1,fresh_execution,0.034438775510204134,stage18-scaling-24a9adb84176,1,7,9050,238
0.034438775510204134,s1-step9050-f17of20-d1of2,5,True,2,G01,"[""C1""]",,,0.05,20,1,fresh_execution,0.0,stage18-scaling-24a9adb84176,1,7,9050,239
0.034438775510204134,s1-step9050-f17of20-d1of2,5,True,2,G02,"[""C2"",""C3"",""C4"",""C5"",""C6""]",,,0.05,20,1,fresh_execution,0.04647583871960603,stage18-scaling-24a9adb84176,1,7,9050,239
0.034438775510204134,s1-step9050-f17of20-d3of4,6,True,2,G01,"[""C1""]",,,0.05,20,1,fresh_execution,0.0,stage18-scaling-24a9adb84176,1,7,9050,240
0.034438775510204134,s1-step9050-f17of20-d3of4,6,True,2,G02,"[""C2"",""C3"",""C4"",""C5"",""C6""]",,,0.05,20,1,fresh_execution,0.04647583871960603,stage18-scaling-24a9adb84176,1,7,9050,240
,s1-step9050-f9of10-d1of4,7,True,1,G01,"[""C1"",""C2"",""C3""]",,,0.05,20,1,fresh_execution,0.019082794706063444,stage18-scaling-24a9adb84176,1,7,9050,241
,s1-step9050-f9of10-d1of2,8,True,1,G01,"[""C1"",""C2"",""C3"",""C4"",""C5"",""C6"",""C7""]",,,0.05,20,1,fresh_execution,0.03601108033240996,stage18-scaling-24a9adb84176,1,7,9050,242
,s1-step9050-f9of10-d3of4,9,True,1,G01,"[""C1"",""C2"",""C3"",""C4"",""C5"",""C6"",""C7""]",,,0.05,20,1,fresh_execution,0.03601108033240996,stage18-scaling-24a9adb84176,1,7,9050,243
,s1-step9050-f19of20-d1of4,10,True,1,G01,"[""C1"",""C2"",""C3"",""C4""]",,,0.05,20,1,fresh_execution,0.007971938775510279,stage18-scaling-24a9adb84176,1,7,9050,244
,s1-step9050-f19of20-d1of2,11,True,1,G01,"[""C1"",""C2"",""C3"",""C4"",""C5"",""C6"",""C7""]",,,0.05,20,1,fresh_execution,0.018494897959183687,stage18-scaling-24a9adb84176,1,7,9050,245
,s1-step9050-f19of20-d3of4,12,True,1,G01,"[""C1"",""C2"",""C3"",""C4"",""C5"",""C6"",""C7""]",,,0.05,20,1,fresh_execution,0.018494897959183687,stage18-scaling-24a9adb84176,1,7,9050,246
,s1-step9050-f39of40-d1of4,13,True,1,G01,"[""C1"",""C2"",""C3"",""C4""]",,,0.05,20,1,fresh_execution,0.008928571428571397,stage18-scaling-24a9adb84176,1,7,9050,247
,s1-step9050-f39of40-d1of2,14,True,1,G01,"[""C1"",""C2"",""C3"",""C4"",""C5"",""C6"",""C7""]",,,0.05,20,1,fresh_execution,0.013542628501077347,stage18-scaling-24a9adb84176,1,7,9050,248
,s1-step9050-f39of40-d3of4,15,True,1,G01,"[""C1"",""C2"",""C3"",""C4"",""C5"",""C6"",""C7""]",,,0.05,20,1,fresh_execution,0.013542628501077347,stage18-scaling-24a9adb84176,1,7,9050,249
,s1-step9050-f99of100-d1of4,16,True,1,G01,"[""C1"",""C2"",""C3""]",,,0.05,20,1,fresh_execution,0.004616805170821747,stage18-scaling-24a9adb84176,1,7,9050,250
,s1-step9050-f99of100-d1of2,17,True,1,G01,"[""C1"",""C2"",""C3"",""C4"",""C5"",""C6"",""C7""]",stage16-transfer-s1-cc55bd4162c8,16,0.05,20,1,reference_existing_result,0.00701530612244905,stage18-scaling-24a9adb84176,1,7,9050,251
,s1-step9050-f99of100-d3of4,18,True,1,G01,"[""C1"",""C2"",""C3"",""C4"",""C5"",""C6"",""C7""]",,,0.05,20,1,fresh_execution,0.00701530612244905,stage18-scaling-24a9adb84176,1,7,9050,252
,s2-step7450-f4of5-d1of4,289,True,1,G01,"[""C1"",""C2"",""C3""]",,,0.05,20,1,fresh_execution,0.021545090797168376,stage18-scaling-24a9adb84176,2,3,7450,289
,s2-step7450-f4of5-d1of2,290,True,1,G01,"[""C1"",""C2"",""C3"",""C4"",""C5"",""C6"",""C7""]",,,0.05,20,1,fresh_execution,0.028380102040816424,stage18-scaling-24a9adb84176,2,3,7450,290
,s2-step7450-f4of5-d3of4,291,True,1,G01,"[""C1"",""C2"",""C3"",""C4"",""C5"",""C6"",""C7""]",,,0.05,20,1,fresh_execution,0.028380102040816424,stage18-scaling-24a9adb84176,2,3,7450,291
,s2-step7450-f17of20-d1of4,292,True,1,G01,"[""C1"",""C2"",""C3""]",,,0.05,20,1,fresh_execution,0.013711734693877653,stage18-scaling-24a9adb84176,2,3,7450,292
,s2-step7450-f17of20-d1of2,293,True,1,G01,"[""C1"",""C2"",""C3"",""C4"",""C5"",""C6"",""C7""]",,,0.05,20,1,fresh_execution,0.016604010025062732,stage18-scaling-24a9adb84176,2,3,7450,293
,s2-step7450-f17of20-d3of4,294,True,1,G01,"[""C1"",""C2"",""C3"",""C4"",""C5"",""C6"",""C7""]",,,0.05,20,1,fresh_execution,0.016604010025062732,stage18-scaling-24a9adb84176,2,3,7450,294
,s2-step7450-f9of10-d1of4,295,True,1,G01,"[""C1"",""C2"",""C3""]",,,0.05,20,1,fresh_execution,0.014987244897959107,stage18-scaling-24a9adb84176,2,3,7450,295
,s2-step7450-f9of10-d1of2,296,True,1,G01,"[""C1"",""C2"",""C3"",""C4"",""C5"",""C6"",""C7""]",,,0.05,20,1,fresh_execution,0.01658163265306123,stage18-scaling-24a9adb84176,2,3,7450,296
,s2-step7450-f9of10-d3of4,297,True,1,G01,"[""C1"",""C2"",""C3"",""C4"",""C5"",""C6"",""C7""]",,,0.05,20,1,fresh_execution,0.01658163265306123,stage18-scaling-24a9adb84176,2,3,7450,297
,s2-step7450-f19of20-d1of4,298,True,1,G01,"[""C1"",""C2"",""C3""]",,,0.05,20,1,fresh_execution,0.00605867346938771,stage18-scaling-24a9adb84176,2,3,7450,298
,s2-step7450-f19of20-d1of2,299,True,1,G01,"[""C1"",""C2"",""C3"",""C4"",""C5"",""C6"",""C7"",""C8""]",,,0.05,20,1,fresh_execution,0.01116071428571419,stage18-scaling-24a9adb84176,2,3,7450,299
,s2-step7450-f19of20-d3of4,300,True,1,G01,"[""C1"",""C2"",""C3"",""C4"",""C5"",""C6"",""C7"",""C8""]",,,0.05,20,1,fresh_execution,0.01116071428571419,stage18-scaling-24a9adb84176,2,3,7450,300
,s2-step7450-f39of40-d1of4,301,True,1,G01,"[""C1"",""C2""]",,,0.05,20,1,fresh_execution,0.002192982456140413,stage18-scaling-24a9adb84176,2,3,7450,301
,s2-step7450-f39of40-d1of2,302,True,1,G01,"[""C1"",""C2"",""C3"",""C4"",""C5"",""C6"",""C7"",""C8""]",,,0.05,20,1,fresh_execution,0.007971938775510279,stage18-scaling-24a9adb84176,2,3,7450,302
,s2-step7450-f39of40-d3of4,303,True,1,G01,"[""C1"",""C2"",""C3"",""C4"",""C5"",""C6"",""C7"",""C8""]",,,0.05,20,1,fresh_execution,0.007971938775510279,stage18-scaling-24a9adb84176,2,3,7450,303
,s2-step8150-f4of5-d1of4,307,True,1,G01,"[""C1"",""C2""]",,,0.05,20,1,fresh_execution,0.01658163265306123,stage18-scaling-24a9adb84176,2,4,8150,307
0.03029336734693877,s2-step8150-f4of5-d1of2,308,True,2,G01,"[""C1"",""C2"",""C3"",""C4"",""C5""]",,,0.05,20,1,fresh_execution,0.03324099722991691,stage18-scaling-24a9adb84176,2,4,8150,308
0.03029336734693877,s2-step8150-f4of5-d1of2,308,True,2,G02,"[""C6""]",,,0.05,20,1,fresh_execution,0.0,stage18-scaling-24a9adb84176,2,4,8150,308
0.03029336734693877,s2-step8150-f4of5-d3of4,309,True,2,G01,"[""C1"",""C2"",""C3"",""C4"",""C5""]",,,0.05,20,1,fresh_execution,0.03324099722991691,stage18-scaling-24a9adb84176,2,4,8150,309
0.03029336734693877,s2-step8150-f4of5-d3of4,309,True,2,G02,"[""C6""]",,,0.05,20,1,fresh_execution,0.0,stage18-scaling-24a9adb84176,2,4,8150,309
,s2-step8150-f17of20-d1of4,310,True,1,G01,"[""C1"",""C2""]",,,0.05,20,1,fresh_execution,0.04081632653061229,stage18-scaling-24a9adb84176,2,4,8150,310
,s2-step8150-f17of20-d1of2,311,True,1,G01,"[""C1"",""C2"",""C3"",""C4"",""C5"",""C6""]",,,0.05,20,1,fresh_execution,0.046875,stage18-scaling-24a9adb84176,2,4,8150,311
,s2-step8150-f17of20-d3of4,312,True,1,G01,"[""C1"",""C2"",""C3"",""C4"",""C5"",""C6""]",,,0.05,20,1,fresh_execution,0.046875,stage18-scaling-24a9adb84176,2,4,8150,312
,s2-step8150-f9of10-d1of4,313,True,1,G01,"[""C1"",""C2""]",,,0.05,20,1,fresh_execution,0.014349489795918324,stage18-scaling-24a9adb84176,2,4,8150,313
,s2-step8150-f9of10-d1of2,314,True,1,G01,"[""C1"",""C2"",""C3"",""C4"",""C5"",""C6""]",,,0.05,20,1,fresh_execution,0.034779932286857496,stage18-scaling-24a9adb84176,2,4,8150,314
,s2-step8150-f9of10-d3of4,315,True,1,G01,"[""C1"",""C2"",""C3"",""C4"",""C5"",""C6""]",,,0.05,20,1,fresh_execution,0.034779932286857496,stage18-scaling-24a9adb84176,2,4,8150,315
,s2-step8150-f19of20-d1of4,316,True,1,G01,"[""C1"",""C2""]",,,0.05,20,1,fresh_execution,0.01658163265306123,stage18-scaling-24a9adb84176,2,4,8150,316
,s2-step8150-f19of20-d1of2,317,True,1,G01,"[""C1"",""C2"",""C3"",""C4"",""C5"",""C6"",""C7""]",,,0.05,20,1,fresh_execution,0.01658163265306123,stage18-scaling-24a9adb84176,2,4,8150,317
,s2-step8150-f19of20-d3of4,318,True,1,G01,"[""C1"",""C2"",""C3"",""C4"",""C5"",""C6"",""C7""]",,,0.05,20,1,fresh_execution,0.01658163265306123,stage18-scaling-24a9adb84176,2,4,8150,318
,s2-step8150-f39of40-d1of4,319,True,1,G01,"[""C1"",""C2""]",,,0.05,20,1,fresh_execution,0.008002462296091029,stage18-scaling-24a9adb84176,2,4,8150,319
,s2-step8150-f39of40-d1of2,320,True,1,G01,"[""C1"",""C2"",""C3"",""C4"",""C5"",""C6"",""C7""]",,,0.05,20,1,fresh_execution,0.013711734693877542,stage18-scaling-24a9adb84176,2,4,8150,320
,s2-step8150-f39of40-d3of4,321,True,1,G01,"[""C1"",""C2"",""C3"",""C4"",""C5"",""C6"",""C7""]",,,0.05,20,1,fresh_execution,0.013711734693877542,stage18-scaling-24a9adb84176,2,4,8150,321
,s2-step8150-f99of100-d1of4,322,True,1,G01,"[""C1"",""C2""]",,,0.05,20,1,fresh_execution,0.0035076530612244694,stage18-scaling-24a9adb84176,2,4,8150,322
,s2-step8150-f99of100-d1of2,323,True,1,G01,"[""C1"",""C2"",""C3"",""C4"",""C5"",""C6"",""C7""]",,,0.05,20,1,fresh_execution,0.006696428571428603,stage18-scaling-24a9adb84176,2,4,8150,323
,s2-step8150-f99of100-d3of4,324,True,1,G01,"[""C1"",""C2"",""C3"",""C4"",""C5"",""C6"",""C7""]",,,0.05,20,1,fresh_execution,0.006696428571428603,stage18-scaling-24a9adb84176,2,4,8150,324
,s2-step8500-f4of5-d1of4,325,True,1,G01,"[""C1"",""C2"",""C3"",""C4""]",,,0.05,20,1,fresh_execution,0.02130325814536338,stage18-scaling-24a9adb84176,2,5,8500,325
,s2-step8500-f4of5-d1of2,326,True,1,G01,"[""C1"",""C2"",""C3"",""C4"",""C5"",""C6""]",,,0.05,20,1,fresh_execution,0.03258145363408527,stage18-scaling-24a9adb84176,2,5,8500,326
,s2-step8500-f4of5-d3of4,327,True,1,G01,"[""C1"",""C2"",""C3"",""C4"",""C5"",""C6""]",,,0.05,20,1,fresh_execution,0.03258145363408527,stage18-scaling-24a9adb84176,2,5,8500,327
,s2-step8500-f17of20-d1of4,328,True,1,G01,"[""C1"",""C2"",""C3"",""C4"",""C5""]",,,0.05,20,1,fresh_execution,0.034461152882205526,stage18-scaling-24a9adb84176,2,5,8500,328
,s2-step8500-f17of20-d1of2,329,True,1,G01,"[""C1"",""C2"",""C3"",""C4"",""C5"",""C6""]",,,0.05,20,1,fresh_execution,0.03508771929824561,stage18-scaling-24a9adb84176,2,5,8500,329
,s2-step8500-f17of20-d3of4,330,True,1,G01,"[""C1"",""C2"",""C3"",""C4"",""C5"",""C6""]",,,0.05,20,1,fresh_execution,0.03508771929824561,stage18-scaling-24a9adb84176,2,5,8500,330
,s2-step8500-f9of10-d1of4,331,True,1,G01,"[""C1"",""C2""]",,,0.05,20,1,fresh_execution,0.016312711603570396,stage18-scaling-24a9adb84176,2,5,8500,331
,s2-step8500-f9of10-d1of2,332,True,1,G01,"[""C1"",""C2"",""C3"",""C4"",""C5"",""C6""]",,,0.05,20,1,fresh_execution,0.03785780240073866,stage18-scaling-24a9adb84176,2,5,8500,332
,s2-step8500-f9of10-d3of4,333,True,1,G01,"[""C1"",""C2"",""C3"",""C4"",""C5"",""C6""]",,,0.05,20,1,fresh_execution,0.03785780240073866,stage18-scaling-24a9adb84176,2,5,8500,333
,s2-step8500-f19of20-d1of4,334,True,1,G01,"[""C1"",""C2"",""C3""]",,,0.05,20,1,fresh_execution,0.013392857142857206,stage18-scaling-24a9adb84176,2,5,8500,334
,s2-step8500-f19of20-d1of2,335,True,1,G01,"[""C1"",""C2"",""C3"",""C4"",""C5"",""C6""]",,,0.05,20,1,fresh_execution,0.013392857142857206,stage18-scaling-24a9adb84176,2,5,8500,335
,s2-step8500-f19of20-d3of4,336,True,1,G01,"[""C1"",""C2"",""C3"",""C4"",""C5"",""C6""]",,,0.05,20,1,fresh_execution,0.013392857142857206,stage18-scaling-24a9adb84176,2,5,8500,336
,s2-step8500-f39of40-d1of4,337,True,1,G01,"[""C1"",""C2"",""C3""]",,,0.05,20,1,fresh_execution,0.006771314250538563,stage18-scaling-24a9adb84176,2,5,8500,337
,s2-step8500-f39of40-d1of2,338,True,1,G01,"[""C1"",""C2"",""C3"",""C4"",""C5"",""C6"",""C7""]",,,0.05,20,1,fresh_execution,0.010204081632653073,stage18-scaling-24a9adb84176,2,5,8500,338
,s2-step8500-f39of40-d3of4,339,True,1,G01,"[""C1"",""C2"",""C3"",""C4"",""C5"",""C6"",""C7""]",,,0.05,20,1,fresh_execution,0.010204081632653073,stage18-scaling-24a9adb84176,2,5,8500,339
,s2-step8500-f99of100-d1of4,340,True,1,G01,"[""C1"",""C2"",""C3""]",,,0.05,20,1,fresh_execution,0.0031887755102041337,stage18-scaling-24a9adb84176,2,5,8500,340
,s2-step8500-f99of100-d1of2,341,True,1,G01,"[""C1"",""C2"",""C3"",""C4"",""C5"",""C6"",""C7""]",,,0.05,20,1,fresh_execution,0.00615574022776233,stage18-scaling-24a9adb84176,2,5,8500,341
,s2-step8500-f99of100-d3of4,342,True,1,G01,"[""C1"",""C2"",""C3"",""C4"",""C5"",""C6"",""C7""]",,,0.05,20,1,fresh_execution,0.00615574022776233,stage18-scaling-24a9adb84176,2,5,8500,342
,s2-step8650-f4of5-d1of4,343,True,1,G01,"[""C1"",""C2""]",,,0.05,20,1,fresh_execution,0.018159433671898983,stage18-scaling-24a9adb84176,2,6,8650,343
,s2-step8650-f4of5-d1of2,344,True,1,G01,"[""C1"",""C2"",""C3"",""C4"",""C5"",""C6""]",,,0.05,20,1,fresh_execution,0.03631886734379808,stage18-scaling-24a9adb84176,2,6,8650,344
,s2-step8650-f4of5-d3of4,345,True,1,G01,"[""C1"",""C2"",""C3"",""C4"",""C5"",""C6""]",,,0.05,20,1,fresh_execution,0.03631886734379808,stage18-scaling-24a9adb84176,2,6,8650,345
,s2-step8650-f17of20-d1of4,346,True,1,G01,"[""C1"",""C2"",""C3""]",,,0.05,20,1,fresh_execution,0.03029336734693877,stage18-scaling-24a9adb84176,2,6,8650,346
,s2-step8650-f17of20-d1of2,347,True,1,G01,"[""C1"",""C2"",""C3"",""C4"",""C5"",""C6""]",,,0.05,20,1,fresh_execution,0.03029336734693877,stage18-scaling-24a9adb84176,2,6,8650,347
,s2-step8650-f17of20-d3of4,348,True,1,G01,"[""C1"",""C2"",""C3"",""C4"",""C5"",""C6""]",,,0.05,20,1,fresh_execution,0.03029336734693877,stage18-scaling-24a9adb84176,2,6,8650,348
,s2-step8650-f9of10-d1of4,349,True,1,G01,"[""C1"",""C2"",""C3""]",,,0.05,20,1,fresh_execution,0.021045918367346927,stage18-scaling-24a9adb84176,2,6,8650,349
,s2-step8650-f9of10-d1of2,350,True,1,G01,"[""C1"",""C2"",""C3"",""C4"",""C5"",""C6""]",,,0.05,20,1,fresh_execution,0.04017857142857151,stage18-scaling-24a9adb84176,2,6,8650,350
,s2-step8650-f9of10-d3of4,351,True,1,G01,"[""C1"",""C2"",""C3"",""C4"",""C5"",""C6""]",,,0.05,20,1,fresh_execution,0.04017857142857151,stage18-scaling-24a9adb84176,2,6,8650,351
,s2-step8650-f19of20-d1of4,352,True,1,G01,"[""C1"",""C2"",""C3""]",,,0.05,20,1,fresh_execution,0.02036340852130325,stage18-scaling-24a9adb84176,2,6,8650,352
,s2-step8650-f19of20-d1of2,353,True,1,G01,"[""C1"",""C2"",""C3"",""C4"",""C5"",""C6""]",,,0.05,20,1,fresh_execution,0.02036340852130325,stage18-scaling-24a9adb84176,2,6,8650,353
,s2-step8650-f19of20-d3of4,354,True,1,G01,"[""C1"",""C2"",""C3"",""C4"",""C5"",""C6""]",,,0.05,20,1,fresh_execution,0.02036340852130325,stage18-scaling-24a9adb84176,2,6,8650,354
,s2-step8650-f39of40-d1of4,355,True,1,G01,"[""C1"",""C2"",""C3""]",,,0.05,20,1,fresh_execution,0.01323484148968923,stage18-scaling-24a9adb84176,2,6,8650,355
,s2-step8650-f39of40-d1of2,356,True,1,G01,"[""C1"",""C2"",""C3"",""C4"",""C5"",""C6"",""C7""]",,,0.05,20,1,fresh_execution,0.01323484148968923,stage18-scaling-24a9adb84176,2,6,8650,356
,s2-step8650-f39of40-d3of4,357,True,1,G01,"[""C1"",""C2"",""C3"",""C4"",""C5"",""C6"",""C7""]",,,0.05,20,1,fresh_execution,0.01323484148968923,stage18-scaling-24a9adb84176,2,6,8650,357
,s2-step8650-f99of100-d1of4,358,True,1,G01,"[""C1"",""C2"",""C3""]",,,0.05,20,1,fresh_execution,0.0021545090797168154,stage18-scaling-24a9adb84176,2,6,8650,358
,s2-step8650-f99of100-d1of2,359,True,1,G01,"[""C1"",""C2"",""C3"",""C4"",""C5"",""C6"",""C7""]",,,0.05,20,1,fresh_execution,0.004001231148045514,stage18-scaling-24a9adb84176,2,6,8650,359
,s2-step8650-f99of100-d3of4,360,True,1,G01,"[""C1"",""C2"",""C3"",""C4"",""C5"",""C6"",""C7""]",,,0.05,20,1,fresh_execution,0.004001231148045514,stage18-scaling-24a9adb84176,2,6,8650,360
,s2-step9050-f4of5-d1of4,361,True,1,G01,"[""C1"",""C2"",""C3""]",,,0.05,20,1,fresh_execution,0.033856571252693146,stage18-scaling-24a9adb84176,2,7,9050,361
,s2-step9050-f4of5-d1of2,362,True,1,G01,"[""C1"",""C2"",""C3"",""C4"",""C5"",""C6""]",,,0.05,20,1,fresh_execution,0.043705755617112985,stage18-scaling-24a9adb84176,2,7,9050,362
,s2-step9050-f4of5-d3of4,363,True,1,G01,"[""C1"",""C2"",""C3"",""C4"",""C5"",""C6""]",,,0.05,20,1,fresh_execution,0.043705755617112985,stage18-scaling-24a9adb84176,2,7,9050,363
,s2-step9050-f17of20-d1of4,364,True,1,G01,"[""C1"",""C2"",""C3"",""C4""]",,,0.05,20,1,fresh_execution,0.02831640504770705,stage18-scaling-24a9adb84176,2,7,9050,364
,s2-step9050-f17of20-d1of2,365,True,1,G01,"[""C1"",""C2"",""C3"",""C4"",""C5"",""C6""]",,,0.05,20,1,fresh_execution,0.03601108033240996,stage18-scaling-24a9adb84176,2,7,9050,365
,s2-step9050-f17of20-d3of4,366,True,1,G01,"[""C1"",""C2"",""C3"",""C4"",""C5"",""C6""]",,,0.05,20,1,fresh_execution,0.03601108033240996,stage18-scaling-24a9adb84176,2,7,9050,366
,s2-step9050-f9of10-d1of4,367,True,1,G01,"[""C1"",""C2"",""C3""]",,,0.05,20,1,fresh_execution,0.01415820252385347,stage18-scaling-24a9adb84176,2,7,9050,367
,s2-step9050-f9of10-d1of2,368,True,1,G01,"[""C1"",""C2"",""C3"",""C4"",""C5"",""C6""]",,,0.05,20,1,fresh_execution,0.0184672206832871,stage18-scaling-24a9adb84176,2,7,9050,368
,s2-step9050-f9of10-d3of4,369,True,1,G01,"[""C1"",""C2"",""C3"",""C4"",""C5"",""C6""]",,,0.05,20,1,fresh_execution,0.0184672206832871,stage18-scaling-24a9adb84176,2,7,9050,369
,s2-step9050-f19of20-d1of4,370,True,1,G01,"[""C1"",""C2"",""C3"",""C4"",""C5""]",,,0.05,20,1,fresh_execution,0.016928285626346518,stage18-scaling-24a9adb84176,2,7,9050,370
,s2-step9050-f19of20-d1of2,371,True,1,G01,"[""C1"",""C2"",""C3"",""C4"",""C5"",""C6""]",,,0.05,20,1,fresh_execution,0.016928285626346518,stage18-scaling-24a9adb84176,2,7,9050,371
,s2-step9050-f19of20-d3of4,372,True,1,G01,"[""C1"",""C2"",""C3"",""C4"",""C5"",""C6""]",,,0.05,20,1,fresh_execution,0.016928285626346518,stage18-scaling-24a9adb84176,2,7,9050,372
,s2-step9050-f39of40-d1of4,373,True,1,G01,"[""C1"",""C2"",""C3"",""C4"",""C5"",""C6"",""C7""]",,,0.05,20,1,fresh_execution,0.016004924592182168,stage18-scaling-24a9adb84176,2,7,9050,373
,s2-step9050-f39of40-d1of2,374,True,1,G01,"[""C1"",""C2"",""C3"",""C4"",""C5"",""C6"",""C7""]",,,0.05,20,1,fresh_execution,0.016004924592182168,stage18-scaling-24a9adb84176,2,7,9050,374
,s2-step9050-f39of40-d3of4,375,True,1,G01,"[""C1"",""C2"",""C3"",""C4"",""C5"",""C6"",""C7""]",,,0.05,20,1,fresh_execution,0.016004924592182168,stage18-scaling-24a9adb84176,2,7,9050,375
,s2-step9050-f99of100-d1of4,376,True,1,G01,"[""C1"",""C2"",""C3"",""C4"",""C5"",""C6""]",,,0.05,20,1,fresh_execution,0.007653061224489721,stage18-scaling-24a9adb84176,2,7,9050,376
,s2-step9050-f99of100-d1of2,377,True,1,G01,"[""C1"",""C2"",""C3"",""C4"",""C5"",""C6"",""C7""]",,,0.05,20,1,fresh_execution,0.007653061224489721,stage18-scaling-24a9adb84176,2,7,9050,377
,s2-step9050-f99of100-d3of4,378,True,1,G01,"[""C1"",""C2"",""C3"",""C4"",""C5"",""C6"",""C7""]",,,0.05,20,1,fresh_execution,0.007653061224489721,stage18-scaling-24a9adb84176,2,7,9050,378
,s3-step9050-f4of5-d1of4,487,True,1,G01,"[""C1"",""C2""]",,,0.05,20,1,fresh_execution,0.013711734693877542,stage18-scaling-24a9adb84176,3,7,9050,487
,s3-step9050-f4of5-d1of2,488,True,1,G01,"[""C1"",""C2"",""C3"",""C4"",""C5"",""C6""]",,,0.05,20,1,fresh_execution,0.01817602040816324,stage18-scaling-24a9adb84176,3,7,9050,488
,s3-step9050-f4of5-d3of4,489,True,1,G01,"[""C1"",""C2"",""C3"",""C4"",""C5"",""C6""]",,,0.05,20,1,fresh_execution,0.01817602040816324,stage18-scaling-24a9adb84176,3,7,9050,489
,s4-step7450-f4of5-d1of4,541,True,1,G01,"[""C1"",""C2"",""C3"",""C4"",""C5""]",,,0.05,20,1,fresh_execution,0.02327806122448972,stage18-scaling-24a9adb84176,4,3,7450,541
,s4-step7450-f4of5-d1of2,542,True,1,G01,"[""C1"",""C2"",""C3"",""C4"",""C5"",""C6""]",,,0.05,20,1,fresh_execution,0.02327806122448972,stage18-scaling-24a9adb84176,4,3,7450,542
,s4-step7450-f4of5-d3of4,543,True,1,G01,"[""C1"",""C2"",""C3"",""C4"",""C5"",""C6""]",,,0.05,20,1,fresh_execution,0.02327806122448972,stage18-scaling-24a9adb84176,4,3,7450,543
,s4-step7450-f17of20-d1of4,544,True,1,G01,"[""C1"",""C2"",""C3"",""C4""]",,,0.05,20,1,fresh_execution,0.02519132653061229,stage18-scaling-24a9adb84176,4,3,7450,544
,s4-step7450-f17of20-d1of2,545,True,1,G01,"[""C1"",""C2"",""C3"",""C4"",""C5"",""C6""]",,,0.05,20,1,fresh_execution,0.02519132653061229,stage18-scaling-24a9adb84176,4,3,7450,545
,s4-step7450-f17of20-d3of4,546,True,1,G01,"[""C1"",""C2"",""C3"",""C4"",""C5"",""C6""]",,,0.05,20,1,fresh_execution,0.02519132653061229,stage18-scaling-24a9adb84176,4,3,7450,546
,s4-step7450-f9of10-d1of4,547,True,1,G01,"[""C1"",""C2"",""C3""]",,,0.05,20,1,fresh_execution,0.01817602040816335,stage18-scaling-24a9adb84176,4,3,7450,547
,s4-step7450-f9of10-d1of2,548,True,1,G01,"[""C1"",""C2"",""C3"",""C4"",""C5"",""C6""]",,,0.05,20,1,fresh_execution,0.020727040816326592,stage18-scaling-24a9adb84176,4,3,7450,548
,s4-step7450-f9of10-d3of4,549,True,1,G01,"[""C1"",""C2"",""C3"",""C4"",""C5"",""C6""]",,,0.05,20,1,fresh_execution,0.020727040816326592,stage18-scaling-24a9adb84176,4,3,7450,549
,s4-step7450-f19of20-d1of4,550,True,1,G01,"[""C1"",""C2"",""C3"",""C4"",""C5""]",,,0.05,20,1,fresh_execution,0.01231148045552477,stage18-scaling-24a9adb84176,4,3,7450,550
,s4-step7450-f19of20-d1of2,551,True,1,G01,"[""C1"",""C2"",""C3"",""C4"",""C5"",""C6""]",,,0.05,20,1,fresh_execution,0.01231148045552477,stage18-scaling-24a9adb84176,4,3,7450,551
,s4-step7450-f19of20-d3of4,552,True,1,G01,"[""C1"",""C2"",""C3"",""C4"",""C5"",""C6""]",,,0.05,20,1,fresh_execution,0.01231148045552477,stage18-scaling-24a9adb84176,4,3,7450,552
,s4-step7450-f39of40-d1of4,553,True,1,G01,"[""C1"",""C2"",""C3"",""C4"",""C5""]",,,0.05,20,1,fresh_execution,0.015943877551020336,stage18-scaling-24a9adb84176,4,3,7450,553
,s4-step7450-f39of40-d1of2,554,True,1,G01,"[""C1"",""C2"",""C3"",""C4"",""C5"",""C6"",""C7""]",,,0.05,20,1,fresh_execution,0.015943877551020336,stage18-scaling-24a9adb84176,4,3,7450,554
,s4-step7450-f39of40-d3of4,555,True,1,G01,"[""C1"",""C2"",""C3"",""C4"",""C5"",""C6"",""C7""]",,,0.05,20,1,fresh_execution,0.015943877551020336,stage18-scaling-24a9adb84176,4,3,7450,555
,s4-step7450-f99of100-d1of4,556,True,1,G01,"[""C1"",""C2"",""C3"",""C4""]",,,0.05,20,1,fresh_execution,0.004616805170821858,stage18-scaling-24a9adb84176,4,3,7450,556
,s4-step7450-f99of100-d1of2,557,True,1,G01,"[""C1"",""C2"",""C3"",""C4"",""C5"",""C6"",""C7""]",,,0.05,20,1,fresh_execution,0.005102040816326481,stage18-scaling-24a9adb84176,4,3,7450,557
,s4-step7450-f99of100-d3of4,558,True,1,G01,"[""C1"",""C2"",""C3"",""C4"",""C5"",""C6"",""C7""]",,,0.05,20,1,fresh_execution,0.005102040816326481,stage18-scaling-24a9adb84176,4,3,7450,558
,s4-step8150-f4of5-d1of4,559,True,1,G01,"[""C1"",""C2"",""C3"",""C4""]",,,0.05,20,1,fresh_execution,0.03602756892230574,stage18-scaling-24a9adb84176,4,4,8150,559
0.01913265306122447,s4-step8150-f4of5-d1of2,560,True,2,G01,"[""C1"",""C5"",""C6""]",,,0.05,20,1,fresh_execution,0.03443877551020402,stage18-scaling-24a9adb84176,4,4,8150,560
0.01913265306122447,s4-step8150-f4of5-d1of2,560,True,2,G02,"[""C2"",""C3"",""C4""]",,,0.05,20,1,fresh_execution,0.028008618036318822,stage18-scaling-24a9adb84176,4,4,8150,560
0.01913265306122447,s4-step8150-f4of5-d3of4,561,True,2,G01,"[""C1"",""C5"",""C6""]",,,0.05,20,1,fresh_execution,0.03443877551020402,stage18-scaling-24a9adb84176,4,4,8150,561
0.01913265306122447,s4-step8150-f4of5-d3of4,561,True,2,G02,"[""C2"",""C3"",""C4""]",,,0.05,20,1,fresh_execution,0.028008618036318822,stage18-scaling-24a9adb84176,4,4,8150,561
,s4-step8150-f17of20-d1of4,562,True,1,G01,"[""C1"",""C2"",""C3""]",,,0.05,20,1,fresh_execution,0.020408163265306145,stage18-scaling-24a9adb84176,4,4,8150,562
,s4-step8150-f17of20-d1of2,563,True,1,G01,"[""C1"",""C2"",""C3"",""C4"",""C5"",""C6""]",,,0.05,20,1,fresh_execution,0.020408163265306145,stage18-scaling-24a9adb84176,4,4,8150,563
,s4-step8150-f17of20-d3of4,564,True,1,G01,"[""C1"",""C2"",""C3"",""C4"",""C5"",""C6""]",,,0.05,20,1,fresh_execution,0.020408163265306145,stage18-scaling-24a9adb84176,4,4,8150,564
,s4-step8150-f9of10-d1of4,565,True,1,G01,"[""C1"",""C2"",""C3""]",,,0.05,20,1,fresh_execution,0.018170426065162948,stage18-scaling-24a9adb84176,4,4,8150,565
,s4-step8150-f9of10-d1of2,566,True,1,G01,"[""C1"",""C2"",""C3"",""C4"",""C5"",""C6""]",,,0.05,20,1,fresh_execution,0.025854108956602007,stage18-scaling-24a9adb84176,4,4,8150,566
,s4-step8150-f9of10-d3of4,567,True,1,G01,"[""C1"",""C2"",""C3"",""C4"",""C5"",""C6""]",,,0.05,20,1,fresh_execution,0.025854108956602007,stage18-scaling-24a9adb84176,4,4,8150,567
,s4-step8150-f19of20-d1of4,568,True,1,G01,"[""C1"",""C2"",""C3"",""C4""]",,,0.05,20,1,fresh_execution,0.010204081632653073,stage18-scaling-24a9adb84176,4,4,8150,568
,s4-step8150-f19of20-d1of2,569,True,1,G01,"[""C1"",""C2"",""C3"",""C4"",""C5"",""C6""]",,,0.05,20,1,fresh_execution,0.01658163265306123,stage18-scaling-24a9adb84176,4,4,8150,569
,s4-step8150-f19of20-d3of4,570,True,1,G01,"[""C1"",""C2"",""C3"",""C4"",""C5"",""C6""]",,,0.05,20,1,fresh_execution,0.01658163265306123,stage18-scaling-24a9adb84176,4,4,8150,570
,s4-step8150-f39of40-d1of4,571,True,1,G01,"[""C1"",""C2"",""C3""]",,,0.05,20,1,fresh_execution,0.004309018159433631,stage18-scaling-24a9adb84176,4,4,8150,571
,s4-step8150-f39of40-d1of2,572,True,1,G01,"[""C1"",""C2"",""C3"",""C4"",""C5"",""C6""]",,,0.05,20,1,fresh_execution,0.005325814536340845,stage18-scaling-24a9adb84176,4,4,8150,572
,s4-step8150-f39of40-d3of4,573,True,1,G01,"[""C1"",""C2"",""C3"",""C4"",""C5"",""C6""]",,,0.05,20,1,fresh_execution,0.005325814536340845,stage18-scaling-24a9adb84176,4,4,8150,573
,s4-step8150-f99of100-d1of4,574,True,1,G01,"[""C1"",""C2"",""C3"",""C4""]",,,0.05,20,1,fresh_execution,0.006155740227762441,stage18-scaling-24a9adb84176,4,4,8150,574
,s4-step8150-f99of100-d1of2,575,True,1,G01,"[""C1"",""C2"",""C3"",""C4"",""C5"",""C6"",""C7""]",,,0.05,20,1,fresh_execution,0.006155740227762441,stage18-scaling-24a9adb84176,4,4,8150,575
,s4-step8150-f99of100-d3of4,576,True,1,G01,"[""C1"",""C2"",""C3"",""C4"",""C5"",""C6"",""C7""]",,,0.05,20,1,fresh_execution,0.006155740227762441,stage18-scaling-24a9adb84176,4,4,8150,576
,s4-step8500-f4of5-d1of4,577,True,1,G01,"[""C1"",""C2"",""C3"",""C4""]",,,0.05,20,1,fresh_execution,0.026777469990766356,stage18-scaling-24a9adb84176,4,5,8500,577
,s4-step8500-f4of5-d1of2,578,True,1,G01,"[""C1"",""C2"",""C3"",""C4"",""C5"",""C6""]",,,0.05,20,1,fresh_execution,0.026777469990766356,stage18-scaling-24a9adb84176,4,5,8500,578
,s4-step8500-f4of5-d3of4,579,True,1,G01,"[""C1"",""C2"",""C3"",""C4"",""C5"",""C6""]",,,0.05,20,1,fresh_execution,0.026777469990766356,stage18-scaling-24a9adb84176,4,5,8500,579
,s4-step8500-f17of20-d1of4,580,True,1,G01,"[""C1"",""C2"",""C3""]",,,0.05,20,1,fresh_execution,0.02614795918367352,stage18-scaling-24a9adb84176,4,5,8500,580
,s4-step8500-f17of20-d1of2,581,True,1,G01,"[""C1"",""C2"",""C3"",""C4"",""C5"",""C6""]",,,0.05,20,1,fresh_execution,0.028380102040816424,stage18-scaling-24a9adb84176,4,5,8500,581
,s4-step8500-f17of20-d3of4,582,True,1,G01,"[""C1"",""C2"",""C3"",""C4"",""C5"",""C6""]",,,0.05,20,1,fresh_execution,0.028380102040816424,stage18-scaling-24a9adb84176,4,5,8500,582
,s4-step8500-f9of10-d1of4,583,True,1,G01,"[""C1"",""C2"",""C3"",""C4"",""C5""]",,,0.05,20,1,fresh_execution,0.02519132653061218,stage18-scaling-24a9adb84176,4,5,8500,583
,s4-step8500-f9of10-d1of2,584,True,1,G01,"[""C1"",""C2"",""C3"",""C4"",""C5"",""C6""]",,,0.05,20,1,fresh_execution,0.026466836734693855,stage18-scaling-24a9adb84176,4,5,8500,584
,s4-step8500-f9of10-d3of4,585,True,1,G01,"[""C1"",""C2"",""C3"",""C4"",""C5"",""C6""]",,,0.05,20,1,fresh_execution,0.026466836734693855,stage18-scaling-24a9adb84176,4,5,8500,585
,s4-step8500-f19of20-d1of4,586,True,1,G01,"[""C1"",""C2"",""C3""]",,,0.05,20,1,fresh_execution,0.008928571428571397,stage18-scaling-24a9adb84176,4,5,8500,586
,s4-step8500-f19of20-d1of2,587,True,1,G01,"[""C1"",""C2"",""C3"",""C4"",""C5"",""C6""]",,,0.05,20,1,fresh_execution,0.015081563558017819,stage18-scaling-24a9adb84176,4,5,8500,587
,s4-step8500-f19of20-d3of4,588,True,1,G01,"[""C1"",""C2"",""C3"",""C4"",""C5"",""C6""]",,,0.05,20,1,fresh_execution,0.015081563558017819,stage18-scaling-24a9adb84176,4,5,8500,588
,s4-step8500-f39of40-d1of4,589,True,1,G01,"[""C1"",""C2"",""C3""]",,,0.05,20,1,fresh_execution,0.009233610341643494,stage18-scaling-24a9adb84176,4,5,8500,589
,s4-step8500-f39of40-d1of2,590,True,1,G01,"[""C1"",""C2"",""C3"",""C4"",""C5"",""C6""]",,,0.05,20,1,fresh_execution,0.009233610341643494,stage18-scaling-24a9adb84176,4,5,8500,590
,s4-step8500-f39of40-d3of4,591,True,1,G01,"[""C1"",""C2"",""C3"",""C4"",""C5"",""C6""]",,,0.05,20,1,fresh_execution,0.009233610341643494,stage18-scaling-24a9adb84176,4,5,8500,591
,s4-step8500-f99of100-d1of4,592,True,1,G01,"[""C1"",""C2"",""C3"",""C4""]",,,0.05,20,1,fresh_execution,0.0063775510204082675,stage18-scaling-24a9adb84176,4,5,8500,592
,s4-step8500-f99of100-d1of2,593,True,1,G01,"[""C1"",""C2"",""C3"",""C4"",""C5"",""C6""]",,,0.05,20,1,fresh_execution,0.006696428571428603,stage18-scaling-24a9adb84176,4,5,8500,593
,s4-step8500-f99of100-d3of4,594,True,1,G01,"[""C1"",""C2"",""C3"",""C4"",""C5"",""C6""]",,,0.05,20,1,fresh_execution,0.006696428571428603,stage18-scaling-24a9adb84176,4,5,8500,594
,s4-step8650-f4of5-d1of4,595,True,1,G01,"[""C1"",""C2"",""C3"",""C4"",""C5""]",,,0.05,20,1,fresh_execution,0.036626654355186306,stage18-scaling-24a9adb84176,4,6,8650,595
,s4-step8650-f4of5-d1of2,596,True,1,G01,"[""C1"",""C2"",""C3"",""C4"",""C5"",""C6""]",,,0.05,20,1,fresh_execution,0.036626654355186306,stage18-scaling-24a9adb84176,4,6,8650,596
,s4-step8650-f4of5-d3of4,597,True,1,G01,"[""C1"",""C2"",""C3"",""C4"",""C5"",""C6""]",,,0.05,20,1,fresh_execution,0.036626654355186306,stage18-scaling-24a9adb84176,4,6,8650,597
,s4-step8650-f17of20-d1of4,598,True,1,G01,"[""C1"",""C2"",""C3"",""C4""]",,,0.05,20,1,fresh_execution,0.028008618036318822,stage18-scaling-24a9adb84176,4,6,8650,598
,s4-step8650-f17of20-d1of2,599,True,1,G01,"[""C1"",""C2"",""C3"",""C4"",""C5"",""C6""]",,,0.05,20,1,fresh_execution,0.028008618036318822,stage18-scaling-24a9adb84176,4,6,8650,599
,s4-step8650-f17of20-d3of4,600,True,1,G01,"[""C1"",""C2"",""C3"",""C4"",""C5"",""C6""]",,,0.05,20,1,fresh_execution,0.028008618036318822,stage18-scaling-24a9adb84176,4,6,8650,600
,s4-step8650-f9of10-d1of4,601,True,1,G01,"[""C1"",""C2"",""C3""]",,,0.05,20,1,fresh_execution,0.03539540816326536,stage18-scaling-24a9adb84176,4,6,8650,601
,s4-step8650-f9of10-d1of2,602,True,1,G01,"[""C1"",""C2"",""C3"",""C4"",""C5"",""C6""]",,,0.05,20,1,fresh_execution,0.03539540816326536,stage18-scaling-24a9adb84176,4,6,8650,602
,s4-step8650-f9of10-d3of4,603,True,1,G01,"[""C1"",""C2"",""C3"",""C4"",""C5"",""C6""]",,,0.05,20,1,fresh_execution,0.03539540816326536,stage18-scaling-24a9adb84176,4,6,8650,603
,s4-step8650-f19of20-d1of4,604,True,1,G01,"[""C1"",""C2"",""C3"",""C4"",""C5"",""C6""]",,,0.05,20,1,fresh_execution,0.00971177944862156,stage18-scaling-24a9adb84176,4,6,8650,604
,s4-step8650-f19of20-d1of2,605,True,1,G01,"[""C1"",""C2"",""C3"",""C4"",""C5"",""C6""]",,,0.05,20,1,fresh_execution,0.00971177944862156,stage18-scaling-24a9adb84176,4,6,8650,605
,s4-step8650-f19of20-d3of4,606,True,1,G01,"[""C1"",""C2"",""C3"",""C4"",""C5"",""C6""]",,,0.05,20,1,fresh_execution,0.00971177944862156,stage18-scaling-24a9adb84176,4,6,8650,606
,s4-step8650-f39of40-d1of4,607,True,1,G01,"[""C1"",""C2"",""C3"",""C4""]",,,0.05,20,1,fresh_execution,0.01065162907268169,stage18-scaling-24a9adb84176,4,6,8650,607
,s4-step8650-f39of40-d1of2,608,True,1,G01,"[""C1"",""C2"",""C3"",""C4"",""C5"",""C6""]",,,0.05,20,1,fresh_execution,0.01065162907268169,stage18-scaling-24a9adb84176,4,6,8650,608
,s4-step8650-f39of40-d3of4,609,True,1,G01,"[""C1"",""C2"",""C3"",""C4"",""C5"",""C6""]",,,0.05,20,1,fresh_execution,0.01065162907268169,stage18-scaling-24a9adb84176,4,6,8650,609
,s4-step8650-f99of100-d1of4,610,True,1,G01,"[""C1"",""C2"",""C3"",""C4"",""C5""]",,,0.05,20,1,fresh_execution,0.009885204081632626,stage18-scaling-24a9adb84176,4,6,8650,610
,s4-step8650-f99of100-d1of2,611,True,1,G01,"[""C1"",""C2"",""C3"",""C4"",""C5"",""C6""]",,,0.05,20,1,fresh_execution,0.009885204081632626,stage18-scaling-24a9adb84176,4,6,8650,611
,s4-step8650-f99of100-d3of4,612,True,1,G01,"[""C1"",""C2"",""C3"",""C4"",""C5"",""C6""]",,,0.05,20,1,fresh_execution,0.009885204081632626,stage18-scaling-24a9adb84176,4,6,8650,612
,s4-step9050-f4of5-d1of4,613,True,1,G01,"[""C1"",""C2"",""C3""]",,,0.05,20,1,fresh_execution,0.028008618036318822,stage18-scaling-24a9adb84176,4,7,9050,613
,s4-step9050-f4of5-d1of2,614,True,1,G01,"[""C1"",""C2"",""C3"",""C4"",""C5"",""C6""]",,,0.05,20,1,fresh_execution,0.03601108033240996,stage18-scaling-24a9adb84176,4,7,9050,614
,s4-step9050-f4of5-d3of4,615,True,1,G01,"[""C1"",""C2"",""C3"",""C4"",""C5"",""C6""]",,,0.05,20,1,fresh_execution,0.03601108033240996,stage18-scaling-24a9adb84176,4,7,9050,615
,s4-step9050-f17of20-d1of4,616,True,1,G01,"[""C1"",""C2"",""C3""]",,,0.05,20,1,fresh_execution,0.010156971375807955,stage18-scaling-24a9adb84176,4,7,9050,616
,s4-step9050-f17of20-d1of2,617,True,1,G01,"[""C1"",""C2"",""C3"",""C4"",""C5"",""C6""]",,,0.05,20,1,fresh_execution,0.03539540816326536,stage18-scaling-24a9adb84176,4,7,9050,617
,s4-step9050-f17of20-d3of4,618,True,1,G01,"[""C1"",""C2"",""C3"",""C4"",""C5"",""C6""]",,,0.05,20,1,fresh_execution,0.03539540816326536,stage18-scaling-24a9adb84176,4,7,9050,618
,s4-step9050-f9of10-d1of4,619,True,1,G01,"[""C1"",""C2"",""C3"",""C4"",""C5""]",,,0.05,20,1,fresh_execution,0.026161895967990123,stage18-scaling-24a9adb84176,4,7,9050,619
,s4-step9050-f9of10-d1of2,620,True,1,G01,"[""C1"",""C2"",""C3"",""C4"",""C5"",""C6""]",,,0.05,20,1,fresh_execution,0.026161895967990123,stage18-scaling-24a9adb84176,4,7,9050,620
,s4-step9050-f9of10-d3of4,621,True,1,G01,"[""C1"",""C2"",""C3"",""C4"",""C5"",""C6""]",,,0.05,20,1,fresh_execution,0.026161895967990123,stage18-scaling-24a9adb84176,4,7,9050,621
,s4-step9050-f19of20-d1of4,622,True,1,G01,"[""C1"",""C2"",""C3"",""C4"",""C5"",""C6""]",,,0.05,20,1,fresh_execution,0.020727040816326592,stage18-scaling-24a9adb84176,4,7,9050,622
,s4-step9050-f19of20-d1of2,623,True,1,G01,"[""C1"",""C2"",""C3"",""C4"",""C5"",""C6""]",,,0.05,20,1,fresh_execution,0.020727040816326592,stage18-scaling-24a9adb84176,4,7,9050,623
,s4-step9050-f19of20-d3of4,624,True,1,G01,"[""C1"",""C2"",""C3"",""C4"",""C5"",""C6""]",,,0.05,20,1,fresh_execution,0.020727040816326592,stage18-scaling-24a9adb84176,4,7,9050,624
,s4-step9050-f39of40-d1of4,625,True,1,G01,"[""C1"",""C2"",""C3"",""C4"",""C5"",""C6""]",,,0.05,20,1,fresh_execution,0.00783208020050119,stage18-scaling-24a9adb84176,4,7,9050,625
,s4-step9050-f39of40-d1of2,626,True,1,G01,"[""C1"",""C2"",""C3"",""C4"",""C5"",""C6""]",,,0.05,20,1,fresh_execution,0.00783208020050119,stage18-scaling-24a9adb84176,4,7,9050,626
,s4-step9050-f39of40-d3of4,627,True,1,G01,"[""C1"",""C2"",""C3"",""C4"",""C5"",""C6""]",,,0.05,20,1,fresh_execution,0.00783208020050119,stage18-scaling-24a9adb84176,4,7,9050,627
,s4-step9050-f99of100-d1of4,628,True,1,G01,"[""C1"",""C2"",""C3"",""C4"",""C5"",""C6"",""C7""]",,,0.05,20,1,fresh_execution,0.003826530612244916,stage18-scaling-24a9adb84176,4,7,9050,628
,s4-step9050-f99of100-d1of2,629,True,1,G01,"[""C1"",""C2"",""C3"",""C4"",""C5"",""C6"",""C7""]",,,0.05,20,1,fresh_execution,0.003826530612244916,stage18-scaling-24a9adb84176,4,7,9050,629
,s4-step9050-f99of100-d3of4,630,True,1,G01,"[""C1"",""C2"",""C3"",""C4"",""C5"",""C6"",""C7""]",,,0.05,20,1,fresh_execution,0.003826530612244916,stage18-scaling-24a9adb84176,4,7,9050,630
