stage18_run_id,comparison_id,matching_method,model_seed,left_checkpoint_step,right_checkpoint_step,left_cell_id,right_cell_id,left_family_size,right_family_size,left_family_right_censored,right_family_right_censored,matching_tolerance,matched_count,unmatched_left_count,unmatched_right_count,total_absolute_match_difference,comparison_status,left_matched_median_fidelity,right_matched_median_fidelity,fidelity_change_right_minus_left,left_matched_median_retained_components,right_matched_median_retained_components,retained_component_change_right_minus_left,left_matched_median_pairwise_overlap,right_matched_median_pairwise_overlap,left_matched_structural_diversity,right_matched_structural_diversity,structural_diversity_change_right_minus_left
stage18-scaling-24a9adb84176,s0-step200-to-step3400,matched_sparsity,0,200,3400,s0-step200-f99of100-d1of2,s0-step3400-f99of100-d1of2,0,0,False,False,5,0,0,0,0,both_families_empty,,,,,,,,,,,
stage18-scaling-24a9adb84176,s0-step200-to-step7450,matched_sparsity,0,200,7450,s0-step200-f99of100-d1of2,s0-step7450-f99of100-d1of2,0,7,False,False,5,0,0,7,0,left_family_empty,,,,,,,,,,,
stage18-scaling-24a9adb84176,s0-step200-to-step8150,matched_sparsity,0,200,8150,s0-step200-f99of100-d1of2,s0-step8150-f99of100-d1of2,0,7,False,False,5,0,0,7,0,left_family_empty,,,,,,,,,,,
stage18-scaling-24a9adb84176,s0-step200-to-step8500,matched_sparsity,0,200,8500,s0-step200-f99of100-d1of2,s0-step8500-f99of100-d1of2,0,7,False,False,5,0,0,7,0,left_family_empty,,,,,,,,,,,
stage18-scaling-24a9adb84176,s0-step200-to-step8650,matched_sparsity,0,200,8650,s0-step200-f99of100-d1of2,s0-step8650-f99of100-d1of2,0,6,False,False,5,0,0,6,0,left_family_empty,,,,,,,,,,,
stage18-scaling-24a9adb84176,s0-step200-to-step9050,matched_sparsity,0,200,9050,s0-step200-f99of100-d1of2,s0-step9050-f99of100-d1of2,0,6,False,False,5,0,0,6,0,left_family_empty,,,,,,,,,,,
stage18-scaling-24a9adb84176,s0-step3400-to-step7450,matched_sparsity,0,3400,7450,s0-step3400-f99of100-d1of2,s0-step7450-f99of100-d1of2,0,7,False,False,5,0,0,7,0,left_family_empty,,,,,,,,,,,
stage18-scaling-24a9adb84176,s0-step3400-to-step8150,matched_sparsity,0,3400,8150,s0-step3400-f99of100-d1of2,s0-step8150-f99of100-d1of2,0,7,False,False,5,0,0,7,0,left_family_empty,,,,,,,,,,,
stage18-scaling-24a9adb84176,s0-step3400-to-step8500,matched_sparsity,0,3400,8500,s0-step3400-f99of100-d1of2,s0-step8500-f99of100-d1of2,0,7,False,False,5,0,0,7,0,left_family_empty,,,,,,,,,,,
stage18-scaling-24a9adb84176,s0-step3400-to-step8650,matched_sparsity,0,3400,8650,s0-step3400-f99of100-d1of2,s0-step8650-f99of100-d1of2,0,6,False,False,5,0,0,6,0,left_family_empty,,,,,,,,,,,
stage18-scaling-24a9adb84176,s0-step3400-to-step9050,matched_sparsity,0,3400,9050,s0-step3400-f99of100-d1of2,s0-step9050-f99of100-d1of2,0,6,False,False,5,0,0,6,0,left_family_empty,,,,,,,,,,,
stage18-scaling-24a9adb84176,s0-step7450-to-step8150,matched_sparsity,0,7450,8150,s0-step7450-f99of100-d1of2,s0-step8150-f99of100-d1of2,7,7,False,False,5,7,0,0,22,matched,0.9903672957945023,0.9903672957945023,0E-16,81,86,5,0.17266187050359713,0.15333333333333332,0.82733812949640287,0.84666666666666668,0.01932853717026381
stage18-scaling-24a9adb84176,s0-step7450-to-step8500,matched_sparsity,0,7450,8500,s0-step7450-f99of100-d1of2,s0-step8500-f99of100-d1of2,7,7,False,False,5,6,1,1,22,matched,0.99028898112616495,0.99040645312867095,0.00011747200250600,80.5,76,-4.5,0.1773049645390071,0.14492753623188406,0.8226950354609929,0.85507246376811594,0.03237742830712304
stage18-scaling-24a9adb84176,s0-step7450-to-step8650,matched_sparsity,0,7450,8650,s0-step7450-f99of100-d1of2,s0-step8650-f99of100-d1of2,7,6,False,False,5,4,3,2,15,matched,0.99028898112616495,0.9902889811261649,-5E-17,80,75.5,-4.5,0.221833024548402035,0.150094696969696975,0.778166975451597965,0.849905303030303025,0.071738327578705060
stage18-scaling-24a9adb84176,s0-step7450-to-step9050,matched_sparsity,0,7450,9050,s0-step7450-f99of100-d1of2,s0-step9050-f99of100-d1of2,7,6,False,False,5,2,5,4,5,matched,0.99028898112616495,0.9907588691361892,0.00046988801002425,80,78.5,-1.5,0.1678832116788321,0.1984732824427481,0.8321167883211679,0.8015267175572519,-0.0305900707639160
stage18-scaling-24a9adb84176,s0-step8150-to-step8500,matched_sparsity,0,8150,8500,s0-step8150-f99of100-d1of2,s0-step8500-f99of100-d1of2,7,7,False,False,5,3,4,4,8,matched,0.9903672957945023,0.990523925131177,0.0001566293366747,82,79,-3,0.16083916083916083,0.11510791366906475,0.83916083916083917,0.88489208633093525,0.04573124717009608
stage18-scaling-24a9adb84176,s0-step8150-to-step8650,matched_sparsity,0,8150,8650,s0-step8150-f99of100-d1of2,s0-step8650-f99of100-d1of2,7,6,False,False,5,2,5,4,6,matched,0.99044561046283965,0.99021066645782755,-0.00023494400501210,80.5,77.5,-3.0,0.11805555555555555,0.12318840579710146,0.88194444444444445,0.87681159420289854,-0.00513285024154591
stage18-scaling-24a9adb84176,s0-step8150-to-step9050,matched_sparsity,0,8150,9050,s0-step8150-f99of100-d1of2,s0-step9050-f99of100-d1of2,7,6,False,False,5,1,6,5,0,matched,0.9903672957945023,0.9913070718145509,0.0009397760200486,84,84,0,,,,,
stage18-scaling-24a9adb84176,s0-step8500-to-step8650,matched_sparsity,0,8500,8650,s0-step8500-f99of100-d1of2,s0-step8650-f99of100-d1of2,7,6,False,False,5,6,1,0,13,matched,0.9903281384603336,0.9905239251311771,0.0001957866708435,76,74,-2,0.17829457364341086,0.14960629921259844,0.82170542635658914,0.85039370078740156,0.02868827443081242
stage18-scaling-24a9adb84176,s0-step8500-to-step9050,matched_sparsity,0,8500,9050,s0-step8500-f99of100-d1of2,s0-step9050-f99of100-d1of2,7,6,False,False,5,4,3,2,13,matched,0.99056308246534575,0.9908763411386953,0.00031325867334955,75.5,72.5,-3.0,0.132417374371179745,0.154830224772835965,0.867582625628820255,0.845169775227164035,-0.022412850401656220
stage18-scaling-24a9adb84176,s0-step8650-to-step9050,matched_sparsity,0,8650,9050,s0-step8650-f99of100-d1of2,s0-step9050-f99of100-d1of2,6,6,False,False,5,6,0,0,22,matched,0.9905239251311771,0.9909154984728640,0.0003915733416869,74,71,-3,0.14960629921259844,0.1565217391304348,0.85039370078740156,0.8434782608695652,-0.00691543991783636
stage18-scaling-24a9adb84176,s1-step200-to-step3400,matched_sparsity,1,200,3400,s1-step200-f99of100-d1of2,s1-step3400-f99of100-d1of2,0,0,False,False,5,0,0,0,0,both_families_empty,,,,,,,,,,,
stage18-scaling-24a9adb84176,s1-step200-to-step7450,matched_sparsity,1,200,7450,s1-step200-f99of100-d1of2,s1-step7450-f99of100-d1of2,0,0,False,False,5,0,0,0,0,both_families_empty,,,,,,,,,,,
stage18-scaling-24a9adb84176,s1-step200-to-step8150,matched_sparsity,1,200,8150,s1-step200-f99of100-d1of2,s1-step8150-f99of100-d1of2,0,0,False,False,5,0,0,0,0,both_families_empty,,,,,,,,,,,
stage18-scaling-24a9adb84176,s1-step200-to-step8500,matched_sparsity,1,200,8500,s1-step200-f99of100-d1of2,s1-step8500-f99of100-d1of2,0,0,False,False,5,0,0,0,0,both_families_empty,,,,,,,,,,,
stage18-scaling-24a9adb84176,s1-step200-to-step8650,matched_sparsity,1,200,8650,s1-step200-f99of100-d1of2,s1-step8650-f99of100-d1of2,0,0,False,False,5,0,0,0,0,both_families_empty,,,,,,,,,,,
stage18-scaling-24a9adb84176,s1-step200-to-step9050,matched_sparsity,1,200,9050,s1-step200-f99of100-d1of2,s1-step9050-f99of100-d1of2,0,7,False,False,5,0,0,7,0,left_family_empty,,,,,,,,,,,
stage18-scaling-24a9adb84176,s1-step3400-to-step7450,matched_sparsity,1,3400,7450,s1-step3400-f99of100-d1of2,s1-step7450-f99of100-d1of2,0,0,False,False,5,0,0,0,0,both_families_empty,,,,,,,,,,,
stage18-scaling-24a9adb84176,s1-step3400-to-step8150,matched_sparsity,1,3400,8150,s1-step3400-f99of100-d1of2,s1-step8150-f99of100-d1of2,0,0,False,False,5,0,0,0,0,both_families_empty,,,,,,,,,,,
stage18-scaling-24a9adb84176,s1-step3400-to-step8500,matched_sparsity,1,3400,8500,s1-step3400-f99of100-d1of2,s1-step8500-f99of100-d1of2,0,0,False,False,5,0,0,0,0,both_families_empty,,,,,,,,,,,
stage18-scaling-24a9adb84176,s1-step3400-to-step8650,matched_sparsity,1,3400,8650,s1-step3400-f99of100-d1of2,s1-step8650-f99of100-d1of2,0,0,False,False,5,0,0,0,0,both_families_empty,,,,,,,,,,,
stage18-scaling-24a9adb84176,s1-step3400-to-step9050,matched_sparsity,1,3400,9050,s1-step3400-f99of100-d1of2,s1-step9050-f99of100-d1of2,0,7,False,False,5,0,0,7,0,left_family_empty,,,,,,,,,,,
stage18-scaling-24a9adb84176,s1-step7450-to-step8150,matched_sparsity,1,7450,8150,s1-step7450-f99of100-d1of2,s1-step8150-f99of100-d1of2,0,0,False,False,5,0,0,0,0,both_families_empty,,,,,,,,,,,
stage18-scaling-24a9adb84176,s1-step7450-to-step8500,matched_sparsity,1,7450,8500,s1-step7450-f99of100-d1of2,s1-step8500-f99of100-d1of2,0,0,False,False,5,0,0,0,0,both_families_empty,,,,,,,,,,,
stage18-scaling-24a9adb84176,s1-step7450-to-step8650,matched_sparsity,1,7450,8650,s1-step7450-f99of100-d1of2,s1-step8650-f99of100-d1of2,0,0,False,False,5,0,0,0,0,both_families_empty,,,,,,,,,,,
stage18-scaling-24a9adb84176,s1-step7450-to-step9050,matched_sparsity,1,7450,9050,s1-step7450-f99of100-d1of2,s1-step9050-f99of100-d1of2,0,7,False,False,5,0,0,7,0,left_family_empty,,,,,,,,,,,
stage18-scaling-24a9adb84176,s1-step8150-to-step8500,matched_sparsity,1,8150,8500,s1-step8150-f99of100-d1of2,s1-step8500-f99of100-d1of2,0,0,False,False,5,0,0,0,0,both_families_empty,,,,,,,,,,,
stage18-scaling-24a9adb84176,s1-step8150-to-step8650,matched_sparsity,1,8150,8650,s1-step8150-f99of100-d1of2,s1-step8650-f99of100-d1of2,0,0,False,False,5,0,0,0,0,both_families_empty,,,,,,,,,,,
stage18-scaling-24a9adb84176,s1-step8150-to-step9050,matched_sparsity,1,8150,9050,s1-step8150-f99of100-d1of2,s1-step9050-f99of100-d1of2,0,7,False,False,5,0,0,7,0,left_family_empty,,,,,,,,,,,
stage18-scaling-24a9adb84176,s1-step8500-to-step8650,matched_sparsity,1,8500,8650,s1-step8500-f99of100-d1of2,s1-step8650-f99of100-d1of2,0,0,False,False,5,0,0,0,0,both_families_empty,,,,,,,,,,,
stage18-scaling-24a9adb84176,s1-step8500-to-step9050,matched_sparsity,1,8500,9050,s1-step8500-f99of100-d1of2,s1-step9050-f99of100-d1of2,0,7,False,False,5,0,0,7,0,left_family_empty,,,,,,,,,,,
stage18-scaling-24a9adb84176,s1-step8650-to-step9050,matched_sparsity,1,8650,9050,s1-step8650-f99of100-d1of2,s1-step9050-f99of100-d1of2,0,7,False,False,5,0,0,7,0,left_family_empty,,,,,,,,,,,
stage18-scaling-24a9adb84176,s2-step200-to-step3400,matched_sparsity,2,200,3400,s2-step200-f99of100-d1of2,s2-step3400-f99of100-d1of2,0,0,False,False,5,0,0,0,0,both_families_empty,,,,,,,,,,,
stage18-scaling-24a9adb84176,s2-step200-to-step7450,matched_sparsity,2,200,7450,s2-step200-f99of100-d1of2,s2-step7450-f99of100-d1of2,0,0,False,False,5,0,0,0,0,both_families_empty,,,,,,,,,,,
stage18-scaling-24a9adb84176,s2-step200-to-step8150,matched_sparsity,2,200,8150,s2-step200-f99of100-d1of2,s2-step8150-f99of100-d1of2,0,7,False,False,5,0,0,7,0,left_family_empty,,,,,,,,,,,
stage18-scaling-24a9adb84176,s2-step200-to-step8500,matched_sparsity,2,200,8500,s2-step200-f99of100-d1of2,s2-step8500-f99of100-d1of2,0,7,False,False,5,0,0,7,0,left_family_empty,,,,,,,,,,,
stage18-scaling-24a9adb84176,s2-step200-to-step8650,matched_sparsity,2,200,8650,s2-step200-f99of100-d1of2,s2-step8650-f99of100-d1of2,0,7,False,False,5,0,0,7,0,left_family_empty,,,,,,,,,,,
stage18-scaling-24a9adb84176,s2-step200-to-step9050,matched_sparsity,2,200,9050,s2-step200-f99of100-d1of2,s2-step9050-f99of100-d1of2,0,7,False,False,5,0,0,7,0,left_family_empty,,,,,,,,,,,
stage18-scaling-24a9adb84176,s2-step3400-to-step7450,matched_sparsity,2,3400,7450,s2-step3400-f99of100-d1of2,s2-step7450-f99of100-d1of2,0,0,False,False,5,0,0,0,0,both_families_empty,,,,,,,,,,,
stage18-scaling-24a9adb84176,s2-step3400-to-step8150,matched_sparsity,2,3400,8150,s2-step3400-f99of100-d1of2,s2-step8150-f99of100-d1of2,0,7,False,False,5,0,0,7,0,left_family_empty,,,,,,,,,,,
stage18-scaling-24a9adb84176,s2-step3400-to-step8500,matched_sparsity,2,3400,8500,s2-step3400-f99of100-d1of2,s2-step8500-f99of100-d1of2,0,7,False,False,5,0,0,7,0,left_family_empty,,,,,,,,,,,
stage18-scaling-24a9adb84176,s2-step3400-to-step8650,matched_sparsity,2,3400,8650,s2-step3400-f99of100-d1of2,s2-step8650-f99of100-d1of2,0,7,False,False,5,0,0,7,0,left_family_empty,,,,,,,,,,,
stage18-scaling-24a9adb84176,s2-step3400-to-step9050,matched_sparsity,2,3400,9050,s2-step3400-f99of100-d1of2,s2-step9050-f99of100-d1of2,0,7,False,False,5,0,0,7,0,left_family_empty,,,,,,,,,,,
stage18-scaling-24a9adb84176,s2-step7450-to-step8150,matched_sparsity,2,7450,8150,s2-step7450-f99of100-d1of2,s2-step8150-f99of100-d1of2,0,7,False,False,5,0,0,7,0,left_family_empty,,,,,,,,,,,
stage18-scaling-24a9adb84176,s2-step7450-to-step8500,matched_sparsity,2,7450,8500,s2-step7450-f99of100-d1of2,s2-step8500-f99of100-d1of2,0,7,False,False,5,0,0,7,0,left_family_empty,,,,,,,,,,,
stage18-scaling-24a9adb84176,s2-step7450-to-step8650,matched_sparsity,2,7450,8650,s2-step7450-f99of100-d1of2,s2-step8650-f99of100-d1of2,0,7,False,False,5,0,0,7,0,left_family_empty,,,,,,,,,,,
stage18-scaling-24a9adb84176,s2-step7450-to-step9050,matched_sparsity,2,7450,9050,s2-step7450-f99of100-d1of2,s2-step9050-f99of100-d1of2,0,7,False,False,5,0,0,7,0,left_family_empty,,,,,,,,,,,
stage18-scaling-24a9adb84176,s2-step8150-to-step8500,matched_sparsity,2,8150,8500,s2-step8150-f99of100-d1of2,s2-step8500-f99of100-d1of2,7,7,False,False,5,1,6,6,0,matched,0.9902889811261649,0.9902106664578275,-0.0000783146683374,105,105,0,,,,,
stage18-scaling-24a9adb84176,s2-step8150-to-step8650,matched_sparsity,2,8150,8650,s2-step8150-f99of100-d1of2,s2-step8650-f99of100-d1of2,7,7,False,False,5,0,7,7,0,no_valid_match_within_tolerance,,,,,,,,,,,
stage18-scaling-24a9adb84176,s2-step8150-to-step9050,matched_sparsity,2,8150,9050,s2-step8150-f99of100-d1of2,s2-step9050-f99of100-d1of2,7,7,False,False,5,0,7,7,0,no_valid_match_within_tolerance,,,,,,,,,,,
stage18-scaling-24a9adb84176,s2-step8500-to-step8650,matched_sparsity,2,8500,8650,s2-step8500-f99of100-d1of2,s2-step8650-f99of100-d1of2,7,7,False,False,5,3,4,4,7,matched,0.9901323517894902,0.9902106664578275,0.0000783146683373,87,91,4,0.1858974358974359,0.1895424836601307,0.8141025641025641,0.8104575163398693,-0.0036450477626948
stage18-scaling-24a9adb84176,s2-step8500-to-step9050,matched_sparsity,2,8500,9050,s2-step8500-f99of100-d1of2,s2-step9050-f99of100-d1of2,7,7,False,False,5,2,5,5,2,matched,0.9901323517894902,0.99036729579450225,0.00023494400501205,87,86,-1,0.3384615384615385,0.16216216216216217,0.6615384615384615,0.83783783783783783,0.17629937629937633
stage18-scaling-24a9adb84176,s2-step8650-to-step9050,matched_sparsity,2,8650,9050,s2-step8650-f99of100-d1of2,s2-step9050-f99of100-d1of2,7,7,False,False,5,4,3,3,11,matched,0.9903281384603336,0.9902498237919962,-0.0000783146683374,91,86,-5,0.17759080736787742,0.175382653061224485,0.82240919263212258,0.824617346938775515,0.002208154306652935
stage18-scaling-24a9adb84176,s3-step200-to-step3400,matched_sparsity,3,200,3400,s3-step200-f99of100-d1of2,s3-step3400-f99of100-d1of2,0,0,False,False,5,0,0,0,0,both_families_empty,,,,,,,,,,,
stage18-scaling-24a9adb84176,s3-step200-to-step7450,matched_sparsity,3,200,7450,s3-step200-f99of100-d1of2,s3-step7450-f99of100-d1of2,0,0,False,False,5,0,0,0,0,both_families_empty,,,,,,,,,,,
stage18-scaling-24a9adb84176,s3-step200-to-step8150,matched_sparsity,3,200,8150,s3-step200-f99of100-d1of2,s3-step8150-f99of100-d1of2,0,0,False,False,5,0,0,0,0,both_families_empty,,,,,,,,,,,
stage18-scaling-24a9adb84176,s3-step200-to-step8500,matched_sparsity,3,200,8500,s3-step200-f99of100-d1of2,s3-step8500-f99of100-d1of2,0,0,False,False,5,0,0,0,0,both_families_empty,,,,,,,,,,,
stage18-scaling-24a9adb84176,s3-step200-to-step8650,matched_sparsity,3,200,8650,s3-step200-f99of100-d1of2,s3-step8650-f99of100-d1of2,0,0,False,False,5,0,0,0,0,both_families_empty,,,,,,,,,,,
stage18-scaling-24a9adb84176,s3-step200-to-step9050,matched_sparsity,3,200,9050,s3-step200-f99of100-d1of2,s3-step9050-f99of100-d1of2,0,0,False,False,5,0,0,0,0,both_families_empty,,,,,,,,,,,
stage18-scaling-24a9adb84176,s3-step3400-to-step7450,matched_sparsity,3,3400,7450,s3-step3400-f99of100-d1of2,s3-step7450-f99of100-d1of2,0,0,False,False,5,0,0,0,0,both_families_empty,,,,,,,,,,,
stage18-scaling-24a9adb84176,s3-step3400-to-step8150,matched_sparsity,3,3400,8150,s3-step3400-f99of100-d1of2,s3-step8150-f99of100-d1of2,0,0,False,False,5,0,0,0,0,both_families_empty,,,,,,,,,,,
stage18-scaling-24a9adb84176,s3-step3400-to-step8500,matched_sparsity,3,3400,8500,s3-step3400-f99of100-d1of2,s3-step8500-f99of100-d1of2,0,0,False,False,5,0,0,0,0,both_families_empty,,,,,,,,,,,
stage18-scaling-24a9adb84176,s3-step3400-to-step8650,matched_sparsity,3,3400,8650,s3-step3400-f99of100-d1of2,s3-step8650-f99of100-d1of2,0,0,False,False,5,0,0,0,0,both_families_empty,,,,,,,,,,,
stage18-scaling-24a9adb84176,s3-step3400-to-step9050,matched_sparsity,3,3400,9050,s3-step3400-f99of100-d1of2,s3-step9050-f99of100-d1of2,0,0,False,False,5,0,0,0,0,both_families_empty,,,,,,,,,,,
stage18-scaling-24a9adb84176,s3-step7450-to-step8150,matched_sparsity,3,7450,8150,s3-step7450-f99of100-d1of2,s3-step8150-f99of100-d1of2,0,0,False,False,5,0,0,0,0,both_families_empty,,,,,,,,,,,
stage18-scaling-24a9adb84176,s3-step7450-to-step8500,matched_sparsity,3,7450,8500,s3-step7450-f99of100-d1of2,s3-step8500-f99of100-d1of2,0,0,False,False,5,0,0,0,0,both_families_empty,,,,,,,,,,,
stage18-scaling-24a9adb84176,s3-step7450-to-step8650,matched_sparsity,3,7450,8650,s3-step7450-f99of100-d1of2,s3-step8650-f99of100-d1of2,0,0,False,False,5,0,0,0,0,both_families_empty,,,,,,,,,,,
stage18-scaling-24a9adb84176,s3-step7450-to-step9050,matched_sparsity,3,7450,9050,s3-step7450-f99of100-d1of2,s3-step9050-f99of100-d1of2,0,0,False,False,5,0,0,0,0,both_families_empty,,,,,,,,,,,
stage18-scaling-24a9adb84176,s3-step8150-to-step8500,matched_sparsity,3,8150,8500,s3-step8150-f99of100-d1of2,s3-step8500-f99of100-d1of2,0,0,False,False,5,0,0,0,0,both_families_empty,,,,,,,,,,,
stage18-scaling-24a9adb84176,s3-step8150-to-step8650,matched_sparsity,3,8150,8650,s3-step8150-f99of100-d1of2,s3-step8650-f99of100-d1of2,0,0,False,False,5,0,0,0,0,both_families_empty,,,,,,,,,,,
stage18-scaling-24a9adb84176,s3-step8150-to-step9050,matched_sparsity,3,8150,9050,s3-step8150-f99of100-d1of2,s3-step9050-f99of100-d1of2,0,0,False,False,5,0,0,0,0,both_families_empty,,,,,,,,,,,
stage18-scaling-24a9adb84176,s3-step8500-to-step8650,matched_sparsity,3,8500,8650,s3-step8500-f99of100-d1of2,s3-step8650-f99of100-d1of2,0,0,False,False,5,0,0,0,0,both_families_empty,,,,,,,,,,,
stage18-scaling-24a9adb84176,s3-step8500-to-step9050,matched_sparsity,3,8500,9050,s3-step8500-f99of100-d1of2,s3-step9050-f99of100-d1of2,0,0,False,False,5,0,0,0,0,both_families_empty,,,,,,,,,,,
stage18-scaling-24a9adb84176,s3-step8650-to-step9050,matched_sparsity,3,8650,9050,s3-step8650-f99of100-d1of2,s3-step9050-f99of100-d1of2,0,0,False,False,5,0,0,0,0,both_families_empty,,,,,,,,,,,
stage18-scaling-24a9adb84176,s4-step200-to-step3400,matched_sparsity,4,200,3400,s4-step200-f99of100-d1of2,s4-step3400-f99of100-d1of2,0,0,False,False,5,0,0,0,0,both_families_empty,,,,,,,,,,,
stage18-scaling-24a9adb84176,s4-step200-to-step7450,matched_sparsity,4,200,7450,s4-step200-f99of100-d1of2,s4-step7450-f99of100-d1of2,0,7,False,False,5,0,0,7,0,left_family_empty,,,,,,,,,,,
stage18-scaling-24a9adb84176,s4-step200-to-step8150,matched_sparsity,4,200,8150,s4-step200-f99of100-d1of2,s4-step8150-f99of100-d1of2,0,7,False,False,5,0,0,7,0,left_family_empty,,,,,,,,,,,
stage18-scaling-24a9adb84176,s4-step200-to-step8500,matched_sparsity,4,200,8500,s4-step200-f99of100-d1of2,s4-step8500-f99of100-d1of2,0,6,False,False,5,0,0,6,0,left_family_empty,,,,,,,,,,,
stage18-scaling-24a9adb84176,s4-step200-to-step8650,matched_sparsity,4,200,8650,s4-step200-f99of100-d1of2,s4-step8650-f99of100-d1of2,0,6,False,False,5,0,0,6,0,left_family_empty,,,,,,,,,,,
stage18-scaling-24a9adb84176,s4-step200-to-step9050,matched_sparsity,4,200,9050,s4-step200-f99of100-d1of2,s4-step9050-f99of100-d1of2,0,7,False,False,5,0,0,7,0,left_family_empty,,,,,,,,,,,
stage18-scaling-24a9adb84176,s4-step3400-to-step7450,matched_sparsity,4,3400,7450,s4-step3400-f99of100-d1of2,s4-step7450-f99of100-d1of2,0,7,False,False,5,0,0,7,0,left_family_empty,,,,,,,,,,,
stage18-scaling-24a9adb84176,s4-step3400-to-step8150,matched_sparsity,4,3400,8150,s4-step3400-f99of100-d1of2,s4-step8150-f99of100-d1of2,0,7,False,False,5,0,0,7,0,left_family_empty,,,,,,,,,,,
stage18-scaling-24a9adb84176,s4-step3400-to-step8500,matched_sparsity,4,3400,8500,s4-step3400-f99of100-d1of2,s4-step8500-f99of100-d1of2,0,6,False,False,5,0,0,6,0,left_family_empty,,,,,,,,,,,
stage18-scaling-24a9adb84176,s4-step3400-to-step8650,matched_sparsity,4,3400,8650,s4-step3400-f99of100-d1of2,s4-step8650-f99of100-d1of2,0,6,False,False,5,0,0,6,0,left_family_empty,,,,,,,,,,,
stage18-scaling-24a9adb84176,s4-step3400-to-step9050,matched_sparsity,4,3400,9050,s4-step3400-f99of100-d1of2,s4-step9050-f99of100-d1of2,0,7,False,False,5,0,0,7,0,left_family_empty,,,,,,,,,,,
stage18-scaling-24a9adb84176,s4-step7450-to-step8150,matched_sparsity,4,7450,8150,s4-step7450-f99of100-d1of2,s4-step8150-f99of100-d1of2,7,7,False,False,5,1,6,6,4,matched,0.990523925131177,0.9907588691361892,0.0002349440050122,82,78,-4,,,,,
stage18-scaling-24a9adb84176,s4-step7450-to-step8500,matched_sparsity,4,7450,8500,s4-step7450-f99of100-d1of2,s4-step8500-f99of100-d1of2,7,6,False,False,5,0,7,6,0,no_valid_match_within_tolerance,,,,,,,,,,,
stage18-scaling-24a9adb84176,s4-step7450-to-step8650,matched_sparsity,4,7450,8650,s4-step7450-f99of100-d1of2,s4-step8650-f99of100-d1of2,7,6,False,False,5,0,7,6,0,no_valid_match_within_tolerance,,,,,,,,,,,
stage18-scaling-24a9adb84176,s4-step7450-to-step9050,matched_sparsity,4,7450,9050,s4-step7450-f99of100-d1of2,s4-step9050-f99of100-d1of2,7,7,False,False,5,2,5,5,6,matched,0.99060223979951445,0.99036729579450235,-0.00023494400501210,84,81,-3,0.19148936170212766,0.14893617021276595,0.80851063829787234,0.85106382978723405,0.04255319148936171
stage18-scaling-24a9adb84176,s4-step8150-to-step8500,matched_sparsity,4,8150,8500,s4-step8150-f99of100-d1of2,s4-step8500-f99of100-d1of2,7,6,False,False,5,2,5,4,7,matched,0.9908371838045266,0.9909546558070326,0.0001174720025060,73,69.5,-3.5,0.07352941176470588,0.0859375,0.92647058823529412,0.9140625,-0.01240808823529412
stage18-scaling-24a9adb84176,s4-step8150-to-step8650,matched_sparsity,4,8150,8650,s4-step8150-f99of100-d1of2,s4-step8650-f99of100-d1of2,7,6,False,False,5,3,4,3,3,matched,0.9903672957945023,0.9902106664578275,-0.0001566293366748,74,74,0,0.15503875968992248,0.14285714285714285,0.84496124031007752,0.85714285714285715,0.01218161683277963
stage18-scaling-24a9adb84176,s4-step8150-to-step9050,matched_sparsity,4,8150,9050,s4-step8150-f99of100-d1of2,s4-step9050-f99of100-d1of2,7,7,False,False,5,7,0,0,25,matched,0.9906805544678519,0.9906805544678519,0E-16,75,80,5,0.16666666666666666,0.12949640287769784,0.83333333333333334,0.87050359712230216,0.03717026378896882
stage18-scaling-24a9adb84176,s4-step8500-to-step8650,matched_sparsity,4,8500,8650,s4-step8500-f99of100-d1of2,s4-step8650-f99of100-d1of2,6,6,False,False,5,5,1,1,7,matched,0.9909938131412014,0.9902889811261649,-0.0007048320150365,66,66,0,0.10242016806722689,0.13594470046082949,0.89757983193277311,0.86405529953917051,-0.03352453239360260
stage18-scaling-24a9adb84176,s4-step8500-to-step9050,matched_sparsity,4,8500,9050,s4-step8500-f99of100-d1of2,s4-step9050-f99of100-d1of2,6,7,False,False,5,1,5,6,2,matched,0.990523925131177,0.9902106664578275,-0.0003132586733495,72,74,2,,,,,
stage18-scaling-24a9adb84176,s4-step8650-to-step9050,matched_sparsity,4,8650,9050,s4-step8650-f99of100-d1of2,s4-step9050-f99of100-d1of2,6,7,False,False,5,3,3,4,10,matched,0.9902106664578275,0.9908371838045266,0.0006265173466991,74,77,3,0.14285714285714285,0.17054263565891473,0.85714285714285715,0.82945736434108527,-0.02768549280177188
