comparison_type,comparison_label,metric,left_checkpoint_step,right_checkpoint_step,independent_unit,total_seed_count,defined_seed_count,undefined_seed_count,positive_count,negative_count,zero_count,sign_consistency,median_paired_change,mean_paired_change,minimum_paired_change,maximum_paired_change,exact_two_sided_sign_probability,exact_test_name,null_hypothesis,zero_difference_handling,multiple_comparison_adjustment,inference_scope,phase_aligned_seed_count,right_censored_seed_count,seed_values_json,included_seed_ids_json,excluded_seed_ids_json
adjacent_landmarks,adjacent_grid_1_to_2,matched_fidelity_structural_diversity,200,3400,trained_model_seed,5,0,5,0,0,0,,,,,,,two_sided_exact_sign_test_nonzero_differences,positive_and_negative_directions_are_equiprobable,reported_but_excluded_from_sign_test,none_prespecified_descriptive_summaries,descriptive_small_sample_seed_level,5,0,"{""0"":null,""1"":null,""2"":null,""3"":null,""4"":null}",[],"[0,1,2,3,4]"
adjacent_landmarks,adjacent_grid_1_to_2,matched_sparsity_fidelity,200,3400,trained_model_seed,5,0,5,0,0,0,,,,,,,two_sided_exact_sign_test_nonzero_differences,positive_and_negative_directions_are_equiprobable,reported_but_excluded_from_sign_test,none_prespecified_descriptive_summaries,descriptive_small_sample_seed_level,5,0,"{""0"":null,""1"":null,""2"":null,""3"":null,""4"":null}",[],"[0,1,2,3,4]"
adjacent_landmarks,adjacent_grid_1_to_2,mean_transfer_fidelity,200,3400,trained_model_seed,5,0,5,0,0,0,,,,,,,two_sided_exact_sign_test_nonzero_differences,positive_and_negative_directions_are_equiprobable,reported_but_excluded_from_sign_test,none_prespecified_descriptive_summaries,descriptive_small_sample_seed_level,5,0,"{""0"":null,""1"":null,""2"":null,""3"":null,""4"":null}",[],"[0,1,2,3,4]"
adjacent_landmarks,adjacent_grid_1_to_2,median_circuit_size,200,3400,trained_model_seed,5,0,5,0,0,0,,,,,,,two_sided_exact_sign_test_nonzero_differences,positive_and_negative_directions_are_equiprobable,reported_but_excluded_from_sign_test,none_prespecified_descriptive_summaries,descriptive_small_sample_seed_level,5,0,"{""0"":null,""1"":null,""2"":null,""3"":null,""4"":null}",[],"[0,1,2,3,4]"
adjacent_landmarks,adjacent_grid_1_to_2,median_pairwise_overlap,200,3400,trained_model_seed,5,0,5,0,0,0,,,,,,,two_sided_exact_sign_test_nonzero_differences,positive_and_negative_directions_are_equiprobable,reported_but_excluded_from_sign_test,none_prespecified_descriptive_summaries,descriptive_small_sample_seed_level,5,0,"{""0"":null,""1"":null,""2"":null,""3"":null,""4"":null}",[],"[0,1,2,3,4]"
adjacent_landmarks,adjacent_grid_1_to_2,structural_family_size,200,3400,trained_model_seed,5,5,0,0,0,5,,0,0,0,0,,two_sided_exact_sign_test_nonzero_differences,positive_and_negative_directions_are_equiprobable,reported_but_excluded_from_sign_test,none_prespecified_descriptive_summaries,descriptive_small_sample_seed_level,5,0,"{""0"":""0"",""1"":""0"",""2"":""0"",""3"":""0"",""4"":""0""}","[0,1,2,3,4]",[]
adjacent_landmarks,adjacent_grid_1_to_2,transfer_distinct_group_count,200,3400,trained_model_seed,5,0,5,0,0,0,,,,,,,two_sided_exact_sign_test_nonzero_differences,positive_and_negative_directions_are_equiprobable,reported_but_excluded_from_sign_test,none_prespecified_descriptive_summaries,descriptive_small_sample_seed_level,5,0,"{""0"":null,""1"":null,""2"":null,""3"":null,""4"":null}",[],"[0,1,2,3,4]"
adjacent_landmarks,adjacent_grid_2_to_3,matched_fidelity_structural_diversity,3400,7450,trained_model_seed,5,0,5,0,0,0,,,,,,,two_sided_exact_sign_test_nonzero_differences,positive_and_negative_directions_are_equiprobable,reported_but_excluded_from_sign_test,none_prespecified_descriptive_summaries,descriptive_small_sample_seed_level,5,0,"{""0"":null,""1"":null,""2"":null,""3"":null,""4"":null}",[],"[0,1,2,3,4]"
adjacent_landmarks,adjacent_grid_2_to_3,matched_sparsity_fidelity,3400,7450,trained_model_seed,5,0,5,0,0,0,,,,,,,two_sided_exact_sign_test_nonzero_differences,positive_and_negative_directions_are_equiprobable,reported_but_excluded_from_sign_test,none_prespecified_descriptive_summaries,descriptive_small_sample_seed_level,5,0,"{""0"":null,""1"":null,""2"":null,""3"":null,""4"":null}",[],"[0,1,2,3,4]"
adjacent_landmarks,adjacent_grid_2_to_3,mean_transfer_fidelity,3400,7450,trained_model_seed,5,0,5,0,0,0,,,,,,,two_sided_exact_sign_test_nonzero_differences,positive_and_negative_directions_are_equiprobable,reported_but_excluded_from_sign_test,none_prespecified_descriptive_summaries,descriptive_small_sample_seed_level,5,0,"{""0"":null,""1"":null,""2"":null,""3"":null,""4"":null}",[],"[0,1,2,3,4]"
adjacent_landmarks,adjacent_grid_2_to_3,median_circuit_size,3400,7450,trained_model_seed,5,0,5,0,0,0,,,,,,,two_sided_exact_sign_test_nonzero_differences,positive_and_negative_directions_are_equiprobable,reported_but_excluded_from_sign_test,none_prespecified_descriptive_summaries,descriptive_small_sample_seed_level,5,0,"{""0"":null,""1"":null,""2"":null,""3"":null,""4"":null}",[],"[0,1,2,3,4]"
adjacent_landmarks,adjacent_grid_2_to_3,median_pairwise_overlap,3400,7450,trained_model_seed,5,0,5,0,0,0,,,,,,,two_sided_exact_sign_test_nonzero_differences,positive_and_negative_directions_are_equiprobable,reported_but_excluded_from_sign_test,none_prespecified_descriptive_summaries,descriptive_small_sample_seed_level,5,0,"{""0"":null,""1"":null,""2"":null,""3"":null,""4"":null}",[],"[0,1,2,3,4]"
adjacent_landmarks,adjacent_grid_2_to_3,structural_family_size,3400,7450,trained_model_seed,5,5,0,2,0,3,1,0,2.8,0,7,0.5,two_sided_exact_sign_test_nonzero_differences,positive_and_negative_directions_are_equiprobable,reported_but_excluded_from_sign_test,none_prespecified_descriptive_summaries,descriptive_small_sample_seed_level,5,0,"{""0"":""7"",""1"":""0"",""2"":""0"",""3"":""0"",""4"":""7""}","[0,1,2,3,4]",[]
adjacent_landmarks,adjacent_grid_2_to_3,transfer_distinct_group_count,3400,7450,trained_model_seed,5,0,5,0,0,0,,,,,,,two_sided_exact_sign_test_nonzero_differences,positive_and_negative_directions_are_equiprobable,reported_but_excluded_from_sign_test,none_prespecified_descriptive_summaries,descriptive_small_sample_seed_level,5,0,"{""0"":null,""1"":null,""2"":null,""3"":null,""4"":null}",[],"[0,1,2,3,4]"
adjacent_landmarks,adjacent_grid_3_to_4,matched_fidelity_structural_diversity,7450,8150,trained_model_seed,5,2,3,1,1,0,0.5,0.006330935251798575,0.006330935251798575,-0.00666666666666666,0.01932853717026381,1,two_sided_exact_sign_test_nonzero_differences,positive_and_negative_directions_are_equiprobable,reported_but_excluded_from_sign_test,none_prespecified_descriptive_summaries,descriptive_small_sample_seed_level,5,0,"{""0"":""0.01932853717026381"",""1"":null,""2"":null,""3"":null,""4"":""-0.00666666666666666""}","[0,4]","[1,2,3]"
adjacent_landmarks,adjacent_grid_3_to_4,matched_sparsity_fidelity,7450,8150,trained_model_seed,5,2,3,1,0,1,1,0.0001174720025061,0.0001174720025061,0E-16,0.0002349440050122,1,two_sided_exact_sign_test_nonzero_differences,positive_and_negative_directions_are_equiprobable,reported_but_excluded_from_sign_test,none_prespecified_descriptive_summaries,descriptive_small_sample_seed_level,5,0,"{""0"":""0E-16"",""1"":null,""2"":null,""3"":null,""4"":""0.0002349440050122""}","[0,4]","[1,2,3]"
adjacent_landmarks,adjacent_grid_3_to_4,mean_transfer_fidelity,7450,8150,trained_model_seed,5,2,3,2,0,0,1,0.00009473928735191428571428575,0.00009473928735191428571428575,0.0000260368294527821428571429,0.0001634417452510464285714286,0.5,two_sided_exact_sign_test_nonzero_differences,positive_and_negative_directions_are_equiprobable,reported_but_excluded_from_sign_test,none_prespecified_descriptive_summaries,descriptive_small_sample_seed_level,5,0,"{""0"":""0.0000260368294527821428571429"",""1"":null,""2"":null,""3"":null,""4"":""0.0001634417452510464285714286""}","[0,4]","[1,2,3]"
adjacent_landmarks,adjacent_grid_3_to_4,median_circuit_size,7450,8150,trained_model_seed,5,2,3,1,1,0,0.5,-4,-4,-13,5,1,two_sided_exact_sign_test_nonzero_differences,positive_and_negative_directions_are_equiprobable,reported_but_excluded_from_sign_test,none_prespecified_descriptive_summaries,descriptive_small_sample_seed_level,5,0,"{""0"":""5"",""1"":null,""2"":null,""3"":null,""4"":""-13""}","[0,4]","[1,2,3]"
adjacent_landmarks,adjacent_grid_3_to_4,median_pairwise_overlap,7450,8150,trained_model_seed,5,2,3,1,1,0,0.5,-0.006330935251798575,-0.006330935251798575,-0.01932853717026381,0.00666666666666666,1,two_sided_exact_sign_test_nonzero_differences,positive_and_negative_directions_are_equiprobable,reported_but_excluded_from_sign_test,none_prespecified_descriptive_summaries,descriptive_small_sample_seed_level,5,0,"{""0"":""-0.01932853717026381"",""1"":null,""2"":null,""3"":null,""4"":""0.00666666666666666""}","[0,4]","[1,2,3]"
adjacent_landmarks,adjacent_grid_3_to_4,structural_family_size,7450,8150,trained_model_seed,5,5,0,1,0,4,1,0,1.4,0,7,1,two_sided_exact_sign_test_nonzero_differences,positive_and_negative_directions_are_equiprobable,reported_but_excluded_from_sign_test,none_prespecified_descriptive_summaries,descriptive_small_sample_seed_level,5,0,"{""0"":""0"",""1"":""0"",""2"":""7"",""3"":""0"",""4"":""0""}","[0,1,2,3,4]",[]
adjacent_landmarks,adjacent_grid_3_to_4,transfer_distinct_group_count,7450,8150,trained_model_seed,5,2,3,0,0,2,,0,0,0,0,,two_sided_exact_sign_test_nonzero_differences,positive_and_negative_directions_are_equiprobable,reported_but_excluded_from_sign_test,none_prespecified_descriptive_summaries,descriptive_small_sample_seed_level,5,0,"{""0"":""0"",""1"":null,""2"":null,""3"":null,""4"":""0""}","[0,4]","[1,2,3]"
adjacent_landmarks,adjacent_grid_4_to_5,matched_fidelity_structural_diversity,8150,8500,trained_model_seed,5,3,2,2,1,0,0.6666666666666666666666666667,0.04657569351015440,0.03498751228979114,-0.02090909090909093,0.07929593426830995,1,two_sided_exact_sign_test_nonzero_differences,positive_and_negative_directions_are_equiprobable,reported_but_excluded_from_sign_test,none_prespecified_descriptive_summaries,descriptive_small_sample_seed_level,5,0,"{""0"":""-0.02090909090909093"",""1"":null,""2"":""0.07929593426830995"",""3"":null,""4"":""0.04657569351015440""}","[0,2,4]","[1,3]"
adjacent_landmarks,adjacent_grid_4_to_5,matched_sparsity_fidelity,8150,8500,trained_model_seed,5,3,2,2,1,0,0.6666666666666666666666666667,0.0001174720025060,0.00006526222361443333333333333333,-0.0000783146683374,0.0001566293366747,1,two_sided_exact_sign_test_nonzero_differences,positive_and_negative_directions_are_equiprobable,reported_but_excluded_from_sign_test,none_prespecified_descriptive_summaries,descriptive_small_sample_seed_level,5,0,"{""0"":""0.0001566293366747"",""1"":null,""2"":""-0.0000783146683374"",""3"":null,""4"":""0.0001174720025060""}","[0,2,4]","[1,3]"
adjacent_landmarks,adjacent_grid_4_to_5,mean_transfer_fidelity,8150,8500,trained_model_seed,5,3,2,2,1,0,0.6666666666666666666666666667,0.0000956366255775678571428571,0.0001174282351261474206349206,-0.0001651347701064392857142857,0.0004217828499073136904761904,1,two_sided_exact_sign_test_nonzero_differences,positive_and_negative_directions_are_equiprobable,reported_but_excluded_from_sign_test,none_prespecified_descriptive_summaries,descriptive_small_sample_seed_level,5,0,"{""0"":""0.0000956366255775678571428571"",""1"":null,""2"":""-0.0001651347701064392857142857"",""3"":null,""4"":""0.0004217828499073136904761904""}","[0,2,4]","[1,3]"
adjacent_landmarks,adjacent_grid_4_to_5,median_circuit_size,8150,8500,trained_model_seed,5,3,2,0,3,0,1,-10,-11.33333333333333333333333333,-14,-10,0.25,two_sided_exact_sign_test_nonzero_differences,positive_and_negative_directions_are_equiprobable,reported_but_excluded_from_sign_test,none_prespecified_descriptive_summaries,descriptive_small_sample_seed_level,5,0,"{""0"":""-10"",""1"":null,""2"":""-14"",""3"":null,""4"":""-10.0""}","[0,2,4]","[1,3]"
adjacent_landmarks,adjacent_grid_4_to_5,median_pairwise_overlap,8150,8500,trained_model_seed,5,3,2,1,2,0,0.6666666666666666666666666667,-0.04269972451790633,-0.03369552262570845,-0.07929593426830995,0.02090909090909093,1,two_sided_exact_sign_test_nonzero_differences,positive_and_negative_directions_are_equiprobable,reported_but_excluded_from_sign_test,none_prespecified_descriptive_summaries,descriptive_small_sample_seed_level,5,0,"{""0"":""0.02090909090909093"",""1"":null,""2"":""-0.07929593426830995"",""3"":null,""4"":""-0.04269972451790633""}","[0,2,4]","[1,3]"
adjacent_landmarks,adjacent_grid_4_to_5,structural_family_size,8150,8500,trained_model_seed,5,5,0,0,1,4,1,0,-0.2,-1,0,1,two_sided_exact_sign_test_nonzero_differences,positive_and_negative_directions_are_equiprobable,reported_but_excluded_from_sign_test,none_prespecified_descriptive_summaries,descriptive_small_sample_seed_level,5,0,"{""0"":""0"",""1"":""0"",""2"":""0"",""3"":""0"",""4"":""-1""}","[0,1,2,3,4]",[]
adjacent_landmarks,adjacent_grid_4_to_5,transfer_distinct_group_count,8150,8500,trained_model_seed,5,3,2,0,0,3,,0,0,0,0,,two_sided_exact_sign_test_nonzero_differences,positive_and_negative_directions_are_equiprobable,reported_but_excluded_from_sign_test,none_prespecified_descriptive_summaries,descriptive_small_sample_seed_level,5,0,"{""0"":""0"",""1"":null,""2"":""0"",""3"":null,""4"":""0""}","[0,2,4]","[1,3]"
adjacent_landmarks,adjacent_grid_5_to_6,matched_fidelity_structural_diversity,8500,8650,trained_model_seed,5,3,2,0,3,0,1,-0.00467876298071438,-0.008390509263887,-0.01889020070838252,-0.0016025641025641,0.25,two_sided_exact_sign_test_nonzero_differences,positive_and_negative_directions_are_equiprobable,reported_but_excluded_from_sign_test,none_prespecified_descriptive_summaries,descriptive_small_sample_seed_level,5,0,"{""0"":""-0.00467876298071438"",""1"":null,""2"":""-0.0016025641025641"",""3"":null,""4"":""-0.01889020070838252""}","[0,2,4]","[1,3]"
adjacent_landmarks,adjacent_grid_5_to_6,matched_sparsity_fidelity,8500,8650,trained_model_seed,5,3,2,2,1,0,0.6666666666666666666666666667,0.0000783146683373,-0.0001435768919519,-0.0007048320150365,0.0001957866708435,1,two_sided_exact_sign_test_nonzero_differences,positive_and_negative_directions_are_equiprobable,reported_but_excluded_from_sign_test,none_prespecified_descriptive_summaries,descriptive_small_sample_seed_level,5,0,"{""0"":""0.0001957866708435"",""1"":null,""2"":""0.0000783146683373"",""3"":null,""4"":""-0.0007048320150365""}","[0,2,4]","[1,3]"
adjacent_landmarks,adjacent_grid_5_to_6,mean_transfer_fidelity,8500,8650,trained_model_seed,5,3,2,2,1,0,0.6666666666666666666666666667,0.0000752151704897678571428572,-0.0001355689555571361111111110667,-0.0006079226954709166666666666,0.0001260006583097404761904762,1,two_sided_exact_sign_test_nonzero_differences,positive_and_negative_directions_are_equiprobable,reported_but_excluded_from_sign_test,none_prespecified_descriptive_summaries,descriptive_small_sample_seed_level,5,0,"{""0"":""0.0001260006583097404761904762"",""1"":null,""2"":""0.0000752151704897678571428572"",""3"":null,""4"":""-0.0006079226954709166666666666""}","[0,2,4]","[1,3]"
adjacent_landmarks,adjacent_grid_5_to_6,median_circuit_size,8500,8650,trained_model_seed,5,3,2,1,2,0,0.6666666666666666666666666667,-2.0,-3,-10,3.0,1,two_sided_exact_sign_test_nonzero_differences,positive_and_negative_directions_are_equiprobable,reported_but_excluded_from_sign_test,none_prespecified_descriptive_summaries,descriptive_small_sample_seed_level,5,0,"{""0"":""-2.0"",""1"":null,""2"":""-10"",""3"":null,""4"":""3.0""}","[0,2,4]","[1,3]"
adjacent_landmarks,adjacent_grid_5_to_6,median_pairwise_overlap,8500,8650,trained_model_seed,5,3,2,2,1,0,0.6666666666666666666666666667,0.0016025641025641,-0.00138112007295973,-0.02463612502982581,0.01889020070838252,1,two_sided_exact_sign_test_nonzero_differences,positive_and_negative_directions_are_equiprobable,reported_but_excluded_from_sign_test,none_prespecified_descriptive_summaries,descriptive_small_sample_seed_level,5,0,"{""0"":""-0.02463612502982581"",""1"":null,""2"":""0.0016025641025641"",""3"":null,""4"":""0.01889020070838252""}","[0,2,4]","[1,3]"
adjacent_landmarks,adjacent_grid_5_to_6,structural_family_size,8500,8650,trained_model_seed,5,5,0,0,1,4,1,0,-0.2,-1,0,1,two_sided_exact_sign_test_nonzero_differences,positive_and_negative_directions_are_equiprobable,reported_but_excluded_from_sign_test,none_prespecified_descriptive_summaries,descriptive_small_sample_seed_level,5,0,"{""0"":""-1"",""1"":""0"",""2"":""0"",""3"":""0"",""4"":""0""}","[0,1,2,3,4]",[]
adjacent_landmarks,adjacent_grid_5_to_6,transfer_distinct_group_count,8500,8650,trained_model_seed,5,3,2,0,0,3,,0,0,0,0,,two_sided_exact_sign_test_nonzero_differences,positive_and_negative_directions_are_equiprobable,reported_but_excluded_from_sign_test,none_prespecified_descriptive_summaries,descriptive_small_sample_seed_level,5,0,"{""0"":""0"",""1"":null,""2"":""0"",""3"":null,""4"":""0""}","[0,2,4]","[1,3]"
adjacent_landmarks,adjacent_grid_6_to_7,matched_fidelity_structural_diversity,8650,9050,trained_model_seed,5,3,2,2,1,0,0.6666666666666666666666666667,0.01336073997944501,0.01059437929981549333333333333,-0.00691543991783636,0.02533783783783783,1,two_sided_exact_sign_test_nonzero_differences,positive_and_negative_directions_are_equiprobable,reported_but_excluded_from_sign_test,none_prespecified_descriptive_summaries,descriptive_small_sample_seed_level,5,0,"{""0"":""-0.00691543991783636"",""1"":null,""2"":""0.02533783783783783"",""3"":null,""4"":""0.01336073997944501""}","[0,2,4]","[1,3]"
adjacent_landmarks,adjacent_grid_6_to_7,matched_sparsity_fidelity,8650,9050,trained_model_seed,5,3,2,2,1,0,0.6666666666666666666666666667,0.0003915733416869,0.0003132586733495333333333333333,-0.0000783146683374,0.0006265173466991,1,two_sided_exact_sign_test_nonzero_differences,positive_and_negative_directions_are_equiprobable,reported_but_excluded_from_sign_test,none_prespecified_descriptive_summaries,descriptive_small_sample_seed_level,5,0,"{""0"":""0.0003915733416869"",""1"":null,""2"":""-0.0000783146683374"",""3"":null,""4"":""0.0006265173466991""}","[0,2,4]","[1,3]"
adjacent_landmarks,adjacent_grid_6_to_7,mean_transfer_fidelity,8650,9050,trained_model_seed,5,3,2,3,0,0,1,0.0002168841954734601190476190,0.0002320279464399855158730158333,0.0000739042154257964285714285,0.0004052954284207000000000000,0.25,two_sided_exact_sign_test_nonzero_differences,positive_and_negative_directions_are_equiprobable,reported_but_excluded_from_sign_test,none_prespecified_descriptive_summaries,descriptive_small_sample_seed_level,5,0,"{""0"":""0.0004052954284207000000000000"",""1"":null,""2"":""0.0000739042154257964285714285"",""3"":null,""4"":""0.0002168841954734601190476190""}","[0,2,4]","[1,3]"
adjacent_landmarks,adjacent_grid_6_to_7,median_circuit_size,8650,9050,trained_model_seed,5,3,2,1,2,0,0.6666666666666666666666666667,-3.0,0.6666666666666666666666666667,-7,12.0,1,two_sided_exact_sign_test_nonzero_differences,positive_and_negative_directions_are_equiprobable,reported_but_excluded_from_sign_test,none_prespecified_descriptive_summaries,descriptive_small_sample_seed_level,5,0,"{""0"":""-3.0"",""1"":null,""2"":""-7"",""3"":null,""4"":""12.0""}","[0,2,4]","[1,3]"
adjacent_landmarks,adjacent_grid_6_to_7,median_pairwise_overlap,8650,9050,trained_model_seed,5,3,2,1,2,0,0.6666666666666666666666666667,-0.01336073997944501,-0.01059437929981549333333333333,-0.02533783783783783,0.00691543991783636,1,two_sided_exact_sign_test_nonzero_differences,positive_and_negative_directions_are_equiprobable,reported_but_excluded_from_sign_test,none_prespecified_descriptive_summaries,descriptive_small_sample_seed_level,5,0,"{""0"":""0.00691543991783636"",""1"":null,""2"":""-0.02533783783783783"",""3"":null,""4"":""-0.01336073997944501""}","[0,2,4]","[1,3]"
adjacent_landmarks,adjacent_grid_6_to_7,structural_family_size,8650,9050,trained_model_seed,5,5,0,2,0,3,1,0,1.6,0,7,0.5,two_sided_exact_sign_test_nonzero_differences,positive_and_negative_directions_are_equiprobable,reported_but_excluded_from_sign_test,none_prespecified_descriptive_summaries,descriptive_small_sample_seed_level,5,0,"{""0"":""0"",""1"":""7"",""2"":""0"",""3"":""0"",""4"":""1""}","[0,1,2,3,4]",[]
adjacent_landmarks,adjacent_grid_6_to_7,transfer_distinct_group_count,8650,9050,trained_model_seed,5,3,2,0,0,3,,0,0,0,0,,two_sided_exact_sign_test_nonzero_differences,positive_and_negative_directions_are_equiprobable,reported_but_excluded_from_sign_test,none_prespecified_descriptive_summaries,descriptive_small_sample_seed_level,5,0,"{""0"":""0"",""1"":null,""2"":""0"",""3"":null,""4"":""0""}","[0,2,4]","[1,3]"
pre_to_post,pre_to_post,matched_fidelity_structural_diversity,200,9050,trained_model_seed,5,0,5,0,0,0,,,,,,,two_sided_exact_sign_test_nonzero_differences,positive_and_negative_directions_are_equiprobable,reported_but_excluded_from_sign_test,none_prespecified_descriptive_summaries,descriptive_small_sample_seed_level,4,0,"{""0"":null,""1"":null,""2"":null,""3"":null,""4"":null}",[],"[0,1,2,3,4]"
pre_to_post,pre_to_post,matched_sparsity_fidelity,200,9050,trained_model_seed,5,0,5,0,0,0,,,,,,,two_sided_exact_sign_test_nonzero_differences,positive_and_negative_directions_are_equiprobable,reported_but_excluded_from_sign_test,none_prespecified_descriptive_summaries,descriptive_small_sample_seed_level,4,0,"{""0"":null,""1"":null,""2"":null,""3"":null,""4"":null}",[],"[0,1,2,3,4]"
pre_to_post,pre_to_post,mean_transfer_fidelity,200,9050,trained_model_seed,5,0,5,0,0,0,,,,,,,two_sided_exact_sign_test_nonzero_differences,positive_and_negative_directions_are_equiprobable,reported_but_excluded_from_sign_test,none_prespecified_descriptive_summaries,descriptive_small_sample_seed_level,4,0,"{""0"":null,""1"":null,""2"":null,""3"":null,""4"":null}",[],"[0,1,2,3,4]"
pre_to_post,pre_to_post,median_circuit_size,200,9050,trained_model_seed,5,0,5,0,0,0,,,,,,,two_sided_exact_sign_test_nonzero_differences,positive_and_negative_directions_are_equiprobable,reported_but_excluded_from_sign_test,none_prespecified_descriptive_summaries,descriptive_small_sample_seed_level,4,0,"{""0"":null,""1"":null,""2"":null,""3"":null,""4"":null}",[],"[0,1,2,3,4]"
pre_to_post,pre_to_post,median_pairwise_overlap,200,9050,trained_model_seed,5,0,5,0,0,0,,,,,,,two_sided_exact_sign_test_nonzero_differences,positive_and_negative_directions_are_equiprobable,reported_but_excluded_from_sign_test,none_prespecified_descriptive_summaries,descriptive_small_sample_seed_level,4,0,"{""0"":null,""1"":null,""2"":null,""3"":null,""4"":null}",[],"[0,1,2,3,4]"
pre_to_post,pre_to_post,structural_family_size,200,9050,trained_model_seed,5,5,0,4,0,1,1,7,5.4,0,7,0.125,two_sided_exact_sign_test_nonzero_differences,positive_and_negative_directions_are_equiprobable,reported_but_excluded_from_sign_test,none_prespecified_descriptive_summaries,descriptive_small_sample_seed_level,4,0,"{""0"":""6"",""1"":""7"",""2"":""7"",""3"":""0"",""4"":""7""}","[0,1,2,3,4]",[]
pre_to_post,pre_to_post,transfer_distinct_group_count,200,9050,trained_model_seed,5,0,5,0,0,0,,,,,,,two_sided_exact_sign_test_nonzero_differences,positive_and_negative_directions_are_equiprobable,reported_but_excluded_from_sign_test,none_prespecified_descriptive_summaries,descriptive_small_sample_seed_level,4,0,"{""0"":null,""1"":null,""2"":null,""3"":null,""4"":null}",[],"[0,1,2,3,4]"
pre_to_transition,pre_to_grid_2,matched_fidelity_structural_diversity,200,3400,trained_model_seed,5,0,5,0,0,0,,,,,,,two_sided_exact_sign_test_nonzero_differences,positive_and_negative_directions_are_equiprobable,reported_but_excluded_from_sign_test,none_prespecified_descriptive_summaries,descriptive_small_sample_seed_level,1,0,"{""0"":null,""1"":null,""2"":null,""3"":null,""4"":null}",[],"[0,1,2,3,4]"
pre_to_transition,pre_to_grid_2,matched_sparsity_fidelity,200,3400,trained_model_seed,5,0,5,0,0,0,,,,,,,two_sided_exact_sign_test_nonzero_differences,positive_and_negative_directions_are_equiprobable,reported_but_excluded_from_sign_test,none_prespecified_descriptive_summaries,descriptive_small_sample_seed_level,1,0,"{""0"":null,""1"":null,""2"":null,""3"":null,""4"":null}",[],"[0,1,2,3,4]"
pre_to_transition,pre_to_grid_2,mean_transfer_fidelity,200,3400,trained_model_seed,5,0,5,0,0,0,,,,,,,two_sided_exact_sign_test_nonzero_differences,positive_and_negative_directions_are_equiprobable,reported_but_excluded_from_sign_test,none_prespecified_descriptive_summaries,descriptive_small_sample_seed_level,1,0,"{""0"":null,""1"":null,""2"":null,""3"":null,""4"":null}",[],"[0,1,2,3,4]"
pre_to_transition,pre_to_grid_2,median_circuit_size,200,3400,trained_model_seed,5,0,5,0,0,0,,,,,,,two_sided_exact_sign_test_nonzero_differences,positive_and_negative_directions_are_equiprobable,reported_but_excluded_from_sign_test,none_prespecified_descriptive_summaries,descriptive_small_sample_seed_level,1,0,"{""0"":null,""1"":null,""2"":null,""3"":null,""4"":null}",[],"[0,1,2,3,4]"
pre_to_transition,pre_to_grid_2,median_pairwise_overlap,200,3400,trained_model_seed,5,0,5,0,0,0,,,,,,,two_sided_exact_sign_test_nonzero_differences,positive_and_negative_directions_are_equiprobable,reported_but_excluded_from_sign_test,none_prespecified_descriptive_summaries,descriptive_small_sample_seed_level,1,0,"{""0"":null,""1"":null,""2"":null,""3"":null,""4"":null}",[],"[0,1,2,3,4]"
pre_to_transition,pre_to_grid_2,structural_family_size,200,3400,trained_model_seed,5,5,0,0,0,5,,0,0,0,0,,two_sided_exact_sign_test_nonzero_differences,positive_and_negative_directions_are_equiprobable,reported_but_excluded_from_sign_test,none_prespecified_descriptive_summaries,descriptive_small_sample_seed_level,1,0,"{""0"":""0"",""1"":""0"",""2"":""0"",""3"":""0"",""4"":""0""}","[0,1,2,3,4]",[]
pre_to_transition,pre_to_grid_2,transfer_distinct_group_count,200,3400,trained_model_seed,5,0,5,0,0,0,,,,,,,two_sided_exact_sign_test_nonzero_differences,positive_and_negative_directions_are_equiprobable,reported_but_excluded_from_sign_test,none_prespecified_descriptive_summaries,descriptive_small_sample_seed_level,1,0,"{""0"":null,""1"":null,""2"":null,""3"":null,""4"":null}",[],"[0,1,2,3,4]"
pre_to_transition,pre_to_grid_3,matched_fidelity_structural_diversity,200,7450,trained_model_seed,5,0,5,0,0,0,,,,,,,two_sided_exact_sign_test_nonzero_differences,positive_and_negative_directions_are_equiprobable,reported_but_excluded_from_sign_test,none_prespecified_descriptive_summaries,descriptive_small_sample_seed_level,3,0,"{""0"":null,""1"":null,""2"":null,""3"":null,""4"":null}",[],"[0,1,2,3,4]"
pre_to_transition,pre_to_grid_3,matched_sparsity_fidelity,200,7450,trained_model_seed,5,0,5,0,0,0,,,,,,,two_sided_exact_sign_test_nonzero_differences,positive_and_negative_directions_are_equiprobable,reported_but_excluded_from_sign_test,none_prespecified_descriptive_summaries,descriptive_small_sample_seed_level,3,0,"{""0"":null,""1"":null,""2"":null,""3"":null,""4"":null}",[],"[0,1,2,3,4]"
pre_to_transition,pre_to_grid_3,mean_transfer_fidelity,200,7450,trained_model_seed,5,0,5,0,0,0,,,,,,,two_sided_exact_sign_test_nonzero_differences,positive_and_negative_directions_are_equiprobable,reported_but_excluded_from_sign_test,none_prespecified_descriptive_summaries,descriptive_small_sample_seed_level,3,0,"{""0"":null,""1"":null,""2"":null,""3"":null,""4"":null}",[],"[0,1,2,3,4]"
pre_to_transition,pre_to_grid_3,median_circuit_size,200,7450,trained_model_seed,5,0,5,0,0,0,,,,,,,two_sided_exact_sign_test_nonzero_differences,positive_and_negative_directions_are_equiprobable,reported_but_excluded_from_sign_test,none_prespecified_descriptive_summaries,descriptive_small_sample_seed_level,3,0,"{""0"":null,""1"":null,""2"":null,""3"":null,""4"":null}",[],"[0,1,2,3,4]"
pre_to_transition,pre_to_grid_3,median_pairwise_overlap,200,7450,trained_model_seed,5,0,5,0,0,0,,,,,,,two_sided_exact_sign_test_nonzero_differences,positive_and_negative_directions_are_equiprobable,reported_but_excluded_from_sign_test,none_prespecified_descriptive_summaries,descriptive_small_sample_seed_level,3,0,"{""0"":null,""1"":null,""2"":null,""3"":null,""4"":null}",[],"[0,1,2,3,4]"
pre_to_transition,pre_to_grid_3,structural_family_size,200,7450,trained_model_seed,5,5,0,2,0,3,1,0,2.8,0,7,0.5,two_sided_exact_sign_test_nonzero_differences,positive_and_negative_directions_are_equiprobable,reported_but_excluded_from_sign_test,none_prespecified_descriptive_summaries,descriptive_small_sample_seed_level,3,0,"{""0"":""7"",""1"":""0"",""2"":""0"",""3"":""0"",""4"":""7""}","[0,1,2,3,4]",[]
pre_to_transition,pre_to_grid_3,transfer_distinct_group_count,200,7450,trained_model_seed,5,0,5,0,0,0,,,,,,,two_sided_exact_sign_test_nonzero_differences,positive_and_negative_directions_are_equiprobable,reported_but_excluded_from_sign_test,none_prespecified_descriptive_summaries,descriptive_small_sample_seed_level,3,0,"{""0"":null,""1"":null,""2"":null,""3"":null,""4"":null}",[],"[0,1,2,3,4]"
pre_to_transition,pre_to_grid_4,matched_fidelity_structural_diversity,200,8150,trained_model_seed,5,0,5,0,0,0,,,,,,,two_sided_exact_sign_test_nonzero_differences,positive_and_negative_directions_are_equiprobable,reported_but_excluded_from_sign_test,none_prespecified_descriptive_summaries,descriptive_small_sample_seed_level,2,0,"{""0"":null,""1"":null,""2"":null,""3"":null,""4"":null}",[],"[0,1,2,3,4]"
pre_to_transition,pre_to_grid_4,matched_sparsity_fidelity,200,8150,trained_model_seed,5,0,5,0,0,0,,,,,,,two_sided_exact_sign_test_nonzero_differences,positive_and_negative_directions_are_equiprobable,reported_but_excluded_from_sign_test,none_prespecified_descriptive_summaries,descriptive_small_sample_seed_level,2,0,"{""0"":null,""1"":null,""2"":null,""3"":null,""4"":null}",[],"[0,1,2,3,4]"
pre_to_transition,pre_to_grid_4,mean_transfer_fidelity,200,8150,trained_model_seed,5,0,5,0,0,0,,,,,,,two_sided_exact_sign_test_nonzero_differences,positive_and_negative_directions_are_equiprobable,reported_but_excluded_from_sign_test,none_prespecified_descriptive_summaries,descriptive_small_sample_seed_level,2,0,"{""0"":null,""1"":null,""2"":null,""3"":null,""4"":null}",[],"[0,1,2,3,4]"
pre_to_transition,pre_to_grid_4,median_circuit_size,200,8150,trained_model_seed,5,0,5,0,0,0,,,,,,,two_sided_exact_sign_test_nonzero_differences,positive_and_negative_directions_are_equiprobable,reported_but_excluded_from_sign_test,none_prespecified_descriptive_summaries,descriptive_small_sample_seed_level,2,0,"{""0"":null,""1"":null,""2"":null,""3"":null,""4"":null}",[],"[0,1,2,3,4]"
pre_to_transition,pre_to_grid_4,median_pairwise_overlap,200,8150,trained_model_seed,5,0,5,0,0,0,,,,,,,two_sided_exact_sign_test_nonzero_differences,positive_and_negative_directions_are_equiprobable,reported_but_excluded_from_sign_test,none_prespecified_descriptive_summaries,descriptive_small_sample_seed_level,2,0,"{""0"":null,""1"":null,""2"":null,""3"":null,""4"":null}",[],"[0,1,2,3,4]"
pre_to_transition,pre_to_grid_4,structural_family_size,200,8150,trained_model_seed,5,5,0,3,0,2,1,7,4.2,0,7,0.25,two_sided_exact_sign_test_nonzero_differences,positive_and_negative_directions_are_equiprobable,reported_but_excluded_from_sign_test,none_prespecified_descriptive_summaries,descriptive_small_sample_seed_level,2,0,"{""0"":""7"",""1"":""0"",""2"":""7"",""3"":""0"",""4"":""7""}","[0,1,2,3,4]",[]
pre_to_transition,pre_to_grid_4,transfer_distinct_group_count,200,8150,trained_model_seed,5,0,5,0,0,0,,,,,,,two_sided_exact_sign_test_nonzero_differences,positive_and_negative_directions_are_equiprobable,reported_but_excluded_from_sign_test,none_prespecified_descriptive_summaries,descriptive_small_sample_seed_level,2,0,"{""0"":null,""1"":null,""2"":null,""3"":null,""4"":null}",[],"[0,1,2,3,4]"
pre_to_transition,pre_to_grid_5,matched_fidelity_structural_diversity,200,8500,trained_model_seed,5,0,5,0,0,0,,,,,,,two_sided_exact_sign_test_nonzero_differences,positive_and_negative_directions_are_equiprobable,reported_but_excluded_from_sign_test,none_prespecified_descriptive_summaries,descriptive_small_sample_seed_level,2,0,"{""0"":null,""1"":null,""2"":null,""3"":null,""4"":null}",[],"[0,1,2,3,4]"
pre_to_transition,pre_to_grid_5,matched_sparsity_fidelity,200,8500,trained_model_seed,5,0,5,0,0,0,,,,,,,two_sided_exact_sign_test_nonzero_differences,positive_and_negative_directions_are_equiprobable,reported_but_excluded_from_sign_test,none_prespecified_descriptive_summaries,descriptive_small_sample_seed_level,2,0,"{""0"":null,""1"":null,""2"":null,""3"":null,""4"":null}",[],"[0,1,2,3,4]"
pre_to_transition,pre_to_grid_5,mean_transfer_fidelity,200,8500,trained_model_seed,5,0,5,0,0,0,,,,,,,two_sided_exact_sign_test_nonzero_differences,positive_and_negative_directions_are_equiprobable,reported_but_excluded_from_sign_test,none_prespecified_descriptive_summaries,descriptive_small_sample_seed_level,2,0,"{""0"":null,""1"":null,""2"":null,""3"":null,""4"":null}",[],"[0,1,2,3,4]"
pre_to_transition,pre_to_grid_5,median_circuit_size,200,8500,trained_model_seed,5,0,5,0,0,0,,,,,,,two_sided_exact_sign_test_nonzero_differences,positive_and_negative_directions_are_equiprobable,reported_but_excluded_from_sign_test,none_prespecified_descriptive_summaries,descriptive_small_sample_seed_level,2,0,"{""0"":null,""1"":null,""2"":null,""3"":null,""4"":null}",[],"[0,1,2,3,4]"
pre_to_transition,pre_to_grid_5,median_pairwise_overlap,200,8500,trained_model_seed,5,0,5,0,0,0,,,,,,,two_sided_exact_sign_test_nonzero_differences,positive_and_negative_directions_are_equiprobable,reported_but_excluded_from_sign_test,none_prespecified_descriptive_summaries,descriptive_small_sample_seed_level,2,0,"{""0"":null,""1"":null,""2"":null,""3"":null,""4"":null}",[],"[0,1,2,3,4]"
pre_to_transition,pre_to_grid_5,structural_family_size,200,8500,trained_model_seed,5,5,0,3,0,2,1,6,4,0,7,0.25,two_sided_exact_sign_test_nonzero_differences,positive_and_negative_directions_are_equiprobable,reported_but_excluded_from_sign_test,none_prespecified_descriptive_summaries,descriptive_small_sample_seed_level,2,0,"{""0"":""7"",""1"":""0"",""2"":""7"",""3"":""0"",""4"":""6""}","[0,1,2,3,4]",[]
pre_to_transition,pre_to_grid_5,transfer_distinct_group_count,200,8500,trained_model_seed,5,0,5,0,0,0,,,,,,,two_sided_exact_sign_test_nonzero_differences,positive_and_negative_directions_are_equiprobable,reported_but_excluded_from_sign_test,none_prespecified_descriptive_summaries,descriptive_small_sample_seed_level,2,0,"{""0"":null,""1"":null,""2"":null,""3"":null,""4"":null}",[],"[0,1,2,3,4]"
pre_to_transition,pre_to_grid_6,matched_fidelity_structural_diversity,200,8650,trained_model_seed,5,0,5,0,0,0,,,,,,,two_sided_exact_sign_test_nonzero_differences,positive_and_negative_directions_are_equiprobable,reported_but_excluded_from_sign_test,none_prespecified_descriptive_summaries,descriptive_small_sample_seed_level,2,0,"{""0"":null,""1"":null,""2"":null,""3"":null,""4"":null}",[],"[0,1,2,3,4]"
pre_to_transition,pre_to_grid_6,matched_sparsity_fidelity,200,8650,trained_model_seed,5,0,5,0,0,0,,,,,,,two_sided_exact_sign_test_nonzero_differences,positive_and_negative_directions_are_equiprobable,reported_but_excluded_from_sign_test,none_prespecified_descriptive_summaries,descriptive_small_sample_seed_level,2,0,"{""0"":null,""1"":null,""2"":null,""3"":null,""4"":null}",[],"[0,1,2,3,4]"
pre_to_transition,pre_to_grid_6,mean_transfer_fidelity,200,8650,trained_model_seed,5,0,5,0,0,0,,,,,,,two_sided_exact_sign_test_nonzero_differences,positive_and_negative_directions_are_equiprobable,reported_but_excluded_from_sign_test,none_prespecified_descriptive_summaries,descriptive_small_sample_seed_level,2,0,"{""0"":null,""1"":null,""2"":null,""3"":null,""4"":null}",[],"[0,1,2,3,4]"
pre_to_transition,pre_to_grid_6,median_circuit_size,200,8650,trained_model_seed,5,0,5,0,0,0,,,,,,,two_sided_exact_sign_test_nonzero_differences,positive_and_negative_directions_are_equiprobable,reported_but_excluded_from_sign_test,none_prespecified_descriptive_summaries,descriptive_small_sample_seed_level,2,0,"{""0"":null,""1"":null,""2"":null,""3"":null,""4"":null}",[],"[0,1,2,3,4]"
pre_to_transition,pre_to_grid_6,median_pairwise_overlap,200,8650,trained_model_seed,5,0,5,0,0,0,,,,,,,two_sided_exact_sign_test_nonzero_differences,positive_and_negative_directions_are_equiprobable,reported_but_excluded_from_sign_test,none_prespecified_descriptive_summaries,descriptive_small_sample_seed_level,2,0,"{""0"":null,""1"":null,""2"":null,""3"":null,""4"":null}",[],"[0,1,2,3,4]"
pre_to_transition,pre_to_grid_6,structural_family_size,200,8650,trained_model_seed,5,5,0,3,0,2,1,6,3.8,0,7,0.25,two_sided_exact_sign_test_nonzero_differences,positive_and_negative_directions_are_equiprobable,reported_but_excluded_from_sign_test,none_prespecified_descriptive_summaries,descriptive_small_sample_seed_level,2,0,"{""0"":""6"",""1"":""0"",""2"":""7"",""3"":""0"",""4"":""6""}","[0,1,2,3,4]",[]
pre_to_transition,pre_to_grid_6,transfer_distinct_group_count,200,8650,trained_model_seed,5,0,5,0,0,0,,,,,,,two_sided_exact_sign_test_nonzero_differences,positive_and_negative_directions_are_equiprobable,reported_but_excluded_from_sign_test,none_prespecified_descriptive_summaries,descriptive_small_sample_seed_level,2,0,"{""0"":null,""1"":null,""2"":null,""3"":null,""4"":null}",[],"[0,1,2,3,4]"
transition_to_post,grid_2_to_post,matched_fidelity_structural_diversity,3400,9050,trained_model_seed,5,0,5,0,0,0,,,,,,,two_sided_exact_sign_test_nonzero_differences,positive_and_negative_directions_are_equiprobable,reported_but_excluded_from_sign_test,none_prespecified_descriptive_summaries,descriptive_small_sample_seed_level,1,0,"{""0"":null,""1"":null,""2"":null,""3"":null,""4"":null}",[],"[0,1,2,3,4]"
transition_to_post,grid_2_to_post,matched_sparsity_fidelity,3400,9050,trained_model_seed,5,0,5,0,0,0,,,,,,,two_sided_exact_sign_test_nonzero_differences,positive_and_negative_directions_are_equiprobable,reported_but_excluded_from_sign_test,none_prespecified_descriptive_summaries,descriptive_small_sample_seed_level,1,0,"{""0"":null,""1"":null,""2"":null,""3"":null,""4"":null}",[],"[0,1,2,3,4]"
transition_to_post,grid_2_to_post,mean_transfer_fidelity,3400,9050,trained_model_seed,5,0,5,0,0,0,,,,,,,two_sided_exact_sign_test_nonzero_differences,positive_and_negative_directions_are_equiprobable,reported_but_excluded_from_sign_test,none_prespecified_descriptive_summaries,descriptive_small_sample_seed_level,1,0,"{""0"":null,""1"":null,""2"":null,""3"":null,""4"":null}",[],"[0,1,2,3,4]"
transition_to_post,grid_2_to_post,median_circuit_size,3400,9050,trained_model_seed,5,0,5,0,0,0,,,,,,,two_sided_exact_sign_test_nonzero_differences,positive_and_negative_directions_are_equiprobable,reported_but_excluded_from_sign_test,none_prespecified_descriptive_summaries,descriptive_small_sample_seed_level,1,0,"{""0"":null,""1"":null,""2"":null,""3"":null,""4"":null}",[],"[0,1,2,3,4]"
transition_to_post,grid_2_to_post,median_pairwise_overlap,3400,9050,trained_model_seed,5,0,5,0,0,0,,,,,,,two_sided_exact_sign_test_nonzero_differences,positive_and_negative_directions_are_equiprobable,reported_but_excluded_from_sign_test,none_prespecified_descriptive_summaries,descriptive_small_sample_seed_level,1,0,"{""0"":null,""1"":null,""2"":null,""3"":null,""4"":null}",[],"[0,1,2,3,4]"
transition_to_post,grid_2_to_post,structural_family_size,3400,9050,trained_model_seed,5,5,0,4,0,1,1,7,5.4,0,7,0.125,two_sided_exact_sign_test_nonzero_differences,positive_and_negative_directions_are_equiprobable,reported_but_excluded_from_sign_test,none_prespecified_descriptive_summaries,descriptive_small_sample_seed_level,1,0,"{""0"":""6"",""1"":""7"",""2"":""7"",""3"":""0"",""4"":""7""}","[0,1,2,3,4]",[]
transition_to_post,grid_2_to_post,transfer_distinct_group_count,3400,9050,trained_model_seed,5,0,5,0,0,0,,,,,,,two_sided_exact_sign_test_nonzero_differences,positive_and_negative_directions_are_equiprobable,reported_but_excluded_from_sign_test,none_prespecified_descriptive_summaries,descriptive_small_sample_seed_level,1,0,"{""0"":null,""1"":null,""2"":null,""3"":null,""4"":null}",[],"[0,1,2,3,4]"
transition_to_post,grid_3_to_post,matched_fidelity_structural_diversity,7450,9050,trained_model_seed,5,2,3,2,0,0,1,0.02093253483534973,0.02093253483534973,0.0113614725483973,0.03050359712230216,0.5,two_sided_exact_sign_test_nonzero_differences,positive_and_negative_directions_are_equiprobable,reported_but_excluded_from_sign_test,none_prespecified_descriptive_summaries,descriptive_small_sample_seed_level,2,0,"{""0"":""0.0113614725483973"",""1"":null,""2"":null,""3"":null,""4"":""0.03050359712230216""}","[0,4]","[1,2,3]"
transition_to_post,grid_3_to_post,matched_sparsity_fidelity,7450,9050,trained_model_seed,5,2,3,1,1,0,0.5,0.000117472002506075,0.000117472002506075,-0.00023494400501210,0.00046988801002425,1,two_sided_exact_sign_test_nonzero_differences,positive_and_negative_directions_are_equiprobable,reported_but_excluded_from_sign_test,none_prespecified_descriptive_summaries,descriptive_small_sample_seed_level,2,0,"{""0"":""0.00046988801002425"",""1"":null,""2"":null,""3"":null,""4"":""-0.00023494400501210""}","[0,4]","[1,2,3]"
transition_to_post,grid_3_to_post,mean_transfer_fidelity,7450,9050,trained_model_seed,5,2,3,2,0,0,1,0.0004235778184608470238095238,0.0004235778184608470238095238,0.0001941860951609035714285714,0.0006529695417607904761904762,0.5,two_sided_exact_sign_test_nonzero_differences,positive_and_negative_directions_are_equiprobable,reported_but_excluded_from_sign_test,none_prespecified_descriptive_summaries,descriptive_small_sample_seed_level,2,0,"{""0"":""0.0006529695417607904761904762"",""1"":null,""2"":null,""3"":null,""4"":""0.0001941860951609035714285714""}","[0,4]","[1,2,3]"
transition_to_post,grid_3_to_post,median_circuit_size,7450,9050,trained_model_seed,5,2,3,0,2,0,1,-9.0,-9,-10.0,-8,0.5,two_sided_exact_sign_test_nonzero_differences,positive_and_negative_directions_are_equiprobable,reported_but_excluded_from_sign_test,none_prespecified_descriptive_summaries,descriptive_small_sample_seed_level,2,0,"{""0"":""-10.0"",""1"":null,""2"":null,""3"":null,""4"":""-8""}","[0,4]","[1,2,3]"
transition_to_post,grid_3_to_post,median_pairwise_overlap,7450,9050,trained_model_seed,5,2,3,0,2,0,1,-0.023321864247732245,-0.023321864247732245,-0.03050359712230216,-0.01614013137316233,0.5,two_sided_exact_sign_test_nonzero_differences,positive_and_negative_directions_are_equiprobable,reported_but_excluded_from_sign_test,none_prespecified_descriptive_summaries,descriptive_small_sample_seed_level,2,0,"{""0"":""-0.01614013137316233"",""1"":null,""2"":null,""3"":null,""4"":""-0.03050359712230216""}","[0,4]","[1,2,3]"
transition_to_post,grid_3_to_post,structural_family_size,7450,9050,trained_model_seed,5,5,0,2,1,2,0.6666666666666666666666666667,0,2.6,-1,7,1,two_sided_exact_sign_test_nonzero_differences,positive_and_negative_directions_are_equiprobable,reported_but_excluded_from_sign_test,none_prespecified_descriptive_summaries,descriptive_small_sample_seed_level,2,0,"{""0"":""-1"",""1"":""7"",""2"":""7"",""3"":""0"",""4"":""0""}","[0,1,2,3,4]",[]
transition_to_post,grid_3_to_post,transfer_distinct_group_count,7450,9050,trained_model_seed,5,2,3,0,0,2,,0,0,0,0,,two_sided_exact_sign_test_nonzero_differences,positive_and_negative_directions_are_equiprobable,reported_but_excluded_from_sign_test,none_prespecified_descriptive_summaries,descriptive_small_sample_seed_level,2,0,"{""0"":""0"",""1"":null,""2"":null,""3"":null,""4"":""0""}","[0,4]","[1,2,3]"
transition_to_post,grid_4_to_post,matched_fidelity_structural_diversity,8150,9050,trained_model_seed,5,3,2,2,1,0,0.6666666666666666666666666667,0.03717026378896882,0.04478822138965566666666666667,-0.0058368076235855,0.10303120800358368,1,two_sided_exact_sign_test_nonzero_differences,positive_and_negative_directions_are_equiprobable,reported_but_excluded_from_sign_test,none_prespecified_descriptive_summaries,descriptive_small_sample_seed_level,1,0,"{""0"":""-0.0058368076235855"",""1"":null,""2"":""0.10303120800358368"",""3"":null,""4"":""0.03717026378896882""}","[0,2,4]","[1,3]"
transition_to_post,grid_4_to_post,matched_sparsity_fidelity,8150,9050,trained_model_seed,5,2,3,1,0,1,1,0.0004698880100243,0.0004698880100243,0E-16,0.0009397760200486,1,two_sided_exact_sign_test_nonzero_differences,positive_and_negative_directions_are_equiprobable,reported_but_excluded_from_sign_test,none_prespecified_descriptive_summaries,descriptive_small_sample_seed_level,1,0,"{""0"":""0.0009397760200486"",""1"":null,""2"":null,""3"":null,""4"":""0E-16""}","[0,4]","[1,2,3]"
transition_to_post,grid_4_to_post,mean_transfer_fidelity,8150,9050,trained_model_seed,5,3,2,2,1,0,0.6666666666666666666666666667,0.0000307443499098571428571428,0.0002138872260089968253968253667,-0.0000160153841908750000000000,0.0006269327123080083333333333,1,two_sided_exact_sign_test_nonzero_differences,positive_and_negative_directions_are_equiprobable,reported_but_excluded_from_sign_test,none_prespecified_descriptive_summaries,descriptive_small_sample_seed_level,1,0,"{""0"":""0.0006269327123080083333333333"",""1"":null,""2"":""-0.0000160153841908750000000000"",""3"":null,""4"":""0.0000307443499098571428571428""}","[0,2,4]","[1,3]"
transition_to_post,grid_4_to_post,median_circuit_size,8150,9050,trained_model_seed,5,3,2,1,2,0,0.6666666666666666666666666667,-15.0,-13.66666666666666666666666667,-31,5,1,two_sided_exact_sign_test_nonzero_differences,positive_and_negative_directions_are_equiprobable,reported_but_excluded_from_sign_test,none_prespecified_descriptive_summaries,descriptive_small_sample_seed_level,1,0,"{""0"":""-15.0"",""1"":null,""2"":""-31"",""3"":null,""4"":""5""}","[0,2,4]","[1,3]"
transition_to_post,grid_4_to_post,median_pairwise_overlap,8150,9050,trained_model_seed,5,3,2,1,2,0,0.6666666666666666666666666667,-0.03717026378896882,-0.04567102199848367333333333333,-0.10303120800358368,0.00318840579710148,1,two_sided_exact_sign_test_nonzero_differences,positive_and_negative_directions_are_equiprobable,reported_but_excluded_from_sign_test,none_prespecified_descriptive_summaries,descriptive_small_sample_seed_level,1,0,"{""0"":""0.00318840579710148"",""1"":null,""2"":""-0.10303120800358368"",""3"":null,""4"":""-0.03717026378896882""}","[0,2,4]","[1,3]"
transition_to_post,grid_4_to_post,structural_family_size,8150,9050,trained_model_seed,5,5,0,1,1,3,0.5,0,1.2,-1,7,1,two_sided_exact_sign_test_nonzero_differences,positive_and_negative_directions_are_equiprobable,reported_but_excluded_from_sign_test,none_prespecified_descriptive_summaries,descriptive_small_sample_seed_level,1,0,"{""0"":""-1"",""1"":""7"",""2"":""0"",""3"":""0"",""4"":""0""}","[0,1,2,3,4]",[]
transition_to_post,grid_4_to_post,transfer_distinct_group_count,8150,9050,trained_model_seed,5,3,2,0,0,3,,0,0,0,0,,two_sided_exact_sign_test_nonzero_differences,positive_and_negative_directions_are_equiprobable,reported_but_excluded_from_sign_test,none_prespecified_descriptive_summaries,descriptive_small_sample_seed_level,1,0,"{""0"":""0"",""1"":null,""2"":""0"",""3"":null,""4"":""0""}","[0,2,4]","[1,3]"
transition_to_post,grid_5_to_post,matched_fidelity_structural_diversity,8500,9050,trained_model_seed,5,3,2,2,1,0,0.6666666666666666666666666667,0.00253837072018890,0.00214751760234741,-0.0198310916484204,0.02373527373527373,1,two_sided_exact_sign_test_nonzero_differences,positive_and_negative_directions_are_equiprobable,reported_but_excluded_from_sign_test,none_prespecified_descriptive_summaries,descriptive_small_sample_seed_level,1,0,"{""0"":""-0.0198310916484204"",""1"":null,""2"":""0.02373527373527373"",""3"":null,""4"":""0.00253837072018890""}","[0,2,4]","[1,3]"
transition_to_post,grid_5_to_post,matched_sparsity_fidelity,8500,9050,trained_model_seed,5,3,2,2,1,0,0.6666666666666666666666666667,0.00023494400501205,0.00007831466833736666666666666667,-0.0003132586733495,0.00031325867334955,1,two_sided_exact_sign_test_nonzero_differences,positive_and_negative_directions_are_equiprobable,reported_but_excluded_from_sign_test,none_prespecified_descriptive_summaries,descriptive_small_sample_seed_level,1,0,"{""0"":""0.00031325867334955"",""1"":null,""2"":""0.00023494400501205"",""3"":null,""4"":""-0.0003132586733495""}","[0,2,4]","[1,3]"
transition_to_post,grid_5_to_post,mean_transfer_fidelity,8500,9050,trained_model_seed,5,3,2,2,1,0,0.6666666666666666666666666667,0.0001491193859155642857142857,0.00009645899088284940476190476667,-0.0003910384999974565476190476,0.0005312960867304404761904762,1,two_sided_exact_sign_test_nonzero_differences,positive_and_negative_directions_are_equiprobable,reported_but_excluded_from_sign_test,none_prespecified_descriptive_summaries,descriptive_small_sample_seed_level,1,0,"{""0"":""0.0005312960867304404761904762"",""1"":null,""2"":""0.0001491193859155642857142857"",""3"":null,""4"":""-0.0003910384999974565476190476""}","[0,2,4]","[1,3]"
transition_to_post,grid_5_to_post,median_circuit_size,8500,9050,trained_model_seed,5,3,2,1,2,0,0.6666666666666666666666666667,-5.0,-2.333333333333333333333333333,-17,15.0,1,two_sided_exact_sign_test_nonzero_differences,positive_and_negative_directions_are_equiprobable,reported_but_excluded_from_sign_test,none_prespecified_descriptive_summaries,descriptive_small_sample_seed_level,1,0,"{""0"":""-5.0"",""1"":null,""2"":""-17"",""3"":null,""4"":""15.0""}","[0,2,4]","[1,3]"
transition_to_post,grid_5_to_post,median_pairwise_overlap,8500,9050,trained_model_seed,5,3,2,1,2,0,0.6666666666666666666666666667,-0.01772068511198945,-0.01197549937277522333333333333,-0.02373527373527373,0.00552946072893751,1,two_sided_exact_sign_test_nonzero_differences,positive_and_negative_directions_are_equiprobable,reported_but_excluded_from_sign_test,none_prespecified_descriptive_summaries,descriptive_small_sample_seed_level,1,0,"{""0"":""-0.01772068511198945"",""1"":null,""2"":""-0.02373527373527373"",""3"":null,""4"":""0.00552946072893751""}","[0,2,4]","[1,3]"
transition_to_post,grid_5_to_post,structural_family_size,8500,9050,trained_model_seed,5,5,0,2,1,2,0.6666666666666666666666666667,0,1.4,-1,7,1,two_sided_exact_sign_test_nonzero_differences,positive_and_negative_directions_are_equiprobable,reported_but_excluded_from_sign_test,none_prespecified_descriptive_summaries,descriptive_small_sample_seed_level,1,0,"{""0"":""-1"",""1"":""7"",""2"":""0"",""3"":""0"",""4"":""1""}","[0,1,2,3,4]",[]
transition_to_post,grid_5_to_post,transfer_distinct_group_count,8500,9050,trained_model_seed,5,3,2,0,0,3,,0,0,0,0,,two_sided_exact_sign_test_nonzero_differences,positive_and_negative_directions_are_equiprobable,reported_but_excluded_from_sign_test,none_prespecified_descriptive_summaries,descriptive_small_sample_seed_level,1,0,"{""0"":""0"",""1"":null,""2"":""0"",""3"":null,""4"":""0""}","[0,2,4]","[1,3]"
transition_to_post,grid_6_to_post,matched_fidelity_structural_diversity,8650,9050,trained_model_seed,5,3,2,2,1,0,0.6666666666666666666666666667,0.01336073997944501,0.01059437929981549333333333333,-0.00691543991783636,0.02533783783783783,1,two_sided_exact_sign_test_nonzero_differences,positive_and_negative_directions_are_equiprobable,reported_but_excluded_from_sign_test,none_prespecified_descriptive_summaries,descriptive_small_sample_seed_level,1,0,"{""0"":""-0.00691543991783636"",""1"":null,""2"":""0.02533783783783783"",""3"":null,""4"":""0.01336073997944501""}","[0,2,4]","[1,3]"
transition_to_post,grid_6_to_post,matched_sparsity_fidelity,8650,9050,trained_model_seed,5,3,2,2,1,0,0.6666666666666666666666666667,0.0003915733416869,0.0003132586733495333333333333333,-0.0000783146683374,0.0006265173466991,1,two_sided_exact_sign_test_nonzero_differences,positive_and_negative_directions_are_equiprobable,reported_but_excluded_from_sign_test,none_prespecified_descriptive_summaries,descriptive_small_sample_seed_level,1,0,"{""0"":""0.0003915733416869"",""1"":null,""2"":""-0.0000783146683374"",""3"":null,""4"":""0.0006265173466991""}","[0,2,4]","[1,3]"
transition_to_post,grid_6_to_post,mean_transfer_fidelity,8650,9050,trained_model_seed,5,3,2,3,0,0,1,0.0002168841954734601190476190,0.0002320279464399855158730158333,0.0000739042154257964285714285,0.0004052954284207000000000000,0.25,two_sided_exact_sign_test_nonzero_differences,positive_and_negative_directions_are_equiprobable,reported_but_excluded_from_sign_test,none_prespecified_descriptive_summaries,descriptive_small_sample_seed_level,1,0,"{""0"":""0.0004052954284207000000000000"",""1"":null,""2"":""0.0000739042154257964285714285"",""3"":null,""4"":""0.0002168841954734601190476190""}","[0,2,4]","[1,3]"
transition_to_post,grid_6_to_post,median_circuit_size,8650,9050,trained_model_seed,5,3,2,1,2,0,0.6666666666666666666666666667,-3.0,0.6666666666666666666666666667,-7,12.0,1,two_sided_exact_sign_test_nonzero_differences,positive_and_negative_directions_are_equiprobable,reported_but_excluded_from_sign_test,none_prespecified_descriptive_summaries,descriptive_small_sample_seed_level,1,0,"{""0"":""-3.0"",""1"":null,""2"":""-7"",""3"":null,""4"":""12.0""}","[0,2,4]","[1,3]"
transition_to_post,grid_6_to_post,median_pairwise_overlap,8650,9050,trained_model_seed,5,3,2,1,2,0,0.6666666666666666666666666667,-0.01336073997944501,-0.01059437929981549333333333333,-0.02533783783783783,0.00691543991783636,1,two_sided_exact_sign_test_nonzero_differences,positive_and_negative_directions_are_equiprobable,reported_but_excluded_from_sign_test,none_prespecified_descriptive_summaries,descriptive_small_sample_seed_level,1,0,"{""0"":""0.00691543991783636"",""1"":null,""2"":""-0.02533783783783783"",""3"":null,""4"":""-0.01336073997944501""}","[0,2,4]","[1,3]"
transition_to_post,grid_6_to_post,structural_family_size,8650,9050,trained_model_seed,5,5,0,2,0,3,1,0,1.6,0,7,0.5,two_sided_exact_sign_test_nonzero_differences,positive_and_negative_directions_are_equiprobable,reported_but_excluded_from_sign_test,none_prespecified_descriptive_summaries,descriptive_small_sample_seed_level,1,0,"{""0"":""0"",""1"":""7"",""2"":""0"",""3"":""0"",""4"":""1""}","[0,1,2,3,4]",[]
transition_to_post,grid_6_to_post,transfer_distinct_group_count,8650,9050,trained_model_seed,5,3,2,0,0,3,,0,0,0,0,,two_sided_exact_sign_test_nonzero_differences,positive_and_negative_directions_are_equiprobable,reported_but_excluded_from_sign_test,none_prespecified_descriptive_summaries,descriptive_small_sample_seed_level,1,0,"{""0"":""0"",""1"":null,""2"":""0"",""3"":null,""4"":""0""}","[0,2,4]","[1,3]"
